image_path,binary_label,sample_weight,prob_faulty,pred_binary,true_binary,pred_class,true_class,correct,threshold_used
/kaggle/working/processed/6f99bc0c-8ad3-4cdf-bd06-f6a8ba5ec071_000000025758.png,0,1.0,0.13537598,0,0,GOOD,GOOD,True,0.17822265625
/kaggle/working/processed/5bdf41c6-6942-4bae-a782-4c65bea04300_000000003241.png,1,1.0,0.90966797,1,1,FAULTY,FAULTY,True,0.17822265625
/kaggle/working/processed/f9bd3227-fab7-46a3-be3b-7dc4eecfc217_000000025228.png,0,1.0,0.029708862,0,0,GOOD,GOOD,True,0.17822265625
/kaggle/working/processed/acc28cf8-16a9-4a2b-a9e5-ce9961265ea0_000000028231.png,0,6.0,0.6088867,1,0,FAULTY,GOOD,False,0.17822265625
/kaggle/working/processed/745b41a8-1652-4dd7-931f-96f8f123901c_000000020886.png,1,1.0,1.0,1,1,FAULTY,FAULTY,True,0.17822265625
/kaggle/working/processed/122d22fa-b380-4cba-bc4b-4f9da9a206ca_000000022819.png,1,1.0,0.64746094,1,1,FAULTY,FAULTY,True,0.17822265625
/kaggle/working/processed/a428bcc8-8eeb-4b0b-b888-80d13cf8facd_000000028765.png,1,1.0,0.9951172,1,1,FAULTY,FAULTY,True,0.17822265625
/kaggle/working/processed/426a7691-901f-4c08-b54b-e9c4bc0ed906_000000028857.png,0,1.0,0.06744385,0,0,GOOD,GOOD,True,0.17822265625
/kaggle/working/processed/426a16dd-79ac-487f-8941-2bd701a3fb28_000000001543.png,0,1.0,0.10266113,0,0,GOOD,GOOD,True,0.17822265625
/kaggle/working/processed/3fde8183-f89a-47d3-95f7-0fff5c745fda_000000009102.png,1,1.0,0.97265625,1,1,FAULTY,FAULTY,True,0.17822265625
/kaggle/working/processed/bdbab68e-951e-47ca-af66-b559d78a01de_000000003626.png,1,1.0,0.9941406,1,1,FAULTY,FAULTY,True,0.17822265625
/kaggle/working/processed/f67f7e9b-ca57-4180-8b07-5cd1dda916ba_000000014176.png,1,1.0,0.7988281,1,1,FAULTY,FAULTY,True,0.17822265625
/kaggle/working/processed/fd48e7e1-6dd1-4179-8d15-bcdcd7d8267b_000000024895.png,1,1.0,0.6196289,1,1,FAULTY,FAULTY,True,0.17822265625
/kaggle/working/processed/f849e688-5526-4831-8e7d-12f1dc19b58a_000000031171.png,0,6.0,0.23144531,1,0,FAULTY,GOOD,False,0.17822265625
/kaggle/working/processed/d1892b1d-2d9e-4f89-b7a2-f953b4b4080c_000000010030.png,0,6.0,0.13452148,0,0,GOOD,GOOD,True,0.17822265625
/kaggle/working/processed/716a6e12-65fd-4382-9ff0-30473f320614_000000017877.png,1,1.0,0.9814453,1,1,FAULTY,FAULTY,True,0.17822265625
/kaggle/working/processed/fa7cc54f-93c9-4573-aff3-c2ce49a7d0fe_000000017353.png,0,6.0,0.41918945,1,0,FAULTY,GOOD,False,0.17822265625
/kaggle/working/processed/e9264581-b81f-4d92-88fe-e3bcb25b4eb3_000000015386.png,1,1.0,0.9995117,1,1,FAULTY,FAULTY,True,0.17822265625
/kaggle/working/processed/186b3961-1ecd-4390-9db8-ac565e0e3629_000000031717.png,0,1.0,0.048217773,0,0,GOOD,GOOD,True,0.17822265625
/kaggle/working/processed/76910ac1-6281-46f7-bb7a-5162c815dd61_000000029993.png,1,1.0,0.7944336,1,1,FAULTY,FAULTY,True,0.17822265625
/kaggle/working/processed/63b3f624-db15-4f21-b5f1-e38f5def1768_000000034057.png,1,1.0,0.88916016,1,1,FAULTY,FAULTY,True,0.17822265625
/kaggle/working/processed/35831d2c-2b91-4e07-93bd-592d45435cd1_000000030398.png,0,6.0,0.16101074,0,0,GOOD,GOOD,True,0.17822265625
/kaggle/working/processed/2579956c-32a7-41f9-a06e-0f6a8a27d532_000000013099.png,0,6.0,0.33422852,1,0,FAULTY,GOOD,False,0.17822265625
/kaggle/working/processed/c63220d7-c396-4eaa-9fb4-b355c13ccec8_000000012878.png,1,1.0,0.98779297,1,1,FAULTY,FAULTY,True,0.17822265625
/kaggle/working/processed/35ca0469-3143-4d10-92b2-a756f2bd9663_000000009986.png,1,1.0,1.0,1,1,FAULTY,FAULTY,True,0.17822265625
/kaggle/working/processed/e159e79d-d173-489a-b366-c588ddea4b1a_000000018883.png,0,6.0,0.14868164,0,0,GOOD,GOOD,True,0.17822265625
/kaggle/working/processed/8252af56-5c18-4f2f-b884-e17c84c8c977_000000023476.png,1,1.0,0.8618164,1,1,FAULTY,FAULTY,True,0.17822265625
/kaggle/working/processed/541ed9b4-ec0f-4fb7-9fd3-13e27b426aa9_000000024702.png,1,1.0,0.8330078,1,1,FAULTY,FAULTY,True,0.17822265625
/kaggle/working/processed/e5918c2c-dbdd-4de9-9eb1-69c47427574a_000000026163.png,1,1.0,0.7324219,1,1,FAULTY,FAULTY,True,0.17822265625
/kaggle/working/processed/07c1febc-ca56-45b6-9302-ecb87978f508_000000010121.png,0,1.0,0.024139404,0,0,GOOD,GOOD,True,0.17822265625
/kaggle/working/processed/2710c16f-e0dd-4ce7-adf3-1ac7564261f3_000000020906.png,1,1.0,1.0,1,1,FAULTY,FAULTY,True,0.17822265625
/kaggle/working/processed/baa09974-f090-4d86-a93b-93c0d7d623f1_000000023376.png,0,6.0,0.18823242,1,0,FAULTY,GOOD,False,0.17822265625
/kaggle/working/processed/67c80966-5492-4d3e-9409-8393aa0295e8_000000014770.png,1,1.0,0.90185547,1,1,FAULTY,FAULTY,True,0.17822265625
/kaggle/working/processed/612daf15-2ade-47cf-9afc-8b68a5b35498_000000023705.png,1,1.0,0.6352539,1,1,FAULTY,FAULTY,True,0.17822265625
/kaggle/working/processed/1037e714-813b-46b1-9d59-b24060272703_000000025718.png,1,1.0,0.9067383,1,1,FAULTY,FAULTY,True,0.17822265625
/kaggle/working/processed/8006b0ae-8049-4a06-8806-6eadcc767ca7_000000028614.png,1,1.0,0.9946289,1,1,FAULTY,FAULTY,True,0.17822265625
/kaggle/working/processed/27658fa6-ce4a-42eb-96bd-2c1d52c635b2_000000025487.png,0,1.0,0.12072754,0,0,GOOD,GOOD,True,0.17822265625
/kaggle/working/processed/837eeed2-5c93-4b0e-9129-851d75b99079_000000014113.png,1,1.0,1.0,1,1,FAULTY,FAULTY,True,0.17822265625
/kaggle/working/processed/21a2b86d-d3d8-446a-9b40-8a29c6522aa8_000000020204.png,0,1.0,0.013534546,0,0,GOOD,GOOD,True,0.17822265625
/kaggle/working/processed/94ab53f8-f3e2-4334-81fe-5a344763fbcd_000000017635.png,1,1.0,0.98779297,1,1,FAULTY,FAULTY,True,0.17822265625
/kaggle/working/processed/0130415c-5810-433b-a0d8-8e169c4de6db_000000024645.png,1,1.0,0.9995117,1,1,FAULTY,FAULTY,True,0.17822265625
/kaggle/working/processed/c57b52b8-2dc2-4746-a3aa-400495c24447_000000023572.png,0,6.0,0.8046875,1,0,FAULTY,GOOD,False,0.17822265625
/kaggle/working/processed/790aec32-98fb-4113-a55b-2ee17c260506_000000020273.png,0,6.0,0.33081055,1,0,FAULTY,GOOD,False,0.17822265625
/kaggle/working/processed/6da34dbc-d4e3-4940-9187-72b0d89c7cd5_000000024083.png,1,1.0,0.4633789,1,1,FAULTY,FAULTY,True,0.17822265625
/kaggle/working/processed/b75f4440-349d-4986-9bf9-18cd85b89c5d_000000002721.png,1,1.0,0.99902344,1,1,FAULTY,FAULTY,True,0.17822265625
/kaggle/working/processed/3fc9ef0d-e64d-4e70-85cf-81bb29c19ce2_000000006783.png,0,1.0,0.107421875,0,0,GOOD,GOOD,True,0.17822265625
/kaggle/working/processed/1b9148a8-a3ad-472b-bfbc-05dc4d66979c_000000017524.png,1,1.0,0.7109375,1,1,FAULTY,FAULTY,True,0.17822265625
/kaggle/working/processed/f1588e72-f7ff-4fc6-b163-3368a09701c9_000000007473.png,1,1.0,0.9975586,1,1,FAULTY,FAULTY,True,0.17822265625
/kaggle/working/processed/bec36490-f4df-4f26-a53a-bde01330c0e4_000000015805.png,1,1.0,0.9946289,1,1,FAULTY,FAULTY,True,0.17822265625
/kaggle/working/processed/80b98870-5ce8-4be3-b771-eaa322e0a019_000000000686.png,0,1.0,0.061645508,0,0,GOOD,GOOD,True,0.17822265625
/kaggle/working/processed/c7de4254-47bf-4d44-96ab-be2993d17059_000000000721.png,1,1.0,0.8540039,1,1,FAULTY,FAULTY,True,0.17822265625
/kaggle/working/processed/def5ce8a-33da-4adf-acc7-207611e46731_000000033251.png,1,1.0,0.8828125,1,1,FAULTY,FAULTY,True,0.17822265625
/kaggle/working/processed/faf04aa2-e3e2-4375-8afc-8eb754199aae_000000021601.png,1,1.0,0.9892578,1,1,FAULTY,FAULTY,True,0.17822265625
/kaggle/working/processed/83409138-2057-48cc-a6b6-d2a9a977286b_000000023059.png,1,1.0,0.99853516,1,1,FAULTY,FAULTY,True,0.17822265625
/kaggle/working/processed/c48c3476-f3ad-431b-90cb-37bc3fc5efde_000000027291.png,0,1.0,0.090270996,0,0,GOOD,GOOD,True,0.17822265625
/kaggle/working/processed/f5321424-c604-426f-9360-8b5403896009_000000029023.png,0,6.0,0.18847656,1,0,FAULTY,GOOD,False,0.17822265625
/kaggle/working/processed/342594ec-4579-4b61-85f5-65f8483d981c_000000018209.png,0,6.0,0.2680664,1,0,FAULTY,GOOD,False,0.17822265625
/kaggle/working/processed/5e579e8c-5106-4c3b-874d-4f07a16a1698_000000008491.png,0,6.0,0.2043457,1,0,FAULTY,GOOD,False,0.17822265625
/kaggle/working/processed/5545a0aa-d4e9-488e-b24f-8328478f1fe7_000000022314.png,1,1.0,0.32250977,1,1,FAULTY,FAULTY,True,0.17822265625
/kaggle/working/processed/2685d48e-c602-4ff3-bd0f-9f0c62d1c57c_000000029215.png,0,1.0,0.1005249,0,0,GOOD,GOOD,True,0.17822265625
/kaggle/working/processed/c707fc2c-b36c-419a-a451-ceb746d27b0e_000000034094.png,1,1.0,0.98876953,1,1,FAULTY,FAULTY,True,0.17822265625
/kaggle/working/processed/178b9ba1-9fc9-492b-8895-e9e5a1388992_000000033504.png,1,1.0,0.9941406,1,1,FAULTY,FAULTY,True,0.17822265625
/kaggle/working/processed/5378f789-0757-41a6-a2ab-e4abb53acadc_000000018978.png,1,1.0,0.99902344,1,1,FAULTY,FAULTY,True,0.17822265625
/kaggle/working/processed/1dee93e6-92ea-4508-ac8b-a9cd541c80b4_000000013813.png,1,1.0,0.9975586,1,1,FAULTY,FAULTY,True,0.17822265625
/kaggle/working/processed/ca44d14a-0692-42c6-b568-e67d094a96bf_000000002742.png,1,1.0,1.0,1,1,FAULTY,FAULTY,True,0.17822265625
/kaggle/working/processed/9dec1fae-4ea1-4583-8772-4510619456dc_000000016643.png,0,6.0,0.6411133,1,0,FAULTY,GOOD,False,0.17822265625
/kaggle/working/processed/0d6a287c-e358-431f-96e7-73f8c19aefb0_000000032955.png,0,6.0,0.15026855,0,0,GOOD,GOOD,True,0.17822265625
/kaggle/working/processed/5ecc7d6d-0d35-4547-a830-cff55ae64845_000000008538.png,1,1.0,0.9970703,1,1,FAULTY,FAULTY,True,0.17822265625
/kaggle/working/processed/d727994d-aab1-4cbf-99e4-f02d468a097d_000000027768.png,0,1.0,0.041534424,0,0,GOOD,GOOD,True,0.17822265625
/kaggle/working/processed/faaddaab-90f7-40cb-9e0f-6860e0f214a6_000000026567.png,1,1.0,0.7573242,1,1,FAULTY,FAULTY,True,0.17822265625
/kaggle/working/processed/96448e5a-22c5-4bef-bf31-0f719927aea0_000000012055.png,0,6.0,0.31640625,1,0,FAULTY,GOOD,False,0.17822265625
/kaggle/working/processed/108d95b5-6f83-4b87-8c95-f96241e503b2_000000001109.png,1,1.0,0.9995117,1,1,FAULTY,FAULTY,True,0.17822265625
/kaggle/working/processed/27b243ce-01e9-461f-85bf-49237432ed25_000000016538.png,0,6.0,0.32104492,1,0,FAULTY,GOOD,False,0.17822265625
/kaggle/working/processed/f1be3391-d1eb-417f-a87f-fc9cb543a7ce_000000001295.png,0,6.0,0.1237793,0,0,GOOD,GOOD,True,0.17822265625
/kaggle/working/processed/8613969f-dfd3-40f5-9dcc-e18dadb19cbe_000000001141.png,0,1.0,0.11578369,0,0,GOOD,GOOD,True,0.17822265625
/kaggle/working/processed/670949eb-4a82-4c9a-8e49-8712cba15d91_000000025859.png,1,1.0,0.38232422,1,1,FAULTY,FAULTY,True,0.17822265625
/kaggle/working/processed/b35c5ea7-ccff-4cfd-ad9d-e26af1b2b9fa_000000025151.png,0,1.0,0.14379883,0,0,GOOD,GOOD,True,0.17822265625
/kaggle/working/processed/611716a6-1202-4701-a615-d541ccad0ee5_000000025763.png,1,1.0,0.99902344,1,1,FAULTY,FAULTY,True,0.17822265625
/kaggle/working/processed/3b7f048f-b9c6-42b4-b971-26d2217b210f_000000024127.png,0,1.0,0.07342529,0,0,GOOD,GOOD,True,0.17822265625
/kaggle/working/processed/478c417e-3093-40f5-8ba2-0f63404b78ce_000000012986.png,1,1.0,0.9995117,1,1,FAULTY,FAULTY,True,0.17822265625
/kaggle/working/processed/247aea99-b0a7-475e-933f-6c68e9bf8578_000000022044.png,1,1.0,0.9995117,1,1,FAULTY,FAULTY,True,0.17822265625
/kaggle/working/processed/8dc2c5f8-4f23-4897-9667-d73dfc35b56d_000000027011.png,1,1.0,1.0,1,1,FAULTY,FAULTY,True,0.17822265625
/kaggle/working/processed/cc327e55-041b-4480-b5a6-82238d4dfa67_000000010352.png,1,1.0,0.6542969,1,1,FAULTY,FAULTY,True,0.17822265625
/kaggle/working/processed/24452e40-b495-4362-9b03-cbf8388f40d8_000000008891.png,0,1.0,0.115356445,0,0,GOOD,GOOD,True,0.17822265625
/kaggle/working/processed/3994c4fc-4b5e-4950-9bcc-14737cdfa6d5_000000032134.png,1,1.0,0.99316406,1,1,FAULTY,FAULTY,True,0.17822265625
/kaggle/working/processed/9315e533-9519-4e5c-91b4-2207171c456a_000000030482.png,1,1.0,0.9995117,1,1,FAULTY,FAULTY,True,0.17822265625
/kaggle/working/processed/ea9593d2-2339-4cf1-979c-aafbf921788f_000000023684.png,0,1.0,0.09106445,0,0,GOOD,GOOD,True,0.17822265625
/kaggle/working/processed/8363b9f4-e5a8-4dfd-93aa-d2a4dce270d3_000000020810.png,1,1.0,0.9794922,1,1,FAULTY,FAULTY,True,0.17822265625
/kaggle/working/processed/67812585-1349-42ce-9e7e-b0d53d87e116_000000020110.png,1,1.0,0.99853516,1,1,FAULTY,FAULTY,True,0.17822265625
/kaggle/working/processed/14f81902-1ad4-4df7-beec-16b1100a91f7_000000024568.png,0,1.0,0.11340332,0,0,GOOD,GOOD,True,0.17822265625
/kaggle/working/processed/146708ef-08ed-48c6-a3b0-256f01d9f0f6_000000029732.png,1,1.0,0.9477539,1,1,FAULTY,FAULTY,True,0.17822265625
/kaggle/working/processed/7b9b4938-f668-40a9-b7e0-6a77df558fac_000000028548.png,1,1.0,0.63134766,1,1,FAULTY,FAULTY,True,0.17822265625
/kaggle/working/processed/1e7610a4-2b6e-4260-8162-0c2983e51e18_000000034289.png,1,1.0,1.0,1,1,FAULTY,FAULTY,True,0.17822265625
/kaggle/working/processed/1ed1d22c-0aa1-45e0-821f-0f1e5957355d_000000004670.png,0,1.0,0.04345703,0,0,GOOD,GOOD,True,0.17822265625
/kaggle/working/processed/765f5c98-a674-48c8-b9c2-9a95176b66d4_000000028978.png,0,1.0,0.07409668,0,0,GOOD,GOOD,True,0.17822265625
/kaggle/working/processed/f3eb0f00-8acf-4c9d-8921-373d6f26c7e9_000000029507.png,1,1.0,0.28442383,1,1,FAULTY,FAULTY,True,0.17822265625
/kaggle/working/processed/b4e8abf4-9783-4a89-b982-eb48e9aa3e6c_000000019773.png,1,1.0,0.92285156,1,1,FAULTY,FAULTY,True,0.17822265625
/kaggle/working/processed/212f1e20-6648-43b6-98d0-652eed8f9c5a_000000033424.png,1,1.0,1.0,1,1,FAULTY,FAULTY,True,0.17822265625
/kaggle/working/processed/65da6171-5303-48a5-b003-3c83b031aac6_000000024558.png,1,1.0,0.5991211,1,1,FAULTY,FAULTY,True,0.17822265625
/kaggle/working/processed/20453069-b9e4-4474-9d69-3b2fb9d08c87_000000031373.png,0,6.0,0.40283203,1,0,FAULTY,GOOD,False,0.17822265625
/kaggle/working/processed/c1e3899c-bd2f-4ef6-b87b-18fc62dad07f_000000022327.png,1,1.0,0.30322266,1,1,FAULTY,FAULTY,True,0.17822265625
/kaggle/working/processed/456ff2d1-9051-4df7-b566-d51ce4200daf_000000000185.png,1,1.0,0.7973633,1,1,FAULTY,FAULTY,True,0.17822265625
/kaggle/working/processed/2a720fb5-753e-4c0e-a537-1e76d02f8367_000000023184.png,0,1.0,0.06188965,0,0,GOOD,GOOD,True,0.17822265625
/kaggle/working/processed/39fdeaa0-c2e2-40b9-bcb7-6ae8f655b25e_000000001326.png,1,1.0,0.9873047,1,1,FAULTY,FAULTY,True,0.17822265625
/kaggle/working/processed/879e8165-7de7-48b5-9e1b-af485407d565_000000000699.png,1,1.0,0.9941406,1,1,FAULTY,FAULTY,True,0.17822265625
/kaggle/working/processed/8301ca03-ae2d-491a-aa90-7a04791e4a95_000000011643.png,1,1.0,0.99853516,1,1,FAULTY,FAULTY,True,0.17822265625
/kaggle/working/processed/4e25587b-363d-4170-9ef7-f2e0ec62a451_000000034199.png,1,1.0,0.98535156,1,1,FAULTY,FAULTY,True,0.17822265625
/kaggle/working/processed/10060f5b-ceb4-4c0e-9381-d6314a16af18_000000006522.png,0,6.0,0.20483398,1,0,FAULTY,GOOD,False,0.17822265625
/kaggle/working/processed/6b5733df-a948-479f-934f-35bd4c6bb620_000000022829.png,0,6.0,0.21765137,1,0,FAULTY,GOOD,False,0.17822265625
/kaggle/working/processed/4073e10e-2bff-41b2-b042-b8e385eadbd4_000000027064.png,0,6.0,0.20227051,1,0,FAULTY,GOOD,False,0.17822265625
/kaggle/working/processed/c9018e1c-4381-4568-b067-4748d7f47f4b_000000003762.png,0,6.0,0.13378906,0,0,GOOD,GOOD,True,0.17822265625
/kaggle/working/processed/df001d1a-f032-49b3-8191-fcd0f4f7625c_000000009542.png,1,1.0,0.92529297,1,1,FAULTY,FAULTY,True,0.17822265625
/kaggle/working/processed/4cdb78c5-f3e1-4b4c-987f-0be6fa7ce54d_000000018244.png,0,6.0,0.13793945,0,0,GOOD,GOOD,True,0.17822265625
/kaggle/working/processed/041e25ad-f374-4628-9d0c-8d2357be8b98_000000023564.png,1,1.0,0.9995117,1,1,FAULTY,FAULTY,True,0.17822265625
/kaggle/working/processed/73847585-5d7d-4eb1-a203-d5a28e3198b6_000000017856.png,1,1.0,0.9794922,1,1,FAULTY,FAULTY,True,0.17822265625
/kaggle/working/processed/94158a3b-9945-4652-a0a3-02ad135ff363_000000030060.png,0,1.0,0.14257812,0,0,GOOD,GOOD,True,0.17822265625
/kaggle/working/processed/f0eab696-9a88-417c-971d-139c1dc8bd19_000000031184.png,1,1.0,0.9995117,1,1,FAULTY,FAULTY,True,0.17822265625
/kaggle/working/processed/8794a004-d110-4400-a8db-c40e2c531f8a_000000016351.png,1,1.0,1.0,1,1,FAULTY,FAULTY,True,0.17822265625
/kaggle/working/processed/8ea8b5ec-0123-47b9-845e-fc53190300bb_000000023698.png,1,1.0,0.7553711,1,1,FAULTY,FAULTY,True,0.17822265625
/kaggle/working/processed/82652ad7-1c38-40ee-87dd-5240fa99403a_000000032453.png,1,1.0,0.9770508,1,1,FAULTY,FAULTY,True,0.17822265625
/kaggle/working/processed/271325a2-64e3-449f-8d21-5dbf3320d045_000000034224.png,0,6.0,0.12011719,0,0,GOOD,GOOD,True,0.17822265625
/kaggle/working/processed/8f3aa885-7893-4f4b-9280-1d5568b01c76_000000002138.png,0,1.0,0.13317871,0,0,GOOD,GOOD,True,0.17822265625
/kaggle/working/processed/7e415cd8-ed9c-4f31-a8dd-aca263fe4bee_000000023452.png,1,1.0,0.66552734,1,1,FAULTY,FAULTY,True,0.17822265625
/kaggle/working/processed/7d36f271-2577-44a2-9c8c-9cc2b001264d_000000021906.png,1,1.0,0.9741211,1,1,FAULTY,FAULTY,True,0.17822265625
/kaggle/working/processed/57efba59-dc59-499f-9afc-332b15b6ec77_000000026060.png,1,1.0,1.0,1,1,FAULTY,FAULTY,True,0.17822265625
/kaggle/working/processed/f88e3f14-acdd-4777-8c43-4033e625cd65_000000028619.png,1,1.0,1.0,1,1,FAULTY,FAULTY,True,0.17822265625
/kaggle/working/processed/94e7ffe8-f899-47d2-97d8-1294f372bc7b_000000012053.png,1,1.0,0.93847656,1,1,FAULTY,FAULTY,True,0.17822265625
/kaggle/working/processed/8abc3837-e84d-4134-97bb-4f006e5c484b_000000005924.png,1,1.0,1.0,1,1,FAULTY,FAULTY,True,0.17822265625
/kaggle/working/processed/7801aceb-b742-4920-a1c0-da0848728f6c_000000032926.png,0,1.0,0.036834717,0,0,GOOD,GOOD,True,0.17822265625
/kaggle/working/processed/51901fbc-f521-4063-b23c-2c96c5ecae1a_000000000483.png,0,6.0,0.16320801,0,0,GOOD,GOOD,True,0.17822265625
/kaggle/working/processed/1c6f18b4-2dcf-4cc8-bed9-ce32b40c5d39_000000013853.png,1,1.0,0.99853516,1,1,FAULTY,FAULTY,True,0.17822265625
/kaggle/working/processed/36c30050-bc18-4302-aad1-1f934497e51e_000000023422.png,1,1.0,1.0,1,1,FAULTY,FAULTY,True,0.17822265625
/kaggle/working/processed/09a22edf-12ee-44d0-a4a7-23e1954a2659_000000003198.png,1,1.0,1.0,1,1,FAULTY,FAULTY,True,0.17822265625
/kaggle/working/processed/08d47fc1-e3e4-4b9f-894f-6ec08f71ecad_000000000906.png,0,1.0,0.09844971,0,0,GOOD,GOOD,True,0.17822265625
/kaggle/working/processed/9901cd5d-88c2-4fee-a05c-555daddd5035_000000033646.png,1,1.0,0.6748047,1,1,FAULTY,FAULTY,True,0.17822265625
/kaggle/working/processed/adb76005-6fe5-4e15-8252-0e6739b0eeae_000000014910.png,1,1.0,0.95947266,1,1,FAULTY,FAULTY,True,0.17822265625
/kaggle/working/processed/ffd62dc2-95e4-4937-ac0a-e4b4b4b53c58_000000007429.png,0,1.0,0.07196045,0,0,GOOD,GOOD,True,0.17822265625
/kaggle/working/processed/78a5aeb7-fc7a-431f-86a4-decf45c04b82_000000027537.png,0,6.0,0.06359863,0,0,GOOD,GOOD,True,0.17822265625
/kaggle/working/processed/e9b16b81-d0ef-49d4-a68b-1266b8121e7a_000000024016.png,1,1.0,0.93066406,1,1,FAULTY,FAULTY,True,0.17822265625
/kaggle/working/processed/600ea668-781c-48df-b1d5-e43a49664203_000000003239.png,1,1.0,0.9873047,1,1,FAULTY,FAULTY,True,0.17822265625
/kaggle/working/processed/9ac488ab-e354-428a-b2ca-7b9765057a93_000000016187.png,0,1.0,0.12817383,0,0,GOOD,GOOD,True,0.17822265625
/kaggle/working/processed/97d13972-c892-4e37-83ff-4cec64e604a3_000000007894.png,1,1.0,0.96875,1,1,FAULTY,FAULTY,True,0.17822265625
/kaggle/working/processed/41af4bc1-6701-47ab-afbf-fcbedd4c0941_000000016466.png,0,1.0,0.13061523,0,0,GOOD,GOOD,True,0.17822265625
/kaggle/working/processed/375512ae-20b7-4a7a-bf4c-ebb4cfdfbd40_000000001077.png,0,1.0,0.12719727,0,0,GOOD,GOOD,True,0.17822265625
/kaggle/working/processed/dc4057d4-f95e-4382-8287-7376172e1980_000000022478.png,1,1.0,0.43774414,1,1,FAULTY,FAULTY,True,0.17822265625
/kaggle/working/processed/415de1fa-cc54-46d9-be48-04e494a21290_000000005460.png,0,6.0,0.24902344,1,0,FAULTY,GOOD,False,0.17822265625
/kaggle/working/processed/a4f2f116-3b12-4e67-9b35-5d716351a0fa_000000000271.png,0,6.0,0.2524414,1,0,FAULTY,GOOD,False,0.17822265625
/kaggle/working/processed/b5545083-fc9e-4bc8-9fe8-8f6d0e855fe2_000000023355.png,0,6.0,0.43286133,1,0,FAULTY,GOOD,False,0.17822265625
/kaggle/working/processed/3e9d80ae-4339-42fa-aea2-3589ec6aeb32_000000027682.png,1,1.0,0.98535156,1,1,FAULTY,FAULTY,True,0.17822265625
/kaggle/working/processed/2e641b1d-74cf-4838-a98c-091206e17ea2_000000011446.png,1,1.0,0.81591797,1,1,FAULTY,FAULTY,True,0.17822265625
/kaggle/working/processed/d69ce801-f884-4fe2-aeb2-e4ed287b5896_000000031305.png,1,1.0,1.0,1,1,FAULTY,FAULTY,True,0.17822265625
/kaggle/working/processed/712cbb20-b4d9-468a-9c07-d78de4b2a3ed_000000035321.png,1,1.0,0.21057129,1,1,FAULTY,FAULTY,True,0.17822265625
/kaggle/working/processed/75b97644-c8d2-4759-863f-29ff0b0532e0_000000035211.png,1,1.0,0.99365234,1,1,FAULTY,FAULTY,True,0.17822265625
/kaggle/working/processed/c6456cfd-1d53-4848-8e99-f1f03c8397fc_000000010603.png,0,1.0,0.171875,0,0,GOOD,GOOD,True,0.17822265625
/kaggle/working/processed/d4402985-c4bb-4a4c-85d6-73dc8db14c7e_000000028507.png,1,1.0,0.9916992,1,1,FAULTY,FAULTY,True,0.17822265625
/kaggle/working/processed/0ade40b9-b250-4c37-a4a4-0c50a81b6b62_000000023274.png,1,1.0,1.0,1,1,FAULTY,FAULTY,True,0.17822265625
/kaggle/working/processed/2774193d-8f6b-4334-bb4a-71e90b2d5ef7_000000022555.png,1,1.0,0.890625,1,1,FAULTY,FAULTY,True,0.17822265625
/kaggle/working/processed/93f5af07-ea61-44e2-8d8a-9360ad8d61f3_000000022876.png,1,1.0,0.9873047,1,1,FAULTY,FAULTY,True,0.17822265625
/kaggle/working/processed/90a4ab1a-9511-4e67-afe4-18daf0c6b051_000000034147.png,1,1.0,0.99609375,1,1,FAULTY,FAULTY,True,0.17822265625
/kaggle/working/processed/eeeafd8f-2d0e-441e-bb8e-9c45ea9b4f31_000000019434.png,0,6.0,0.15124512,0,0,GOOD,GOOD,True,0.17822265625
/kaggle/working/processed/a1007a17-cdc9-4d4f-97f2-18c91cec5a27_000000029364.png,0,6.0,0.43481445,1,0,FAULTY,GOOD,False,0.17822265625
/kaggle/working/processed/1ad44b09-420e-45bf-8473-9d3f91a5aeee_000000002471.png,0,6.0,0.25585938,1,0,FAULTY,GOOD,False,0.17822265625
/kaggle/working/processed/24472ebd-a144-47c7-9568-cd8199f6fc45_000000030298.png,0,6.0,0.32055664,1,0,FAULTY,GOOD,False,0.17822265625
/kaggle/working/processed/c2ae0817-3cf3-4d3e-9340-a071515d6c02_000000004088.png,1,1.0,1.0,1,1,FAULTY,FAULTY,True,0.17822265625
/kaggle/working/processed/9b187408-af27-4574-8b8c-900587c29eb5_000000022362.png,1,1.0,1.0,1,1,FAULTY,FAULTY,True,0.17822265625
/kaggle/working/processed/9ce04565-02ed-46fd-9cda-27fd6b406b83_000000002266.png,1,1.0,0.9765625,1,1,FAULTY,FAULTY,True,0.17822265625
/kaggle/working/processed/1fb5ffaa-e443-4b1d-a390-24ac7c1578ae_000000034278.png,1,1.0,1.0,1,1,FAULTY,FAULTY,True,0.17822265625
/kaggle/working/processed/b3557ddd-c0a5-4f62-bb9a-a9ab9990fcfb_000000027236.png,0,6.0,0.18225098,1,0,FAULTY,GOOD,False,0.17822265625
/kaggle/working/processed/c37b2c8c-fe5d-403b-b906-37492d54d905_000000025510.png,1,1.0,0.96972656,1,1,FAULTY,FAULTY,True,0.17822265625
/kaggle/working/processed/a8579bf4-1770-42d6-bbc3-e2c564b3c048_000000011907.png,1,4.0,0.28637695,1,1,FAULTY,FAULTY,True,0.17822265625
/kaggle/working/processed/5fc6d8c1-6154-453a-93c9-a0fa4240143e_000000012562.png,0,6.0,0.27685547,1,0,FAULTY,GOOD,False,0.17822265625
/kaggle/working/processed/16637feb-6ef4-4d8d-acc1-19b9a2bef500_000000028108.png,0,1.0,0.019119263,0,0,GOOD,GOOD,True,0.17822265625
/kaggle/working/processed/803b7fc5-599e-4b1d-a40a-ed92d3e0e87a_000000011692.png,0,1.0,0.17480469,0,0,GOOD,GOOD,True,0.17822265625
/kaggle/working/processed/6e7867e2-c29e-4647-be19-4f699b41d332_000000029919.png,1,1.0,0.9941406,1,1,FAULTY,FAULTY,True,0.17822265625
/kaggle/working/processed/454e0ad3-6c82-42fe-b352-d49d9d6f9d25_000000015074.png,1,4.0,0.18859863,1,1,FAULTY,FAULTY,True,0.17822265625
/kaggle/working/processed/6fe0f991-294a-465c-80ec-7170a935e679_000000028569.png,1,1.0,0.75683594,1,1,FAULTY,FAULTY,True,0.17822265625
/kaggle/working/processed/2cf5490e-64d6-4bee-b9a9-9abeac74afde_000000028893.png,1,1.0,0.58691406,1,1,FAULTY,FAULTY,True,0.17822265625
/kaggle/working/processed/85d4c7e4-c14e-41de-b2d7-91931301e3e1_000000015550.png,1,1.0,1.0,1,1,FAULTY,FAULTY,True,0.17822265625
/kaggle/working/processed/28c53905-fc90-4c2a-b024-687eb365d80e_000000029682.png,0,6.0,0.37451172,1,0,FAULTY,GOOD,False,0.17822265625
/kaggle/working/processed/e01f07e8-f0f6-432f-8f42-c3a2f3d8de86_000000033979.png,1,1.0,0.91015625,1,1,FAULTY,FAULTY,True,0.17822265625
/kaggle/working/processed/fdbc8c23-23bd-4f55-ad73-99d165c1e4f5_000000023943.png,1,1.0,1.0,1,1,FAULTY,FAULTY,True,0.17822265625
/kaggle/working/processed/2f1b59c2-1974-4370-ac86-b45b8af2a523_000000005545.png,1,1.0,0.9995117,1,1,FAULTY,FAULTY,True,0.17822265625
/kaggle/working/processed/3d3fb5fe-b876-46b4-92ef-6b69ff09c43e_000000022565.png,1,1.0,0.50683594,1,1,FAULTY,FAULTY,True,0.17822265625
/kaggle/working/processed/150f5dc7-37ef-4d6a-9a25-1c862a5938a1_000000014472.png,0,1.0,0.07318115,0,0,GOOD,GOOD,True,0.17822265625
/kaggle/working/processed/e5dce5e3-b5bf-4dab-85cc-b207cff5205d_000000025503.png,0,1.0,0.11932373,0,0,GOOD,GOOD,True,0.17822265625
/kaggle/working/processed/5b658983-5871-436d-97ca-c52fe47cc406_000000027046.png,0,6.0,0.2286377,1,0,FAULTY,GOOD,False,0.17822265625
/kaggle/working/processed/9e96c2bc-d83e-43f3-b56a-4fe7921291d4_000000025286.png,1,1.0,1.0,1,1,FAULTY,FAULTY,True,0.17822265625
/kaggle/working/processed/90179106-a438-4b8b-8ab3-a61a65eb9a72_000000026558.png,1,1.0,0.9301758,1,1,FAULTY,FAULTY,True,0.17822265625
/kaggle/working/processed/c8d8e2f0-dd30-4fc9-8a94-5b2e2c3ba28c_000000001154.png,1,1.0,0.17883301,1,1,FAULTY,FAULTY,True,0.17822265625
/kaggle/working/processed/a18e06c7-c6c9-4871-8022-a5830ffd5b93_000000034080.png,0,1.0,0.06695557,0,0,GOOD,GOOD,True,0.17822265625
/kaggle/working/processed/b7698547-f247-42d3-890a-e401482a1d53_000000029368.png,0,1.0,0.13134766,0,0,GOOD,GOOD,True,0.17822265625
/kaggle/working/processed/6e485415-a6a1-4537-b544-0de069ddc966_000000004688.png,1,1.0,0.99902344,1,1,FAULTY,FAULTY,True,0.17822265625
/kaggle/working/processed/ed794769-e33b-4ebc-86d0-af5090725e6d_000000002058.png,0,1.0,0.013900757,0,0,GOOD,GOOD,True,0.17822265625
/kaggle/working/processed/5faf8ca3-8aae-4ab4-adb3-4369fed1514c_000000015051.png,1,1.0,1.0,1,1,FAULTY,FAULTY,True,0.17822265625
/kaggle/working/processed/bac4a29b-777f-418e-aa99-3d3a5d24d979_000000021511.png,1,1.0,1.0,1,1,FAULTY,FAULTY,True,0.17822265625
/kaggle/working/processed/25c3e366-3ac5-4b53-bd6f-1ac8de394cde_000000022796.png,1,4.0,0.2142334,1,1,FAULTY,FAULTY,True,0.17822265625
/kaggle/working/processed/017f25f1-4d83-45a1-be86-02ed1b566101_000000004883.png,0,6.0,0.24621582,1,0,FAULTY,GOOD,False,0.17822265625
/kaggle/working/processed/630b01b2-d1a5-4090-8650-13ba7ac148a4_000000002701.png,1,1.0,0.75439453,1,1,FAULTY,FAULTY,True,0.17822265625
/kaggle/working/processed/8b1bf1bd-1e70-48fc-9165-e4d807592b62_000000013157.png,0,1.0,0.06964111,0,0,GOOD,GOOD,True,0.17822265625
/kaggle/working/processed/8f62184c-8571-4091-ae99-f3b3cdc23501_000000020431.png,1,1.0,0.96435547,1,1,FAULTY,FAULTY,True,0.17822265625
/kaggle/working/processed/ea0e6c36-7a0a-4b68-a439-4dfccffc822c_000000013954.png,1,1.0,1.0,1,1,FAULTY,FAULTY,True,0.17822265625
/kaggle/working/processed/299cf890-882f-4d85-a1f0-7c33c585b09f_000000021341.png,0,1.0,0.095703125,0,0,GOOD,GOOD,True,0.17822265625
/kaggle/working/processed/49fffeb9-1814-4f06-93a7-1646488a3d2f_000000032836.png,0,1.0,0.1171875,0,0,GOOD,GOOD,True,0.17822265625
/kaggle/working/processed/f6213d2e-8dc5-43e2-b15e-e24d525d6651_000000006010.png,0,6.0,0.80322266,1,0,FAULTY,GOOD,False,0.17822265625
/kaggle/working/processed/b8a7d1f2-21e1-4f52-880a-14261bc2828a_000000028530.png,1,1.0,0.94677734,1,1,FAULTY,FAULTY,True,0.17822265625
/kaggle/working/processed/96c630f8-6fb0-4be6-875f-08b782f518aa_000000032036.png,1,1.0,0.625,1,1,FAULTY,FAULTY,True,0.17822265625
/kaggle/working/processed/34766093-412d-4033-ac5a-b66af47cc040_000000002378.png,1,1.0,0.9995117,1,1,FAULTY,FAULTY,True,0.17822265625
/kaggle/working/processed/59807c07-a417-4c88-bf9c-47435bc01718_000000006978.png,1,1.0,0.8129883,1,1,FAULTY,FAULTY,True,0.17822265625
/kaggle/working/processed/a80d7ca5-7b9a-4edd-81cb-117dccaaa2f9_000000032875.png,0,1.0,0.22717285,1,0,FAULTY,GOOD,False,0.17822265625
/kaggle/working/processed/a9d1dd5c-95e0-47ae-b124-d919aa71cebe_000000016769.png,1,1.0,0.8256836,1,1,FAULTY,FAULTY,True,0.17822265625
/kaggle/working/processed/6c4a6c05-5981-471e-ae5d-a90be5c59f97_000000018590.png,1,1.0,0.5703125,1,1,FAULTY,FAULTY,True,0.17822265625
/kaggle/working/processed/d0bdf452-afe7-42fe-a807-931388ba9652_000000032548.png,1,1.0,0.99609375,1,1,FAULTY,FAULTY,True,0.17822265625
/kaggle/working/processed/172947f0-eca3-467a-8fe5-eb00d401926b_000000029728.png,1,1.0,0.9633789,1,1,FAULTY,FAULTY,True,0.17822265625
/kaggle/working/processed/d13cdecc-2456-43dd-98ea-97ad256b3f68_000000035019.png,0,6.0,0.19909668,1,0,FAULTY,GOOD,False,0.17822265625
/kaggle/working/processed/64edaad7-08ff-42f4-9791-6a588283a004_000000008045.png,1,1.0,0.96240234,1,1,FAULTY,FAULTY,True,0.17822265625
/kaggle/working/processed/e69417ae-dcee-49a3-bb9d-c7b59c974bec_000000034090.png,1,1.0,0.96191406,1,1,FAULTY,FAULTY,True,0.17822265625
/kaggle/working/processed/1c5a8cb4-b15f-4f4e-864d-d5edb77e0020_000000010665.png,0,6.0,0.20947266,1,0,FAULTY,GOOD,False,0.17822265625
/kaggle/working/processed/4144f64d-6c96-4ad1-aed1-f30e97adb3c8_000000027091.png,1,1.0,1.0,1,1,FAULTY,FAULTY,True,0.17822265625
/kaggle/working/processed/8f297324-02ed-4f96-b54e-238e9d7c17f1_000000014823.png,0,1.0,0.07434082,0,0,GOOD,GOOD,True,0.17822265625
/kaggle/working/processed/f4cda22d-727d-4818-b568-d3be87319fde_000000011521.png,1,1.0,0.9995117,1,1,FAULTY,FAULTY,True,0.17822265625
/kaggle/working/processed/825ce52c-c9a5-444a-b010-6122f5b0acf6_000000035043.png,1,1.0,0.9975586,1,1,FAULTY,FAULTY,True,0.17822265625
/kaggle/working/processed/9fede90d-3c23-4ab6-b951-31a4712096f3_000000018148.png,1,1.0,1.0,1,1,FAULTY,FAULTY,True,0.17822265625
/kaggle/working/processed/bb2a7c07-d101-4703-a0ee-fcfe0bef8f8f_000000016891.png,1,1.0,1.0,1,1,FAULTY,FAULTY,True,0.17822265625
/kaggle/working/processed/e430b4fb-71db-4849-8cee-8c3d7d1e3e75_000000013189.png,1,1.0,0.98095703,1,1,FAULTY,FAULTY,True,0.17822265625
/kaggle/working/processed/1b351378-8015-4f07-a67c-70fcb45a0abf_000000010201.png,1,1.0,0.9980469,1,1,FAULTY,FAULTY,True,0.17822265625
/kaggle/working/processed/a4ae8716-c026-461d-bac5-290fb2d8eeaa_000000006024.png,1,1.0,1.0,1,1,FAULTY,FAULTY,True,0.17822265625
/kaggle/working/processed/b82b453c-7bc8-4b66-8499-44f7eacd4ff8_000000014397.png,0,1.0,0.14428711,0,0,GOOD,GOOD,True,0.17822265625
/kaggle/working/processed/4ce99f87-adf4-4ba4-9420-f259e7eed99c_000000009481.png,0,6.0,0.13024902,0,0,GOOD,GOOD,True,0.17822265625
/kaggle/working/processed/1e065a74-f27d-4fb3-9e0c-4ede0f71da0e_000000022120.png,1,1.0,0.91064453,1,1,FAULTY,FAULTY,True,0.17822265625
/kaggle/working/processed/ac7e3046-3da8-4434-a5ad-41b4a2b7ba67_000000022145.png,1,1.0,1.0,1,1,FAULTY,FAULTY,True,0.17822265625
/kaggle/working/processed/f8f8532f-3a4c-43fb-8adc-8abbd1381d46_000000022191.png,0,1.0,0.048034668,0,0,GOOD,GOOD,True,0.17822265625
/kaggle/working/processed/44cc2b6a-a7bc-4d1a-860d-b650324c5f6d_000000017542.png,1,1.0,1.0,1,1,FAULTY,FAULTY,True,0.17822265625
/kaggle/working/processed/f8778d6a-fcd5-4000-a9d8-c8e2eb57cb58_000000007580.png,1,1.0,1.0,1,1,FAULTY,FAULTY,True,0.17822265625
/kaggle/working/processed/0e798942-317a-48f5-b262-4040a08353c0_000000003149.png,1,1.0,0.9995117,1,1,FAULTY,FAULTY,True,0.17822265625
/kaggle/working/processed/d64a4e78-4bdc-4580-9846-2a78bcbf5e68_000000001647.png,1,1.0,0.9975586,1,1,FAULTY,FAULTY,True,0.17822265625
/kaggle/working/processed/dd460adb-450d-4835-a011-a71ed1a7792f_000000012904.png,0,1.0,0.055725098,0,0,GOOD,GOOD,True,0.17822265625
/kaggle/working/processed/d7733c53-1e16-46a9-a9d1-824812e4d20f_000000033653.png,1,1.0,1.0,1,1,FAULTY,FAULTY,True,0.17822265625
/kaggle/working/processed/b24ef824-1cc9-4a2f-b4af-6ef2d78bc185_000000007156.png,0,1.0,0.14428711,0,0,GOOD,GOOD,True,0.17822265625
/kaggle/working/processed/f036e92c-cc11-4e12-b7ea-46fd2aefd42f_000000005431.png,1,1.0,0.9975586,1,1,FAULTY,FAULTY,True,0.17822265625
/kaggle/working/processed/9aaa144c-cc5f-4521-87b6-3a9de6f4614b_000000021857.png,1,1.0,0.73339844,1,1,FAULTY,FAULTY,True,0.17822265625
/kaggle/working/processed/1fe0c9c2-dc6a-4334-93cf-53f75f24e7c7_000000001578.png,0,1.0,0.08166504,0,0,GOOD,GOOD,True,0.17822265625
/kaggle/working/processed/a0050543-4a56-4ea9-85f4-eba1157d8528_000000027566.png,1,1.0,0.99560547,1,1,FAULTY,FAULTY,True,0.17822265625
/kaggle/working/processed/e651db23-f6f7-4973-9ecf-810fd8f11c4b_000000021300.png,0,6.0,0.28930664,1,0,FAULTY,GOOD,False,0.17822265625
/kaggle/working/processed/ecae4a93-0f2b-4176-82a4-d4e62674c4f4_000000010698.png,1,1.0,1.0,1,1,FAULTY,FAULTY,True,0.17822265625
/kaggle/working/processed/577810bb-f3b3-4eaa-8639-dd6c100a6f90_000000035222.png,0,6.0,0.4831543,1,0,FAULTY,GOOD,False,0.17822265625
/kaggle/working/processed/bbfc4e6e-ccfb-499c-887b-eec884e08305_000000005001.png,1,1.0,0.8486328,1,1,FAULTY,FAULTY,True,0.17822265625
/kaggle/working/processed/7a75a8a7-b061-4b40-b8d6-1304fc4996d1_000000031128.png,1,1.0,0.9980469,1,1,FAULTY,FAULTY,True,0.17822265625
/kaggle/working/processed/fedfd6b5-f0a0-4079-bdd9-dc877bc635b6_000000017242.png,1,1.0,1.0,1,1,FAULTY,FAULTY,True,0.17822265625
/kaggle/working/processed/4f07f478-8ea0-4e22-899b-64168717cecd_000000025006.png,0,1.0,0.15734863,0,0,GOOD,GOOD,True,0.17822265625
/kaggle/working/processed/1305287b-f214-4ad0-ab27-b3c4879e3549_000000022438.png,1,1.0,0.9370117,1,1,FAULTY,FAULTY,True,0.17822265625
/kaggle/working/processed/148ce918-5c75-4818-9892-ab9c94fa55d3_000000005048.png,1,1.0,0.99560547,1,1,FAULTY,FAULTY,True,0.17822265625
/kaggle/working/processed/c4858037-df61-4cb2-8204-7df00f1ff3a8_000000009805.png,1,1.0,0.9980469,1,1,FAULTY,FAULTY,True,0.17822265625
/kaggle/working/processed/f5528902-7d3e-4f25-a5c2-dbfbdd9e47bb_000000027270.png,0,1.0,0.034240723,0,0,GOOD,GOOD,True,0.17822265625
/kaggle/working/processed/afba1a69-dba6-48e1-a56c-08b3c84a9a2c_000000010648.png,1,1.0,1.0,1,1,FAULTY,FAULTY,True,0.17822265625
/kaggle/working/processed/445ca862-bd8d-4961-ae45-18461544ca61_000000028259.png,1,1.0,0.9995117,1,1,FAULTY,FAULTY,True,0.17822265625
/kaggle/working/processed/8eb1f375-85c9-4bd8-8eba-f86aeaa16261_000000018453.png,0,1.0,0.08831787,0,0,GOOD,GOOD,True,0.17822265625
/kaggle/working/processed/1c7fd372-f5d3-4f49-9a50-622c240cdcc1_000000000713.png,1,1.0,1.0,1,1,FAULTY,FAULTY,True,0.17822265625
/kaggle/working/processed/af6e6e12-6ae4-404a-b438-214da2fe0089_000000013114.png,0,6.0,0.29858398,1,0,FAULTY,GOOD,False,0.17822265625
/kaggle/working/processed/2d1a852f-b1de-43f0-891b-164fea4ba00e_000000029418.png,0,1.0,0.117370605,0,0,GOOD,GOOD,True,0.17822265625
/kaggle/working/processed/37d1e9d5-5438-4c26-831a-205c185a8cc1_000000012227.png,1,1.0,0.98779297,1,1,FAULTY,FAULTY,True,0.17822265625
/kaggle/working/processed/e2178009-d3e1-4887-840c-243823579549_000000002177.png,1,1.0,1.0,1,1,FAULTY,FAULTY,True,0.17822265625
/kaggle/working/processed/cf497a7a-10bb-4d21-83bd-7c33d9d056ed_000000007403.png,1,1.0,0.9995117,1,1,FAULTY,FAULTY,True,0.17822265625
/kaggle/working/processed/6dcea649-f3fa-4c17-9d10-175f90617722_000000003017.png,0,1.0,0.13842773,0,0,GOOD,GOOD,True,0.17822265625
/kaggle/working/processed/7d74b28d-1cd1-4580-9205-57559e013b90_000000000338.png,0,6.0,0.16430664,0,0,GOOD,GOOD,True,0.17822265625
/kaggle/working/processed/a5997d18-aabd-4477-acba-7ad93395d32b_000000001843.png,1,1.0,1.0,1,1,FAULTY,FAULTY,True,0.17822265625
/kaggle/working/processed/b982da37-047b-411f-a6c8-793f1cc62457_000000010010.png,0,6.0,0.18054199,1,0,FAULTY,GOOD,False,0.17822265625
/kaggle/working/processed/42582d32-f0c0-4dbf-92a4-c100bb4b5742_000000003924.png,0,6.0,0.52001953,1,0,FAULTY,GOOD,False,0.17822265625
/kaggle/working/processed/e6288c38-e8e7-411b-9d38-970a1cb7ed6f_000000029497.png,1,1.0,1.0,1,1,FAULTY,FAULTY,True,0.17822265625
/kaggle/working/processed/84517bdf-28f0-4d76-8c6a-c8592f30ba3b_000000019076.png,1,1.0,0.9995117,1,1,FAULTY,FAULTY,True,0.17822265625
/kaggle/working/processed/c239349e-da38-45d7-ba8d-de01d6825f54_000000014509.png,1,1.0,0.9941406,1,1,FAULTY,FAULTY,True,0.17822265625
/kaggle/working/processed/ce4f3b3d-af88-4929-a09f-bb6ac4ab8e9e_000000035008.png,1,1.0,0.99853516,1,1,FAULTY,FAULTY,True,0.17822265625
/kaggle/working/processed/e4032c8c-a792-46c5-9924-116a7be48be1_000000001435.png,0,1.0,0.022033691,0,0,GOOD,GOOD,True,0.17822265625
/kaggle/working/processed/613a1f1f-e288-4469-ad54-a11a61214015_000000028339.png,0,6.0,0.3154297,1,0,FAULTY,GOOD,False,0.17822265625
/kaggle/working/processed/d5e04f24-30f1-49ff-8b98-0c46ecf3118c_000000019398.png,0,6.0,0.33911133,1,0,FAULTY,GOOD,False,0.17822265625
/kaggle/working/processed/b6f76749-6175-41ff-9423-50b8a5443e92_000000019274.png,0,1.0,0.0418396,0,0,GOOD,GOOD,True,0.17822265625
/kaggle/working/processed/05ce6351-0786-46ad-aab5-0a3645c8320a_000000020573.png,1,1.0,0.96972656,1,1,FAULTY,FAULTY,True,0.17822265625
/kaggle/working/processed/f14a0896-1e2d-431a-ac32-0654058c7c11_000000022451.png,1,1.0,0.99609375,1,1,FAULTY,FAULTY,True,0.17822265625
/kaggle/working/processed/1722cb3e-9d57-4fd0-b17b-d1ac4d4f752e_000000007535.png,1,1.0,0.7861328,1,1,FAULTY,FAULTY,True,0.17822265625
/kaggle/working/processed/4396faf9-f607-4ed3-8d8a-00a25eaef539_000000017087.png,1,1.0,0.95751953,1,1,FAULTY,FAULTY,True,0.17822265625
/kaggle/working/processed/88b61aa7-92e7-41dd-b314-869a551aee2e_000000011732.png,1,1.0,0.99853516,1,1,FAULTY,FAULTY,True,0.17822265625
/kaggle/working/processed/eee21088-5c58-4455-95e3-f991da5fb37a_000000010505.png,1,1.0,0.9248047,1,1,FAULTY,FAULTY,True,0.17822265625
/kaggle/working/processed/78a635d0-2d0a-4f96-a52b-1b2f3612bfbd_000000015503.png,1,1.0,0.99072266,1,1,FAULTY,FAULTY,True,0.17822265625
/kaggle/working/processed/457826e0-e8ad-4ab3-9de9-51482e79bf34_000000028910.png,1,1.0,0.9995117,1,1,FAULTY,FAULTY,True,0.17822265625
/kaggle/working/processed/846e9b80-99b9-4755-81bc-0e7f16c6265d_000000024304.png,0,1.0,0.08270264,0,0,GOOD,GOOD,True,0.17822265625
/kaggle/working/processed/9fd21b8a-2eaf-4857-bc58-40fffe81585f_000000021186.png,1,1.0,0.8149414,1,1,FAULTY,FAULTY,True,0.17822265625
/kaggle/working/processed/3af4fccd-08d9-45c0-9e9c-32094cebf656_000000000471.png,1,1.0,0.9868164,1,1,FAULTY,FAULTY,True,0.17822265625
/kaggle/working/processed/b7562bcb-a516-4a83-9b75-7c74da22ce33_000000016633.png,1,1.0,1.0,1,1,FAULTY,FAULTY,True,0.17822265625
/kaggle/working/processed/94634e77-6d1e-4b75-9aa0-6f601d57ee7d_000000003651.png,1,1.0,0.9584961,1,1,FAULTY,FAULTY,True,0.17822265625
/kaggle/working/processed/82a049aa-0c05-4f78-8d2c-e06ad2aa4e06_000000000833.png,0,1.0,0.10913086,0,0,GOOD,GOOD,True,0.17822265625
/kaggle/working/processed/844a1403-acc6-4f6e-8455-7fc5f1f2d84d_000000033121.png,1,1.0,1.0,1,1,FAULTY,FAULTY,True,0.17822265625
/kaggle/working/processed/f77ca88c-2a9e-46ae-972c-e43953c44f33_000000032045.png,1,1.0,0.52978516,1,1,FAULTY,FAULTY,True,0.17822265625
/kaggle/working/processed/94e3c40e-e7dd-487b-b4a0-4684ed0da0d3_000000007646.png,0,1.0,0.12011719,0,0,GOOD,GOOD,True,0.17822265625
/kaggle/working/processed/0d5f51d5-ff7c-402b-a029-2d25825abba5_000000031394.png,0,1.0,0.1116333,0,0,GOOD,GOOD,True,0.17822265625
/kaggle/working/processed/a6060e13-7cda-4dc3-92da-f2f4ca117683_000000034854.png,0,1.0,0.060424805,0,0,GOOD,GOOD,True,0.17822265625
/kaggle/working/processed/88c6376a-4e47-4a47-a3da-6f067cf7f54a_000000019822.png,0,6.0,0.25561523,1,0,FAULTY,GOOD,False,0.17822265625
/kaggle/working/processed/f093f058-bd61-4ac2-816a-10d952453e19_000000000019.png,1,1.0,1.0,1,1,FAULTY,FAULTY,True,0.17822265625
/kaggle/working/processed/7b0bf591-ce38-4ec5-9932-e76800885cab_000000020615.png,1,1.0,0.12036133,0,1,GOOD,FAULTY,False,0.17822265625
/kaggle/working/processed/a997181c-4f4c-43c7-8816-a939d3c03b69_000000017974.png,1,1.0,0.9350586,1,1,FAULTY,FAULTY,True,0.17822265625
/kaggle/working/processed/931f5644-c971-4bd9-b3f0-4e16140989e3_000000008753.png,0,1.0,0.24145508,1,0,FAULTY,GOOD,False,0.17822265625
/kaggle/working/processed/21904df8-414c-4567-b8b9-4dba525c082f_000000028796.png,1,1.0,0.55810547,1,1,FAULTY,FAULTY,True,0.17822265625
/kaggle/working/processed/8fbd38a6-80ca-45f6-9f65-4a77c2313c31_000000004694.png,0,1.0,0.18103027,1,0,FAULTY,GOOD,False,0.17822265625
/kaggle/working/processed/79c0ed86-227c-4e5b-98cb-b63c4928cc31_000000026275.png,0,1.0,0.1161499,0,0,GOOD,GOOD,True,0.17822265625
/kaggle/working/processed/b9978594-b8f6-4549-830f-26c9ae59f119_000000013630.png,1,1.0,0.9458008,1,1,FAULTY,FAULTY,True,0.17822265625
/kaggle/working/processed/df6ce24e-31ac-4a07-aa9a-aeb5ad5b3f82_000000004785.png,1,1.0,0.8544922,1,1,FAULTY,FAULTY,True,0.17822265625
/kaggle/working/processed/bcc6d79c-b8c0-4510-a7b2-1b55e6ab9b20_000000022201.png,1,1.0,0.9995117,1,1,FAULTY,FAULTY,True,0.17822265625
/kaggle/working/processed/c0e06b0f-e689-4fee-9693-c88108c53da1_000000012623.png,1,1.0,0.4428711,1,1,FAULTY,FAULTY,True,0.17822265625
/kaggle/working/processed/3e11adee-493f-47ae-93d8-d2a67ed98d87_000000014618.png,0,1.0,0.037475586,0,0,GOOD,GOOD,True,0.17822265625
/kaggle/working/processed/6e57f4f6-27f6-4f61-8ea0-aa22fa632cc6_000000001601.png,1,1.0,1.0,1,1,FAULTY,FAULTY,True,0.17822265625
/kaggle/working/processed/a6ed7658-859c-42b6-add0-75b0e74026a9_000000010625.png,0,6.0,0.21972656,1,0,FAULTY,GOOD,False,0.17822265625
/kaggle/working/processed/b45b1511-fe57-4ba6-a80a-473bde844378_000000018388.png,0,6.0,0.27319336,1,0,FAULTY,GOOD,False,0.17822265625
/kaggle/working/processed/fee68892-8cd5-4a51-8c1e-1fa2b168115b_000000008132.png,1,1.0,1.0,1,1,FAULTY,FAULTY,True,0.17822265625
/kaggle/working/processed/f70569e9-0ac9-466e-887f-f37d15d8b651_000000008179.png,1,1.0,0.9951172,1,1,FAULTY,FAULTY,True,0.17822265625
/kaggle/working/processed/42a0d484-0ca1-4597-994e-88bf7abf0642_000000006784.png,1,1.0,0.97753906,1,1,FAULTY,FAULTY,True,0.17822265625
/kaggle/working/processed/b1988330-2dbe-4ef1-9bd9-7fda519da618_000000026455.png,1,1.0,1.0,1,1,FAULTY,FAULTY,True,0.17822265625
/kaggle/working/processed/4029ba76-e7c3-47f7-a4c3-e4d10910ce43_000000023777.png,0,6.0,0.35888672,1,0,FAULTY,GOOD,False,0.17822265625
/kaggle/working/processed/dc583f8b-2e55-4064-8fdf-498106f9b0b2_000000028212.png,0,1.0,0.13183594,0,0,GOOD,GOOD,True,0.17822265625
/kaggle/working/processed/16f93705-8400-4167-a80e-c53b8c908647_000000019125.png,0,1.0,0.17712402,0,0,GOOD,GOOD,True,0.17822265625
/kaggle/working/processed/2c456ad4-ac50-4dad-a136-ad4351454532_000000018198.png,1,1.0,1.0,1,1,FAULTY,FAULTY,True,0.17822265625
/kaggle/working/processed/2ac48f9d-46b1-48be-a0c5-2b86660f5d9b_000000019471.png,1,1.0,0.5234375,1,1,FAULTY,FAULTY,True,0.17822265625
/kaggle/working/processed/2f6b016d-38d3-45ea-9681-88fb7c7ae852_000000013031.png,1,1.0,0.9980469,1,1,FAULTY,FAULTY,True,0.17822265625
/kaggle/working/processed/4701e025-be33-4c1e-8c90-a6d195a6ae88_000000024889.png,1,1.0,1.0,1,1,FAULTY,FAULTY,True,0.17822265625
/kaggle/working/processed/bdc26beb-714b-4baf-92c0-9fe825a26a1d_000000033167.png,1,1.0,0.9848633,1,1,FAULTY,FAULTY,True,0.17822265625
/kaggle/working/processed/30182420-ab9d-4c5d-8ba6-6d861ab2ff0b_000000022383.png,1,1.0,0.99902344,1,1,FAULTY,FAULTY,True,0.17822265625
/kaggle/working/processed/4d824374-3bb0-4095-a2de-92262c95b2b8_000000023013.png,1,1.0,0.42089844,1,1,FAULTY,FAULTY,True,0.17822265625
/kaggle/working/processed/4d9b111e-5f5c-4bff-aef5-450b54d453fa_000000003788.png,1,1.0,0.8852539,1,1,FAULTY,FAULTY,True,0.17822265625
/kaggle/working/processed/95c013fb-0201-4736-b2dc-56c8d11fd98b_000000031638.png,1,1.0,0.97216797,1,1,FAULTY,FAULTY,True,0.17822265625
/kaggle/working/processed/fb4f70b4-fcab-44ea-b7ba-6bfa9cb37c5f_000000010769.png,1,1.0,1.0,1,1,FAULTY,FAULTY,True,0.17822265625
/kaggle/working/processed/a059e684-afee-473a-8f52-76e538213b3e_000000018541.png,1,1.0,0.99902344,1,1,FAULTY,FAULTY,True,0.17822265625
/kaggle/working/processed/cea68c6e-a597-4dde-88c6-ddea1bafb022_000000017048.png,1,1.0,1.0,1,1,FAULTY,FAULTY,True,0.17822265625
/kaggle/working/processed/dbec4b70-9b62-46a0-b930-30aa0d0184c9_000000020538.png,1,1.0,0.515625,1,1,FAULTY,FAULTY,True,0.17822265625
/kaggle/working/processed/5b95f11a-faf9-4a57-b3d8-ae0d71074e14_000000006289.png,1,1.0,0.62060547,1,1,FAULTY,FAULTY,True,0.17822265625
/kaggle/working/processed/0ced52a5-2bb6-4401-b305-4f595d44db61_000000026580.png,0,6.0,0.1295166,0,0,GOOD,GOOD,True,0.17822265625
/kaggle/working/processed/07d40b27-64a6-4fbc-8e65-fbe542585a9f_000000017082.png,0,1.0,0.056762695,0,0,GOOD,GOOD,True,0.17822265625
/kaggle/working/processed/0a7a9f2d-d8d0-4c30-949e-9a04479853f6_000000005812.png,0,6.0,0.4128418,1,0,FAULTY,GOOD,False,0.17822265625
/kaggle/working/processed/781c4913-99b4-4265-81ef-3aafd34cb6fb_000000017851.png,1,1.0,0.859375,1,1,FAULTY,FAULTY,True,0.17822265625
/kaggle/working/processed/ba73abfa-fd36-45b9-bb6d-25e3ef168fa3_000000012279.png,1,1.0,1.0,1,1,FAULTY,FAULTY,True,0.17822265625
/kaggle/working/processed/752e3fa0-f6ee-4424-bee2-a50eb834b1d4_000000023462.png,1,1.0,0.9902344,1,1,FAULTY,FAULTY,True,0.17822265625
/kaggle/working/processed/3a2f869d-6756-4249-92d9-a2da9c3f7372_000000031676.png,0,1.0,0.07196045,0,0,GOOD,GOOD,True,0.17822265625
/kaggle/working/processed/da14f4cf-54b2-4496-948b-047b2e0cadc8_000000016467.png,1,1.0,0.9892578,1,1,FAULTY,FAULTY,True,0.17822265625
/kaggle/working/processed/0030ab02-c26d-4109-9464-517ed138c15b_000000014149.png,0,1.0,0.11633301,0,0,GOOD,GOOD,True,0.17822265625
/kaggle/working/processed/72bf6d19-2dec-4bb3-94c2-2ab0721faf55_000000009220.png,1,1.0,0.9970703,1,1,FAULTY,FAULTY,True,0.17822265625
/kaggle/working/processed/d0fabd72-e979-49df-bd97-58357d8ac902_000000014907.png,1,1.0,1.0,1,1,FAULTY,FAULTY,True,0.17822265625
/kaggle/working/processed/cd167bf8-cd20-4534-9028-b3794c8db76b_000000015672.png,1,1.0,1.0,1,1,FAULTY,FAULTY,True,0.17822265625
/kaggle/working/processed/71560285-8b8e-4ed7-8f56-e51a4ecba0e9_000000001585.png,1,1.0,0.9970703,1,1,FAULTY,FAULTY,True,0.17822265625
/kaggle/working/processed/c0e82cd8-3d4a-4fab-bdfa-f351dfd3fbc8_000000025370.png,1,1.0,0.99365234,1,1,FAULTY,FAULTY,True,0.17822265625
/kaggle/working/processed/c2619770-ff72-4c8b-a4fb-8ed7895e9b3f_000000019940.png,1,1.0,0.97802734,1,1,FAULTY,FAULTY,True,0.17822265625
/kaggle/working/processed/e494f654-e72d-41ec-acd1-0a23791a9472_000000000226.png,1,1.0,1.0,1,1,FAULTY,FAULTY,True,0.17822265625
/kaggle/working/processed/dde3a3bf-ce58-4a62-bf2d-2e4de6468c3a_000000018894.png,0,6.0,0.17919922,1,0,FAULTY,GOOD,False,0.17822265625
/kaggle/working/processed/a5d78a39-8f9b-4993-b04c-6525877f8ea5_000000029645.png,0,1.0,0.20507812,1,0,FAULTY,GOOD,False,0.17822265625
/kaggle/working/processed/1be0c79d-964a-463f-ba70-f61a3962bab0_000000025605.png,1,1.0,0.5019531,1,1,FAULTY,FAULTY,True,0.17822265625
/kaggle/working/processed/bdfc92cc-55cf-4fc4-a90b-22363c2d77d3_000000010131.png,1,1.0,0.76171875,1,1,FAULTY,FAULTY,True,0.17822265625
/kaggle/working/processed/9f70289d-fbd9-41ed-8e4c-043fcda6a315_000000007094.png,0,6.0,0.14099121,0,0,GOOD,GOOD,True,0.17822265625
/kaggle/working/processed/edc854f8-067f-4b46-9a02-ea936bc0daf8_000000004309.png,0,6.0,0.35205078,1,0,FAULTY,GOOD,False,0.17822265625
/kaggle/working/processed/f8724983-e467-40d6-bd92-283a1f2e2b61_000000000675.png,0,6.0,0.11999512,0,0,GOOD,GOOD,True,0.17822265625
/kaggle/working/processed/5893f514-f4b3-4685-81a7-dc23906e2ae0_000000025335.png,1,1.0,0.9746094,1,1,FAULTY,FAULTY,True,0.17822265625
/kaggle/working/processed/5797fccf-6e4b-4f51-b111-6495b847016e_000000011823.png,0,6.0,0.63134766,1,0,FAULTY,GOOD,False,0.17822265625
/kaggle/working/processed/6b8181f5-3062-4833-8140-cf3627b1a9e0_000000023360.png,0,1.0,0.05758667,0,0,GOOD,GOOD,True,0.17822265625
/kaggle/working/processed/3e85a84c-ffca-41fb-9a1c-75ffd896ed2a_000000015946.png,1,1.0,1.0,1,1,FAULTY,FAULTY,True,0.17822265625
/kaggle/working/processed/a7eac175-58ab-481f-a521-a0fdbb514272_000000011813.png,1,1.0,0.9995117,1,1,FAULTY,FAULTY,True,0.17822265625
/kaggle/working/processed/3ca67cb8-9aad-412f-88c3-6e69684c5cf8_000000004818.png,1,1.0,1.0,1,1,FAULTY,FAULTY,True,0.17822265625
/kaggle/working/processed/dea07ada-3b30-45b7-8baa-6beab4a6124e_000000035161.png,1,1.0,1.0,1,1,FAULTY,FAULTY,True,0.17822265625
/kaggle/working/processed/4c63d4a4-d4b0-4f8d-bbec-0a12c6b1f2b7_000000011964.png,1,1.0,0.9995117,1,1,FAULTY,FAULTY,True,0.17822265625
/kaggle/working/processed/a9be5c54-df51-4737-a591-a17e1943445e_000000034580.png,0,6.0,0.5605469,1,0,FAULTY,GOOD,False,0.17822265625
/kaggle/working/processed/2341a068-7e88-4a3e-a0b2-e6c2637b480c_000000022409.png,0,1.0,0.019424438,0,0,GOOD,GOOD,True,0.17822265625
/kaggle/working/processed/371ee29b-184c-435d-8d86-31320d462b88_000000025156.png,1,1.0,0.99365234,1,1,FAULTY,FAULTY,True,0.17822265625
/kaggle/working/processed/a0b564c0-7075-4bb1-b7bc-eb9f916bec1a_000000002765.png,1,1.0,0.9560547,1,1,FAULTY,FAULTY,True,0.17822265625
/kaggle/working/processed/74f665ae-bfce-4867-8506-b66637162792_000000010972.png,1,1.0,1.0,1,1,FAULTY,FAULTY,True,0.17822265625
/kaggle/working/processed/6e4b9ba7-a27f-465d-81f0-efff2527b564_000000034452.png,0,1.0,0.064086914,0,0,GOOD,GOOD,True,0.17822265625
/kaggle/working/processed/4a223fd8-a5a1-4f0c-83a7-caa9d247ffb6_000000004406.png,1,1.0,0.93652344,1,1,FAULTY,FAULTY,True,0.17822265625
/kaggle/working/processed/95eadfa1-56a4-4347-bbe1-427082f35e8c_000000015137.png,0,1.0,0.13220215,0,0,GOOD,GOOD,True,0.17822265625
/kaggle/working/processed/9c9073e1-dec5-4f56-a535-9eef1d01c92a_000000019596.png,1,1.0,0.8989258,1,1,FAULTY,FAULTY,True,0.17822265625
/kaggle/working/processed/effc9714-d4a1-45a1-a4f9-8beadf8ae965_000000020338.png,0,1.0,0.111450195,0,0,GOOD,GOOD,True,0.17822265625
/kaggle/working/processed/af70d759-a3cb-409f-aaae-e55216fa86e6_000000006878.png,1,1.0,0.99658203,1,1,FAULTY,FAULTY,True,0.17822265625
/kaggle/working/processed/137a82b4-440a-4366-8e01-f6b927d3bae1_000000005181.png,1,1.0,0.99560547,1,1,FAULTY,FAULTY,True,0.17822265625
/kaggle/working/processed/d99a77d1-0135-4436-b826-dfe7e91f2686_000000024943.png,1,1.0,0.7363281,1,1,FAULTY,FAULTY,True,0.17822265625
/kaggle/working/processed/f9de80f1-321a-4602-8714-a33400bb88d6_000000032204.png,0,1.0,0.08227539,0,0,GOOD,GOOD,True,0.17822265625
/kaggle/working/processed/8fc7045b-c33a-43de-99af-385f3ae7088e_000000006455.png,1,1.0,1.0,1,1,FAULTY,FAULTY,True,0.17822265625
/kaggle/working/processed/7078b665-65be-4fdb-be2d-8aca5f7ef1fa_000000019953.png,1,1.0,0.96533203,1,1,FAULTY,FAULTY,True,0.17822265625
/kaggle/working/processed/5cc75a8d-16bd-4890-896d-6cccbbec0674_000000019381.png,0,6.0,0.42382812,1,0,FAULTY,GOOD,False,0.17822265625
/kaggle/working/processed/dda7e0f9-51b3-49fe-b9de-63cf697e4e58_000000014822.png,0,1.0,0.10321045,0,0,GOOD,GOOD,True,0.17822265625
/kaggle/working/processed/25f07731-5edd-4696-9db3-2c2920db668e_000000013748.png,0,1.0,0.114990234,0,0,GOOD,GOOD,True,0.17822265625
/kaggle/working/processed/68ab8684-aca6-4614-8067-1f846c777ce0_000000014435.png,1,1.0,1.0,1,1,FAULTY,FAULTY,True,0.17822265625
/kaggle/working/processed/ba7fab25-c0de-4f22-b451-ef0a2349d362_000000018938.png,0,1.0,0.16101074,0,0,GOOD,GOOD,True,0.17822265625
/kaggle/working/processed/a45f33e3-360d-4be1-abf8-4e0729e30345_000000032146.png,1,1.0,1.0,1,1,FAULTY,FAULTY,True,0.17822265625
/kaggle/working/processed/4f334226-e127-488e-afbf-798488d9c3c6_000000021440.png,0,6.0,0.3203125,1,0,FAULTY,GOOD,False,0.17822265625
/kaggle/working/processed/e6105d08-acdc-4ced-86cb-7e3daa21e8f0_000000004517.png,0,6.0,0.26293945,1,0,FAULTY,GOOD,False,0.17822265625
/kaggle/working/processed/d3771eac-ec12-491e-b870-1d81179073f8_000000016188.png,1,1.0,1.0,1,1,FAULTY,FAULTY,True,0.17822265625
/kaggle/working/processed/e0b9baa7-2b39-448d-9bd6-5329b6259e5e_000000031210.png,1,1.0,0.95458984,1,1,FAULTY,FAULTY,True,0.17822265625
/kaggle/working/processed/b55e2edb-f215-4066-81a4-0d117a9deb17_000000035033.png,1,1.0,0.9980469,1,1,FAULTY,FAULTY,True,0.17822265625
/kaggle/working/processed/63d8d589-88d3-4bd4-80c1-6a24dc817455_000000034691.png,0,1.0,0.09448242,0,0,GOOD,GOOD,True,0.17822265625
/kaggle/working/processed/866ebdc4-ef00-401f-b945-6d36eeeadda4_000000013203.png,1,1.0,0.47387695,1,1,FAULTY,FAULTY,True,0.17822265625
/kaggle/working/processed/3d14b751-505b-4330-b45d-d601503f6488_000000011656.png,0,6.0,0.12084961,0,0,GOOD,GOOD,True,0.17822265625
/kaggle/working/processed/b514ecc5-de91-4ac7-b5ca-18fdf1592572_000000005763.png,0,1.0,0.008377075,0,0,GOOD,GOOD,True,0.17822265625
/kaggle/working/processed/71d70649-d11c-470e-a8a7-e05049fe10ab_000000002602.png,1,1.0,0.29736328,1,1,FAULTY,FAULTY,True,0.17822265625
/kaggle/working/processed/fd2b009a-68f0-49e6-98f1-adf179a7901c_000000009030.png,0,1.0,0.036712646,0,0,GOOD,GOOD,True,0.17822265625
/kaggle/working/processed/78c5c469-0f12-4872-ada4-61bbcd82c2e2_000000025479.png,1,1.0,1.0,1,1,FAULTY,FAULTY,True,0.17822265625
/kaggle/working/processed/ae0487a2-de2e-448f-be1f-aa1e1d975ea8_000000009627.png,1,1.0,1.0,1,1,FAULTY,FAULTY,True,0.17822265625
/kaggle/working/processed/873ed513-f375-4f08-8642-75bca692a20e_000000013979.png,1,1.0,0.98779297,1,1,FAULTY,FAULTY,True,0.17822265625
/kaggle/working/processed/44b6dc93-9093-455d-af23-22285703a35f_000000031814.png,0,1.0,0.0151901245,0,0,GOOD,GOOD,True,0.17822265625
/kaggle/working/processed/c5927362-2e9c-40e9-bf80-05fb43b7495a_000000005387.png,1,1.0,0.9995117,1,1,FAULTY,FAULTY,True,0.17822265625
/kaggle/working/processed/e57972e4-cbcf-4cee-b71b-2f9b080dd5c0_000000035276.png,1,1.0,0.8461914,1,1,FAULTY,FAULTY,True,0.17822265625
/kaggle/working/processed/775a61c3-652f-4053-a83b-d26170823aec_000000015206.png,1,1.0,0.95654297,1,1,FAULTY,FAULTY,True,0.17822265625
/kaggle/working/processed/2bf98a3d-6ed8-4e20-9b1b-99742d76a510_000000001881.png,1,1.0,0.99853516,1,1,FAULTY,FAULTY,True,0.17822265625
/kaggle/working/processed/bbdf2972-8209-45b3-bd4f-446093828669_000000016527.png,1,1.0,0.99560547,1,1,FAULTY,FAULTY,True,0.17822265625
/kaggle/working/processed/1038ff4a-3f7e-4882-869d-213d5ff88505_000000017085.png,0,6.0,0.13623047,0,0,GOOD,GOOD,True,0.17822265625
/kaggle/working/processed/8fbd2a0d-8ad4-439d-8431-bee7f7dc2299_000000026884.png,0,6.0,0.18530273,1,0,FAULTY,GOOD,False,0.17822265625
/kaggle/working/processed/2d2255ca-ae0b-48dd-9d69-ad42586d762d_000000033866.png,0,6.0,0.072265625,0,0,GOOD,GOOD,True,0.17822265625
/kaggle/working/processed/3fa773e0-aa2a-4c37-b161-bf5fe80ea838_000000009660.png,1,1.0,0.9970703,1,1,FAULTY,FAULTY,True,0.17822265625
/kaggle/working/processed/86bffeb0-91fa-486f-870f-8487bbbe279c_000000018740.png,0,1.0,0.03955078,0,0,GOOD,GOOD,True,0.17822265625
/kaggle/working/processed/5c5566ed-ecaf-4f9f-88d0-84615322c5a7_000000020722.png,1,1.0,1.0,1,1,FAULTY,FAULTY,True,0.17822265625
/kaggle/working/processed/10cce804-e978-43e1-baed-b7e20f3261f5_000000008282.png,1,1.0,1.0,1,1,FAULTY,FAULTY,True,0.17822265625
/kaggle/working/processed/5607a909-4eff-47e9-9fc5-93755b3364a6_000000017620.png,1,1.0,0.9980469,1,1,FAULTY,FAULTY,True,0.17822265625
/kaggle/working/processed/29c02005-50d6-49a0-a4e6-e955fded5d17_000000030054.png,0,6.0,0.30493164,1,0,FAULTY,GOOD,False,0.17822265625
/kaggle/working/processed/6d0fe7d1-ad6c-4425-8837-f84fe98b71bd_000000025883.png,0,1.0,0.09088135,0,0,GOOD,GOOD,True,0.17822265625
/kaggle/working/processed/00b9d0f7-4ad9-40c0-8704-eecf60091fa5_000000009051.png,1,1.0,0.9995117,1,1,FAULTY,FAULTY,True,0.17822265625
/kaggle/working/processed/fdbcc2ba-9c34-4933-89b8-77846c3182c6_000000027795.png,1,1.0,0.7133789,1,1,FAULTY,FAULTY,True,0.17822265625
/kaggle/working/processed/6df24b97-af45-4498-a773-35b93144b155_000000005548.png,0,1.0,0.10394287,0,0,GOOD,GOOD,True,0.17822265625
/kaggle/working/processed/e10844ce-ef06-42f6-9447-fb3ca0dda2e3_000000004555.png,0,1.0,0.07434082,0,0,GOOD,GOOD,True,0.17822265625
/kaggle/working/processed/b6789c10-3f61-4664-a117-6cdae1bee79a_000000031608.png,1,1.0,0.83447266,1,1,FAULTY,FAULTY,True,0.17822265625
/kaggle/working/processed/3058040d-84a9-4feb-93c6-9279a386aa98_000000031954.png,1,1.0,1.0,1,1,FAULTY,FAULTY,True,0.17822265625
/kaggle/working/processed/118930d2-9557-4f4d-8b02-267538af983f_000000019644.png,1,1.0,0.96777344,1,1,FAULTY,FAULTY,True,0.17822265625
/kaggle/working/processed/c1cd8744-6387-4106-83a4-f5513f88d37b_000000016715.png,0,1.0,0.1652832,0,0,GOOD,GOOD,True,0.17822265625
/kaggle/working/processed/72882228-7da2-4ff9-8831-5eadd4963cc1_000000030671.png,1,1.0,0.9995117,1,1,FAULTY,FAULTY,True,0.17822265625
/kaggle/working/processed/ca0f0344-8135-4861-b6e6-5022d7cbed7b_000000025865.png,1,1.0,1.0,1,1,FAULTY,FAULTY,True,0.17822265625
/kaggle/working/processed/8ba42b22-bc9b-4dbe-a8d1-c0dfe091deff_000000022778.png,1,1.0,0.9980469,1,1,FAULTY,FAULTY,True,0.17822265625
/kaggle/working/processed/4306fb94-ab7c-437b-95ec-238610b848b4_000000032066.png,1,1.0,0.9746094,1,1,FAULTY,FAULTY,True,0.17822265625
/kaggle/working/processed/72ab0f00-4b05-4a6a-916f-80889318f6bd_000000019201.png,1,1.0,0.8466797,1,1,FAULTY,FAULTY,True,0.17822265625
/kaggle/working/processed/25f92766-1890-47b5-bd7a-6c82be4fef9a_000000002808.png,1,1.0,0.9682617,1,1,FAULTY,FAULTY,True,0.17822265625
/kaggle/working/processed/330ece3f-d145-48d2-90d9-6195a32e9fbc_000000003436.png,0,1.0,0.15844727,0,0,GOOD,GOOD,True,0.17822265625
/kaggle/working/processed/f244cff0-2bf1-46a7-80a8-2934f809f825_000000019438.png,1,1.0,0.99902344,1,1,FAULTY,FAULTY,True,0.17822265625
/kaggle/working/processed/853b5ba0-f3e6-4913-8aca-97c92a84212d_000000022390.png,1,1.0,1.0,1,1,FAULTY,FAULTY,True,0.17822265625
/kaggle/working/processed/632f9159-02d3-43c9-ba14-4e8962046ec5_000000000246.png,1,1.0,1.0,1,1,FAULTY,FAULTY,True,0.17822265625
/kaggle/working/processed/0ee39246-261a-4bc2-824a-aef126d878dc_000000019991.png,1,1.0,0.88427734,1,1,FAULTY,FAULTY,True,0.17822265625
/kaggle/working/processed/c16387b3-54f6-4e67-980c-e9a1a1a04e57_000000012728.png,1,1.0,0.96777344,1,1,FAULTY,FAULTY,True,0.17822265625
/kaggle/working/processed/eb8fc47d-b784-4819-baf0-0d33b93b8cbb_000000007131.png,0,1.0,0.18640137,1,0,FAULTY,GOOD,False,0.17822265625
/kaggle/working/processed/16d2529a-e5c5-46f5-bb11-474f9ee93ee2_000000019141.png,1,1.0,0.9995117,1,1,FAULTY,FAULTY,True,0.17822265625
/kaggle/working/processed/79174b55-ab80-4edd-b52b-4d44c762c606_000000013709.png,0,1.0,0.034820557,0,0,GOOD,GOOD,True,0.17822265625
/kaggle/working/processed/9502fdc3-cce1-465d-a2fe-22d8024a39d8_000000009473.png,1,1.0,0.99316406,1,1,FAULTY,FAULTY,True,0.17822265625
/kaggle/working/processed/d2eb5718-c1b8-417c-928e-b8610a54d3a0_000000005271.png,1,1.0,1.0,1,1,FAULTY,FAULTY,True,0.17822265625
/kaggle/working/processed/a28ab636-e635-4b41-a9cf-c3e182045d67_000000020194.png,1,1.0,0.9995117,1,1,FAULTY,FAULTY,True,0.17822265625
/kaggle/working/processed/0e33e2e2-0dc6-4c33-8c03-9894a876e498_000000017702.png,0,6.0,0.46166992,1,0,FAULTY,GOOD,False,0.17822265625
/kaggle/working/processed/2ee12da7-c6e2-47fd-b84e-ff2fb60234f3_000000009082.png,0,6.0,0.15820312,0,0,GOOD,GOOD,True,0.17822265625
/kaggle/working/processed/4d124425-4ec6-436a-a9d9-a020b62fcb54_000000027472.png,1,1.0,1.0,1,1,FAULTY,FAULTY,True,0.17822265625
/kaggle/working/processed/de572ced-6c78-4c0e-9f0b-bf731c9ac516_000000000199.png,1,1.0,0.99902344,1,1,FAULTY,FAULTY,True,0.17822265625
/kaggle/working/processed/d8624d08-f526-46af-be8c-fbe0a05601f6_000000010108.png,0,1.0,0.12841797,0,0,GOOD,GOOD,True,0.17822265625
/kaggle/working/processed/92ad2d8a-5066-4b60-ba19-5e6ce1368270_000000034718.png,1,1.0,0.9980469,1,1,FAULTY,FAULTY,True,0.17822265625
/kaggle/working/processed/41dcbcc4-66f7-43cf-ad72-c49a266fea9e_000000007830.png,1,1.0,0.9995117,1,1,FAULTY,FAULTY,True,0.17822265625
/kaggle/working/processed/958a40a0-39ca-4fd0-bdc5-8fc47f77b506_000000021598.png,1,1.0,0.9995117,1,1,FAULTY,FAULTY,True,0.17822265625
/kaggle/working/processed/864c59d5-2a79-42bd-b5d8-fd2b502ae11d_000000033221.png,1,1.0,0.96191406,1,1,FAULTY,FAULTY,True,0.17822265625
/kaggle/working/processed/71f96498-31f5-4094-97b2-d17fb9b7000c_000000015123.png,0,1.0,0.060302734,0,0,GOOD,GOOD,True,0.17822265625
/kaggle/working/processed/b895f1e5-29b6-46e6-8e6b-efa47c7b3471_000000023884.png,0,6.0,0.37182617,1,0,FAULTY,GOOD,False,0.17822265625
/kaggle/working/processed/6cceb1d7-d75b-453b-8e59-8b1ab323f4a1_000000012478.png,1,1.0,1.0,1,1,FAULTY,FAULTY,True,0.17822265625
/kaggle/working/processed/3b3c8499-cf1d-4ae9-b272-87a380662c5f_000000029286.png,1,1.0,0.96484375,1,1,FAULTY,FAULTY,True,0.17822265625
/kaggle/working/processed/ab714be3-e630-4f4b-851a-65645dcea33e_000000029154.png,0,1.0,0.04083252,0,0,GOOD,GOOD,True,0.17822265625
/kaggle/working/processed/7d2bd46d-371f-4109-8e14-ac6b6c45ac8a_000000024891.png,1,4.0,0.08770752,0,1,GOOD,FAULTY,False,0.17822265625
/kaggle/working/processed/fe98bafb-777d-4db9-93e5-0d8efbfd34a9_000000007636.png,1,1.0,0.8051758,1,1,FAULTY,FAULTY,True,0.17822265625
/kaggle/working/processed/850b2d82-eefd-4728-bbc9-201efa53cbdc_000000016637.png,1,1.0,0.9995117,1,1,FAULTY,FAULTY,True,0.17822265625
/kaggle/working/processed/cc8fb23b-8f70-4ed0-a45a-a0ac23278269_000000022023.png,0,1.0,0.10760498,0,0,GOOD,GOOD,True,0.17822265625
/kaggle/working/processed/bb8fb161-f5c9-4286-a78e-4ed6601b70e9_000000025726.png,1,1.0,0.9995117,1,1,FAULTY,FAULTY,True,0.17822265625
/kaggle/working/processed/ade753ab-4e43-4d54-aa3d-ab5cb9059174_000000002979.png,1,1.0,0.87158203,1,1,FAULTY,FAULTY,True,0.17822265625
/kaggle/working/processed/1fc5b3e2-4568-45a8-9f34-604aa56c0221_000000031102.png,1,1.0,0.63378906,1,1,FAULTY,FAULTY,True,0.17822265625
/kaggle/working/processed/3fd2d15c-6648-4365-954e-689ce0daed32_000000020785.png,0,6.0,0.4074707,1,0,FAULTY,GOOD,False,0.17822265625
/kaggle/working/processed/335aa168-902f-4145-838f-787c9c197308_000000003178.png,0,6.0,0.19519043,1,0,FAULTY,GOOD,False,0.17822265625
/kaggle/working/processed/abeccb3f-e408-47e4-999d-f6c032a411bc_000000011418.png,0,1.0,0.12322998,0,0,GOOD,GOOD,True,0.17822265625
/kaggle/working/processed/48158918-d6a6-4544-a6d6-6622af089248_000000017529.png,1,1.0,0.9995117,1,1,FAULTY,FAULTY,True,0.17822265625
/kaggle/working/processed/1cbc174b-f599-40e5-80f1-0a0d5242cf67_000000011450.png,1,1.0,1.0,1,1,FAULTY,FAULTY,True,0.17822265625
/kaggle/working/processed/9d2f1e8a-8533-4d16-83cf-fcc305c8cff8_000000005947.png,0,1.0,0.07159424,0,0,GOOD,GOOD,True,0.17822265625
/kaggle/working/processed/c0364e9f-da56-4a3f-8def-201f883261d8_000000028897.png,0,1.0,0.17565918,0,0,GOOD,GOOD,True,0.17822265625
/kaggle/working/processed/a147cd43-fb2f-4b97-a9cb-a5e44824a189_000000032621.png,1,1.0,0.99560547,1,1,FAULTY,FAULTY,True,0.17822265625
/kaggle/working/processed/33dd93d4-ba14-410e-870b-0d20728793c4_000000022744.png,1,1.0,0.84375,1,1,FAULTY,FAULTY,True,0.17822265625
/kaggle/working/processed/9855ae8e-1db4-428f-8bc5-7f6b831aed29_000000018694.png,0,1.0,0.083618164,0,0,GOOD,GOOD,True,0.17822265625
/kaggle/working/processed/9b77cf67-225c-4344-bc65-02872b7512b0_000000003957.png,0,6.0,0.45629883,1,0,FAULTY,GOOD,False,0.17822265625
/kaggle/working/processed/5d7c3e3e-e4ff-47ec-aa0e-351fc076631b_000000010790.png,0,1.0,0.056121826,0,0,GOOD,GOOD,True,0.17822265625
/kaggle/working/processed/e5e1e368-a356-42ad-b42e-2fbc0bd7f5f4_000000018785.png,0,1.0,0.09484863,0,0,GOOD,GOOD,True,0.17822265625
/kaggle/working/processed/3f96cd2c-ee25-45fc-90d4-056074832946_000000029151.png,0,1.0,0.22045898,1,0,FAULTY,GOOD,False,0.17822265625
/kaggle/working/processed/4b844e67-6e84-414d-bbf3-17204bee9930_000000010747.png,0,1.0,0.02381897,0,0,GOOD,GOOD,True,0.17822265625
/kaggle/working/processed/68c60ffe-ba70-412a-97ee-0b78a881685f_000000032232.png,0,1.0,0.105407715,0,0,GOOD,GOOD,True,0.17822265625
/kaggle/working/processed/3588d795-dfb8-4b9f-8aa0-4d636e119279_000000019356.png,1,1.0,0.9995117,1,1,FAULTY,FAULTY,True,0.17822265625
/kaggle/working/processed/25ca726f-e7c6-4b24-9596-cf1164e12f1c_000000003832.png,1,1.0,0.97021484,1,1,FAULTY,FAULTY,True,0.17822265625
/kaggle/working/processed/f0dfdf8f-412b-4c4d-b023-6badb044f3a4_000000011463.png,0,1.0,0.121032715,0,0,GOOD,GOOD,True,0.17822265625
/kaggle/working/processed/316b5a7a-8d80-4de0-bb76-b4596fbe109e_000000030210.png,1,1.0,1.0,1,1,FAULTY,FAULTY,True,0.17822265625
/kaggle/working/processed/0639ae45-519c-4a95-9657-ec6f0fceadb2_000000018792.png,1,1.0,0.97998047,1,1,FAULTY,FAULTY,True,0.17822265625
/kaggle/working/processed/ce274767-9a53-4aa0-bc04-03f8682cfa70_000000013165.png,0,1.0,0.026351929,0,0,GOOD,GOOD,True,0.17822265625
/kaggle/working/processed/5212fc05-6045-4a70-82d7-548207fe99e6_000000029875.png,0,1.0,0.09655762,0,0,GOOD,GOOD,True,0.17822265625
/kaggle/working/processed/fcde89bf-9d1c-4ee1-bd79-7f9fc2576bf0_000000031116.png,1,1.0,0.8540039,1,1,FAULTY,FAULTY,True,0.17822265625
/kaggle/working/processed/7b9f8aff-862f-41a4-b4b4-dbba489fb466_000000023135.png,0,1.0,0.17443848,0,0,GOOD,GOOD,True,0.17822265625
/kaggle/working/processed/c9a79c9a-4cfd-47d3-8232-20b58d7f61d1_000000020248.png,1,1.0,0.9873047,1,1,FAULTY,FAULTY,True,0.17822265625
/kaggle/working/processed/4df75524-5743-4039-983e-a6699d3516cf_000000015406.png,0,6.0,0.34643555,1,0,FAULTY,GOOD,False,0.17822265625
/kaggle/working/processed/a58c41ce-9457-4596-9272-18ae2d506c96_000000009794.png,1,1.0,0.97998047,1,1,FAULTY,FAULTY,True,0.17822265625
/kaggle/working/processed/fe0e3144-6fe1-44b9-a9bf-a2d74520568a_000000000758.png,0,6.0,0.12084961,0,0,GOOD,GOOD,True,0.17822265625
/kaggle/working/processed/ced92296-4278-4659-980e-337605e78e27_000000013322.png,0,1.0,0.12359619,0,0,GOOD,GOOD,True,0.17822265625
/kaggle/working/processed/eb13510a-0b0d-4580-9941-9476a26ffb92_000000012412.png,1,1.0,0.95458984,1,1,FAULTY,FAULTY,True,0.17822265625
/kaggle/working/processed/f04310ca-8d9e-4ff8-a9d6-97f333deb521_000000011153.png,0,1.0,0.09387207,0,0,GOOD,GOOD,True,0.17822265625
/kaggle/working/processed/9b530a58-2872-4593-ab41-ef747a495802_000000008986.png,1,1.0,0.9941406,1,1,FAULTY,FAULTY,True,0.17822265625
/kaggle/working/processed/9a93ad82-649a-4d7f-8a98-e84fff9b6106_000000026240.png,0,6.0,0.47436523,1,0,FAULTY,GOOD,False,0.17822265625
/kaggle/working/processed/ff873129-7985-4e60-a6f7-72e1382b6664_000000034141.png,1,1.0,1.0,1,1,FAULTY,FAULTY,True,0.17822265625
/kaggle/working/processed/dcac0855-5214-442d-8842-b7dfe677dcd6_000000032909.png,1,1.0,0.9760742,1,1,FAULTY,FAULTY,True,0.17822265625
/kaggle/working/processed/303a1ed0-8f35-4dc8-8889-efc8b05608d2_000000003493.png,0,1.0,0.22253418,1,0,FAULTY,GOOD,False,0.17822265625
/kaggle/working/processed/5ababc1a-501e-4f10-8d09-0119a2649102_000000008631.png,0,1.0,0.18579102,1,0,FAULTY,GOOD,False,0.17822265625
/kaggle/working/processed/4bc77529-6259-4129-a6ec-667eb0603a5f_000000026350.png,1,1.0,0.9848633,1,1,FAULTY,FAULTY,True,0.17822265625
/kaggle/working/processed/48d5155e-c56e-4206-bcd8-e4d4e555c1d7_000000005019.png,1,1.0,0.95214844,1,1,FAULTY,FAULTY,True,0.17822265625
/kaggle/working/processed/11d0f2f0-e765-49b7-8075-2324ddf587f2_000000023527.png,1,1.0,0.9995117,1,1,FAULTY,FAULTY,True,0.17822265625
/kaggle/working/processed/4562b6d8-2247-482c-ad4a-1d321005940c_000000030103.png,0,1.0,0.1430664,0,0,GOOD,GOOD,True,0.17822265625
/kaggle/working/processed/f1fba935-d79f-4993-9eda-b42a50c5b88a_000000019075.png,0,1.0,0.2512207,1,0,FAULTY,GOOD,False,0.17822265625
/kaggle/working/processed/7c51d38e-03f6-4be0-b17d-7eda203b7629_000000011522.png,0,1.0,0.1184082,0,0,GOOD,GOOD,True,0.17822265625
/kaggle/working/processed/e34d284f-b430-45d7-8313-34bbc7ddb2f5_000000018564.png,1,1.0,0.9482422,1,1,FAULTY,FAULTY,True,0.17822265625
/kaggle/working/processed/d6e1c67a-7b10-479d-9650-e91edf48f0d2_000000004038.png,1,1.0,0.68408203,1,1,FAULTY,FAULTY,True,0.17822265625
/kaggle/working/processed/b7be50f7-ee5c-490a-a238-2ca752f4df88_000000010622.png,0,1.0,0.17565918,0,0,GOOD,GOOD,True,0.17822265625
/kaggle/working/processed/cb5dd65f-19c8-479e-90e6-582768c60884_000000015961.png,1,1.0,1.0,1,1,FAULTY,FAULTY,True,0.17822265625
/kaggle/working/processed/5f8cee24-52be-413e-bda3-8320bd628549_000000013809.png,1,1.0,0.88427734,1,1,FAULTY,FAULTY,True,0.17822265625
/kaggle/working/processed/d141720a-98d4-4aa8-8f54-3b384a6d70c6_000000009390.png,1,1.0,0.93603516,1,1,FAULTY,FAULTY,True,0.17822265625
/kaggle/working/processed/3d8ad55b-c046-486b-b3fd-71b253400303_000000012103.png,0,6.0,0.27807617,1,0,FAULTY,GOOD,False,0.17822265625
/kaggle/working/processed/28d65b93-6f12-418b-92cf-8c5582287e71_000000020553.png,0,6.0,0.29833984,1,0,FAULTY,GOOD,False,0.17822265625
/kaggle/working/processed/80c60b05-fa15-4146-b996-be5e6e5887ec_000000026277.png,1,1.0,1.0,1,1,FAULTY,FAULTY,True,0.17822265625
/kaggle/working/processed/4167602e-db39-441a-a701-c9b64c55f742_000000014977.png,0,1.0,0.1348877,0,0,GOOD,GOOD,True,0.17822265625
/kaggle/working/processed/d81ab53a-22bd-42db-8e5d-a55bff51cb45_000000023054.png,1,1.0,0.9995117,1,1,FAULTY,FAULTY,True,0.17822265625
/kaggle/working/processed/1ba220d5-79f1-438a-825e-84d0e86b5c63_000000004238.png,0,1.0,0.16638184,0,0,GOOD,GOOD,True,0.17822265625
/kaggle/working/processed/91ad83f5-ed90-438a-9dd3-7753c0f1b346_000000016594.png,0,6.0,0.20056152,1,0,FAULTY,GOOD,False,0.17822265625
/kaggle/working/processed/2262c504-043f-458a-98b7-09919faad1bc_000000017044.png,1,1.0,0.9995117,1,1,FAULTY,FAULTY,True,0.17822265625
/kaggle/working/processed/cd9a3be3-aa1a-4ee9-96bb-dd85351451c4_000000004950.png,1,1.0,0.9995117,1,1,FAULTY,FAULTY,True,0.17822265625
/kaggle/working/processed/3e4ff23e-f45f-47dc-b4d2-6a3f35223efe_000000030076.png,0,1.0,0.06451416,0,0,GOOD,GOOD,True,0.17822265625
/kaggle/working/processed/0b9d5038-93fe-4e0a-8a2e-77a6a4a71f8e_000000007080.png,0,6.0,0.28857422,1,0,FAULTY,GOOD,False,0.17822265625
/kaggle/working/processed/836cc420-b6a2-4000-a945-0e5e83a27020_000000006059.png,1,1.0,0.9995117,1,1,FAULTY,FAULTY,True,0.17822265625
/kaggle/working/processed/4b31d3fd-1922-4a44-9bfc-657d2d9b3fa2_000000031755.png,1,1.0,0.9995117,1,1,FAULTY,FAULTY,True,0.17822265625
/kaggle/working/processed/5d206c97-ea63-458b-9d83-fed7a3892619_000000013903.png,1,1.0,0.99121094,1,1,FAULTY,FAULTY,True,0.17822265625
/kaggle/working/processed/2222b3e3-3a32-49bd-aa72-31762c67ae4a_000000003625.png,1,1.0,0.93896484,1,1,FAULTY,FAULTY,True,0.17822265625
/kaggle/working/processed/87b27b59-4b47-45ec-97d8-c3b06c1a8cc5_000000015476.png,0,6.0,0.31835938,1,0,FAULTY,GOOD,False,0.17822265625
/kaggle/working/processed/792a616b-ef29-4d1e-8629-9d61c23526ff_000000031423.png,0,1.0,0.20336914,1,0,FAULTY,GOOD,False,0.17822265625
/kaggle/working/processed/5c4455a4-4cc7-4190-9a68-0ef17112cc06_000000033376.png,1,1.0,0.9970703,1,1,FAULTY,FAULTY,True,0.17822265625
/kaggle/working/processed/8a935311-c9a8-4916-b7c0-3c3398f4ece9_000000026300.png,1,1.0,0.98779297,1,1,FAULTY,FAULTY,True,0.17822265625
/kaggle/working/processed/b4ebf0b4-ce0e-49fe-ad4c-1c8c886dc203_000000014445.png,1,1.0,0.31713867,1,1,FAULTY,FAULTY,True,0.17822265625
/kaggle/working/processed/bc59edbf-9bb8-4be0-9eb0-30a14adce5d1_000000011040.png,0,1.0,0.15283203,0,0,GOOD,GOOD,True,0.17822265625
/kaggle/working/processed/2d5afc63-cbad-40d0-b1e3-3d6670bdaba6_000000025295.png,0,1.0,0.15844727,0,0,GOOD,GOOD,True,0.17822265625
/kaggle/working/processed/0b2e185f-c136-4f40-ae92-f8383d6cacf1_000000020250.png,0,1.0,0.040618896,0,0,GOOD,GOOD,True,0.17822265625
/kaggle/working/processed/bb25c6e8-65c8-44cd-86d3-7f3083487ef1_000000026789.png,0,6.0,0.5517578,1,0,FAULTY,GOOD,False,0.17822265625
/kaggle/working/processed/f3941f57-4eee-4cfd-851c-040061f52e2a_000000023748.png,0,1.0,0.11199951,0,0,GOOD,GOOD,True,0.17822265625
/kaggle/working/processed/6e35b52a-aed6-4dde-893e-e87f36d167be_000000029923.png,1,1.0,1.0,1,1,FAULTY,FAULTY,True,0.17822265625
/kaggle/working/processed/9a4f4b5a-d3ed-42c2-b042-73fadfdc1679_000000022010.png,0,1.0,0.031204224,0,0,GOOD,GOOD,True,0.17822265625
/kaggle/working/processed/b2413222-3907-453e-9b33-51100df9f3d0_000000029575.png,0,6.0,0.15454102,0,0,GOOD,GOOD,True,0.17822265625
/kaggle/working/processed/6fc1d467-1bfe-4734-bda2-f675507382a4_000000025551.png,1,1.0,1.0,1,1,FAULTY,FAULTY,True,0.17822265625
/kaggle/working/processed/bc159269-aaf5-437e-886d-e96504695fd2_000000023178.png,1,1.0,0.99902344,1,1,FAULTY,FAULTY,True,0.17822265625
/kaggle/working/processed/e0a03610-77aa-46de-b938-a0ba3415a043_000000008299.png,0,6.0,0.42919922,1,0,FAULTY,GOOD,False,0.17822265625
/kaggle/working/processed/a09a1797-ee58-4b96-b900-caa4fd73a216_000000025476.png,0,6.0,0.11553955,0,0,GOOD,GOOD,True,0.17822265625
/kaggle/working/processed/6facc2b5-fea8-488c-ab6e-40b9555fe766_000000009606.png,1,1.0,0.8261719,1,1,FAULTY,FAULTY,True,0.17822265625
/kaggle/working/processed/7594edc8-1301-4809-a055-93223a729f80_000000014754.png,0,1.0,0.04510498,0,0,GOOD,GOOD,True,0.17822265625
/kaggle/working/processed/ed4c05f9-1fb4-4737-890f-27b89cf0c5aa_000000035311.png,1,1.0,1.0,1,1,FAULTY,FAULTY,True,0.17822265625
/kaggle/working/processed/21413b42-8fec-43b0-a1cf-40c2a2473139_000000016844.png,0,1.0,0.114746094,0,0,GOOD,GOOD,True,0.17822265625
/kaggle/working/processed/8ff3244c-c605-4761-99ac-ae9fbf44f3e6_000000007765.png,0,1.0,0.10559082,0,0,GOOD,GOOD,True,0.17822265625
/kaggle/working/processed/af01d8d6-7369-41d7-81e0-de2495e4c482_000000012501.png,1,1.0,1.0,1,1,FAULTY,FAULTY,True,0.17822265625
/kaggle/working/processed/54b4dbd9-b6cd-49a4-b2df-4f05de0015ee_000000008644.png,0,1.0,0.057922363,0,0,GOOD,GOOD,True,0.17822265625
/kaggle/working/processed/200c11fa-e710-4702-8d47-3775e876ac5e_000000011820.png,0,1.0,0.074645996,0,0,GOOD,GOOD,True,0.17822265625
/kaggle/working/processed/8fdb10dd-f91c-4087-aa5f-5a93bc2383bb_000000031456.png,1,1.0,0.99853516,1,1,FAULTY,FAULTY,True,0.17822265625
/kaggle/working/processed/7472a094-5bc9-4f47-bcd5-d7d692702787_000000008212.png,1,1.0,0.9848633,1,1,FAULTY,FAULTY,True,0.17822265625
/kaggle/working/processed/8c9b17e2-0e22-4e9d-b858-d01549906548_000000030791.png,0,1.0,0.05203247,0,0,GOOD,GOOD,True,0.17822265625
/kaggle/working/processed/65ce74c2-809c-4f96-9821-1e46e3909188_000000013691.png,0,1.0,0.26611328,1,0,FAULTY,GOOD,False,0.17822265625
/kaggle/working/processed/ac89e6c3-e667-470e-a24a-ffa9e203a156_000000029565.png,0,1.0,0.1484375,0,0,GOOD,GOOD,True,0.17822265625
/kaggle/working/processed/00f26051-ae7e-48e6-9790-4fbbb9c09b8c_000000009567.png,1,1.0,0.96875,1,1,FAULTY,FAULTY,True,0.17822265625
/kaggle/working/processed/0b7047a3-72fd-4aa3-bf1f-f30cfb744280_000000012317.png,1,1.0,0.9980469,1,1,FAULTY,FAULTY,True,0.17822265625
/kaggle/working/processed/db66f703-b718-45d4-9a10-5e9985806c60_000000030186.png,1,1.0,0.6665039,1,1,FAULTY,FAULTY,True,0.17822265625
/kaggle/working/processed/e75dc53c-e762-4318-bc1f-9fadf9945723_000000006114.png,1,1.0,0.9995117,1,1,FAULTY,FAULTY,True,0.17822265625
/kaggle/working/processed/9865d38e-aba7-4ebd-b5de-37550c8309e1_000000000668.png,1,1.0,0.7348633,1,1,FAULTY,FAULTY,True,0.17822265625
/kaggle/working/processed/d66b2840-178f-4e00-9b62-1510d29a4ce4_000000007543.png,1,1.0,0.98876953,1,1,FAULTY,FAULTY,True,0.17822265625
/kaggle/working/processed/39f98817-131c-4603-9ebb-7ff8eefaf956_000000004541.png,1,1.0,0.99316406,1,1,FAULTY,FAULTY,True,0.17822265625
/kaggle/working/processed/50bb4db0-bdf4-4730-ad0a-3ad3df6acdc8_000000024888.png,0,6.0,0.14465332,0,0,GOOD,GOOD,True,0.17822265625
/kaggle/working/processed/bde6a8b7-1c5c-450f-9973-7e79ff788963_000000026550.png,0,1.0,0.1348877,0,0,GOOD,GOOD,True,0.17822265625
/kaggle/working/processed/9a2d89aa-f0e4-4208-8141-21241737fbb9_000000000958.png,1,1.0,1.0,1,1,FAULTY,FAULTY,True,0.17822265625
/kaggle/working/processed/3a5cc90c-0d60-416a-9a53-fdfcb591b986_000000030744.png,1,1.0,0.73046875,1,1,FAULTY,FAULTY,True,0.17822265625
/kaggle/working/processed/66b49353-5ef9-47bd-864c-0746f3acc4c0_000000028926.png,1,1.0,0.4645996,1,1,FAULTY,FAULTY,True,0.17822265625
/kaggle/working/processed/672979f2-7f11-44d9-9b23-63d2af779fc9_000000001893.png,0,1.0,0.116760254,0,0,GOOD,GOOD,True,0.17822265625
/kaggle/working/processed/9b85f3ff-92b9-46b6-b310-d72743e470e5_000000020487.png,1,1.0,0.9584961,1,1,FAULTY,FAULTY,True,0.17822265625
/kaggle/working/processed/6f928da3-3ede-46a5-9646-0b61c8316052_000000007254.png,1,1.0,0.9819336,1,1,FAULTY,FAULTY,True,0.17822265625
/kaggle/working/processed/0e0cb4db-165f-4412-a3ce-1201b3d039fe_000000019787.png,1,1.0,1.0,1,1,FAULTY,FAULTY,True,0.17822265625
/kaggle/working/processed/da8d54a7-01f1-4b6b-ad23-4d5f32047ca4_000000023828.png,1,1.0,0.4494629,1,1,FAULTY,FAULTY,True,0.17822265625
/kaggle/working/processed/336ad8ed-d76d-44db-8ed5-cadce027284b_000000016572.png,1,1.0,0.9995117,1,1,FAULTY,FAULTY,True,0.17822265625
/kaggle/working/processed/6920572c-2023-46dc-b256-9d5d516477bf_000000001779.png,0,1.0,0.041778564,0,0,GOOD,GOOD,True,0.17822265625
/kaggle/working/processed/07857967-70c8-4b21-873c-6f9776fbe1e7_000000007114.png,0,1.0,0.16003418,0,0,GOOD,GOOD,True,0.17822265625
/kaggle/working/processed/ad480c01-6685-4f2d-9733-62d30b732eed_000000034451.png,0,1.0,0.04208374,0,0,GOOD,GOOD,True,0.17822265625
/kaggle/working/processed/a1113521-038a-44ea-82f6-4f5a08edc806_000000007323.png,1,1.0,0.6376953,1,1,FAULTY,FAULTY,True,0.17822265625
/kaggle/working/processed/2f29e1f8-40ef-4ce7-b152-74cd6861d72b_000000020449.png,1,1.0,0.9975586,1,1,FAULTY,FAULTY,True,0.17822265625
/kaggle/working/processed/a7ea2ed9-27a9-41b6-9ffd-a64a288aa35a_000000021223.png,1,1.0,0.9892578,1,1,FAULTY,FAULTY,True,0.17822265625
/kaggle/working/processed/c7eda609-8f47-4101-a75e-6f6020f2dea4_000000026993.png,1,1.0,1.0,1,1,FAULTY,FAULTY,True,0.17822265625
/kaggle/working/processed/aa55d597-d741-46be-ac3b-f785a146ca34_000000001440.png,1,1.0,1.0,1,1,FAULTY,FAULTY,True,0.17822265625
/kaggle/working/processed/e7d3af1c-7c20-422b-aade-7efc9843ec2c_000000007350.png,1,1.0,0.9628906,1,1,FAULTY,FAULTY,True,0.17822265625
/kaggle/working/processed/a0030ad1-a9a6-4ede-8e2a-1aa6763ba923_000000011559.png,1,1.0,0.9609375,1,1,FAULTY,FAULTY,True,0.17822265625
/kaggle/working/processed/062b5bda-54df-4389-8430-4a6438e70cc0_000000016979.png,1,1.0,1.0,1,1,FAULTY,FAULTY,True,0.17822265625
/kaggle/working/processed/966b89fe-f2f7-4815-9efe-69728d8ed00e_000000019604.png,1,1.0,0.9291992,1,1,FAULTY,FAULTY,True,0.17822265625
/kaggle/working/processed/8871d335-08c9-4cef-ac86-01bf9520e990_000000034712.png,1,1.0,0.9277344,1,1,FAULTY,FAULTY,True,0.17822265625
/kaggle/working/processed/624eb259-f51f-4f24-838c-7cece563b759_000000028439.png,1,1.0,0.9428711,1,1,FAULTY,FAULTY,True,0.17822265625
/kaggle/working/processed/c8f2175d-f991-41e9-ba4d-3d5f762a9e9c_000000027229.png,1,1.0,0.49951172,1,1,FAULTY,FAULTY,True,0.17822265625
/kaggle/working/processed/a710cf7c-8708-4cd8-9267-5e485c4d7a17_000000027123.png,1,1.0,0.99902344,1,1,FAULTY,FAULTY,True,0.17822265625
/kaggle/working/processed/b2f2a150-8143-4edb-b6c3-6ea837b135a2_000000002249.png,0,6.0,0.83935547,1,0,FAULTY,GOOD,False,0.17822265625
/kaggle/working/processed/899cc017-a5b2-4096-8a2e-bcf8548ee412_000000006358.png,0,1.0,0.07318115,0,0,GOOD,GOOD,True,0.17822265625
/kaggle/working/processed/57c741bc-ac65-4d47-9658-62c91635242e_000000034201.png,0,6.0,0.111816406,0,0,GOOD,GOOD,True,0.17822265625
/kaggle/working/processed/002f8e71-8230-4706-b61d-97db248ac1bf_000000005789.png,0,1.0,0.09057617,0,0,GOOD,GOOD,True,0.17822265625
/kaggle/working/processed/f143bbc7-2936-4d92-b586-c2a6e18193e1_000000012041.png,1,1.0,0.6328125,1,1,FAULTY,FAULTY,True,0.17822265625
/kaggle/working/processed/6f3c1ee4-29be-434c-9ff7-38dedaa9e640_000000026055.png,1,1.0,0.9350586,1,1,FAULTY,FAULTY,True,0.17822265625
/kaggle/working/processed/98c3ab26-f308-4906-ac7e-e75438a53454_000000029642.png,1,1.0,1.0,1,1,FAULTY,FAULTY,True,0.17822265625
/kaggle/working/processed/201accd4-65f5-4545-85e3-2dcf04c4ac0b_000000000247.png,0,1.0,0.09124756,0,0,GOOD,GOOD,True,0.17822265625
/kaggle/working/processed/588d401b-ba99-43d3-a485-60db8b8c1c6a_000000010998.png,1,1.0,0.50097656,1,1,FAULTY,FAULTY,True,0.17822265625
/kaggle/working/processed/b640ab5f-1f77-4156-a40f-178b2e4084af_000000030494.png,0,1.0,0.11010742,0,0,GOOD,GOOD,True,0.17822265625
/kaggle/working/processed/b416de1c-ecd6-4f42-9c2d-b6771f45772e_000000021919.png,1,1.0,0.99853516,1,1,FAULTY,FAULTY,True,0.17822265625
/kaggle/working/processed/f5b2f396-f1bc-4b4a-9933-60f622be9894_000000003073.png,1,1.0,0.9921875,1,1,FAULTY,FAULTY,True,0.17822265625
/kaggle/working/processed/80e0b3cd-1632-4c6f-aded-e946739d3384_000000024047.png,0,1.0,0.18444824,1,0,FAULTY,GOOD,False,0.17822265625
/kaggle/working/processed/2d6934a1-1caf-473e-a1ac-99732e0bd9bc_000000001361.png,1,1.0,0.99658203,1,1,FAULTY,FAULTY,True,0.17822265625
/kaggle/working/processed/15620f0e-be60-4d9c-8d2e-5412ad399c15_000000014005.png,1,1.0,1.0,1,1,FAULTY,FAULTY,True,0.17822265625
/kaggle/working/processed/6c68c7fa-821e-41ec-a5d1-58f9c80fbc66_000000027175.png,0,6.0,0.1973877,1,0,FAULTY,GOOD,False,0.17822265625
/kaggle/working/processed/991b25f0-f60b-4c39-81f4-3ee8aa8b066a_000000001467.png,0,1.0,0.10449219,0,0,GOOD,GOOD,True,0.17822265625
/kaggle/working/processed/6ce4ce61-6efb-47f6-bcbe-8aa0f79ca872_000000011748.png,1,1.0,0.9995117,1,1,FAULTY,FAULTY,True,0.17822265625
/kaggle/working/processed/811d887b-b2d6-42d7-b102-de09c19366a2_000000007542.png,1,1.0,0.9995117,1,1,FAULTY,FAULTY,True,0.17822265625
/kaggle/working/processed/2ea1a2eb-935d-40d2-ba60-42cd7fa9ae3d_000000024109.png,0,6.0,0.1965332,1,0,FAULTY,GOOD,False,0.17822265625
/kaggle/working/processed/45c32cae-e213-46ca-b851-591600608483_000000032022.png,0,1.0,0.10839844,0,0,GOOD,GOOD,True,0.17822265625
/kaggle/working/processed/b08e6597-2ac0-4884-8f2d-f8acf7426234_000000017233.png,1,1.0,0.9995117,1,1,FAULTY,FAULTY,True,0.17822265625
/kaggle/working/processed/9ea8679b-e9b9-4596-a796-1c5a0776a0b9_000000028179.png,0,1.0,0.12536621,0,0,GOOD,GOOD,True,0.17822265625
/kaggle/working/processed/ca91f096-39ec-462c-8197-aef32feda636_000000030580.png,0,1.0,0.12402344,0,0,GOOD,GOOD,True,0.17822265625
/kaggle/working/processed/ecbd09a0-c0d4-4fd2-986a-c3c4f9a63c63_000000003477.png,1,1.0,0.98779297,1,1,FAULTY,FAULTY,True,0.17822265625
/kaggle/working/processed/92669b32-a592-4f5a-b6fb-7379bd44ee4e_000000017468.png,1,1.0,0.9995117,1,1,FAULTY,FAULTY,True,0.17822265625
/kaggle/working/processed/0494193e-053d-4e90-a2d4-e1d98440d839_000000025063.png,0,1.0,0.06359863,0,0,GOOD,GOOD,True,0.17822265625
/kaggle/working/processed/6da95f51-2ce9-4ed7-94bb-7bd342f767fd_000000000790.png,1,1.0,1.0,1,1,FAULTY,FAULTY,True,0.17822265625
/kaggle/working/processed/6ecca971-7278-4883-bb8e-b6dfc605d0de_000000005095.png,0,6.0,0.30249023,1,0,FAULTY,GOOD,False,0.17822265625
/kaggle/working/processed/5287c89c-406b-4f42-a443-9c43c23a9b1b_000000001331.png,1,1.0,1.0,1,1,FAULTY,FAULTY,True,0.17822265625
/kaggle/working/processed/a9b543be-52e6-4723-98ca-d0ab5329d72f_000000008549.png,0,6.0,0.49560547,1,0,FAULTY,GOOD,False,0.17822265625
/kaggle/working/processed/ba4b2625-1558-4a0c-8aaf-9488d85d27bb_000000011270.png,0,6.0,0.35620117,1,0,FAULTY,GOOD,False,0.17822265625
/kaggle/working/processed/fe52f0ee-4e43-462c-ac5c-9e79a510350a_000000011369.png,0,6.0,0.39160156,1,0,FAULTY,GOOD,False,0.17822265625
/kaggle/working/processed/176d7d2b-3a27-4ea4-8f70-2646404e025e_000000017350.png,1,1.0,0.9790039,1,1,FAULTY,FAULTY,True,0.17822265625
/kaggle/working/processed/fa123e5f-7f20-436e-b376-0bddadab521f_000000013094.png,1,1.0,1.0,1,1,FAULTY,FAULTY,True,0.17822265625
/kaggle/working/processed/622f535d-52ea-462d-a231-9aa9913c502c_000000007961.png,0,1.0,0.1862793,1,0,FAULTY,GOOD,False,0.17822265625
/kaggle/working/processed/e9f5e70c-593f-4713-bbb8-88ecb2f9f477_000000030028.png,0,1.0,0.030960083,0,0,GOOD,GOOD,True,0.17822265625
/kaggle/working/processed/0f720ced-e4fd-47c2-83a0-2fa9ad5af2fe_000000019282.png,0,1.0,0.095336914,0,0,GOOD,GOOD,True,0.17822265625
/kaggle/working/processed/93472ba4-12d6-4dcd-8ef8-8b9d1258cbc4_000000020048.png,0,1.0,0.059661865,0,0,GOOD,GOOD,True,0.17822265625
/kaggle/working/processed/f8881b00-1062-413a-99a0-2160ca50a699_000000004112.png,0,1.0,0.101257324,0,0,GOOD,GOOD,True,0.17822265625
/kaggle/working/processed/78785b47-6d3c-42a0-af9d-7d8f87ba0655_000000002325.png,1,1.0,0.8046875,1,1,FAULTY,FAULTY,True,0.17822265625
/kaggle/working/processed/9590d0d8-d23d-4d06-ab41-3c197487462f_000000012836.png,0,1.0,0.10229492,0,0,GOOD,GOOD,True,0.17822265625
/kaggle/working/processed/0c75ba46-46d9-4e7f-bd79-377f5d987a97_000000033044.png,0,6.0,0.26342773,1,0,FAULTY,GOOD,False,0.17822265625
/kaggle/working/processed/b00ded9f-ab36-45f8-a62b-b9dfa455bc29_000000016554.png,1,1.0,0.99853516,1,1,FAULTY,FAULTY,True,0.17822265625
/kaggle/working/processed/97c521f2-aa67-459e-af7c-99870d6ad92b_000000033707.png,0,1.0,0.081970215,0,0,GOOD,GOOD,True,0.17822265625
/kaggle/working/processed/385f20f0-dcf7-40e2-8ed0-a2ee82369735_000000005369.png,1,1.0,1.0,1,1,FAULTY,FAULTY,True,0.17822265625
/kaggle/working/processed/e100394f-9f08-4c1d-a5aa-468d1e9a1bc9_000000027089.png,1,1.0,0.93652344,1,1,FAULTY,FAULTY,True,0.17822265625
/kaggle/working/processed/586fc462-06f6-4fa9-8acd-f1efac18e578_000000013756.png,1,1.0,0.98046875,1,1,FAULTY,FAULTY,True,0.17822265625
/kaggle/working/processed/98101069-c8b2-4452-96fa-e954fbe8dfd7_000000020646.png,0,6.0,0.24694824,1,0,FAULTY,GOOD,False,0.17822265625
/kaggle/working/processed/7b66b011-9763-46d4-ae55-15628cf8086c_000000018522.png,0,1.0,0.19116211,1,0,FAULTY,GOOD,False,0.17822265625
/kaggle/working/processed/98d2f970-98ab-409e-b3e2-25144e82a089_000000009532.png,0,6.0,0.15405273,0,0,GOOD,GOOD,True,0.17822265625
/kaggle/working/processed/aefab256-151f-4d98-8e43-659c9bd8e988_000000022705.png,1,1.0,1.0,1,1,FAULTY,FAULTY,True,0.17822265625
/kaggle/working/processed/f5b61acf-1b74-4104-8c3f-a9643f400d89_000000000379.png,1,1.0,0.9980469,1,1,FAULTY,FAULTY,True,0.17822265625
/kaggle/working/processed/13978763-d4bc-436e-bb1b-8e5b08629b59_000000019993.png,1,1.0,0.9975586,1,1,FAULTY,FAULTY,True,0.17822265625
/kaggle/working/processed/2d8b9784-347b-4f16-b574-cbfb45aeca8a_000000013415.png,0,1.0,0.099121094,0,0,GOOD,GOOD,True,0.17822265625
/kaggle/working/processed/211cd241-9748-4710-8bfb-e83d1625a84e_000000009061.png,1,1.0,0.9980469,1,1,FAULTY,FAULTY,True,0.17822265625
/kaggle/working/processed/6fa055a4-2f4b-4013-a3e9-6f272ac3376b_000000000062.png,0,6.0,0.3149414,1,0,FAULTY,GOOD,False,0.17822265625
/kaggle/working/processed/3a36ba19-4362-40e2-bebf-b76c3a947504_000000008528.png,1,1.0,0.9980469,1,1,FAULTY,FAULTY,True,0.17822265625
/kaggle/working/processed/9f8b4bac-1e74-4456-8de6-c6502805e16f_000000005321.png,1,1.0,0.7495117,1,1,FAULTY,FAULTY,True,0.17822265625
/kaggle/working/processed/f017d598-dda1-4fe3-a778-fe24e06eda47_000000011424.png,1,1.0,0.9951172,1,1,FAULTY,FAULTY,True,0.17822265625
/kaggle/working/processed/f7f9a2cd-f895-4668-86fc-a7929843846c_000000024130.png,1,1.0,0.7714844,1,1,FAULTY,FAULTY,True,0.17822265625
/kaggle/working/processed/f27b1dde-4af3-490d-b05f-11888048d652_000000019225.png,0,6.0,0.15466309,0,0,GOOD,GOOD,True,0.17822265625
/kaggle/working/processed/be2368fe-bcb6-4b08-9dde-3b877461b44a_000000024767.png,1,1.0,0.9995117,1,1,FAULTY,FAULTY,True,0.17822265625
/kaggle/working/processed/66212dfc-718e-49ad-b000-2a8b89e5257a_000000020747.png,0,1.0,0.05987549,0,0,GOOD,GOOD,True,0.17822265625
/kaggle/working/processed/cfccb303-22c1-401d-91c4-4d114f09e8db_000000027723.png,0,1.0,0.07574463,0,0,GOOD,GOOD,True,0.17822265625
/kaggle/working/processed/d967e271-cd57-4f24-8f7f-e518c41d70a6_000000025242.png,0,6.0,0.23352051,1,0,FAULTY,GOOD,False,0.17822265625
/kaggle/working/processed/a688c7da-db64-49c3-abfd-b8fa87ccf05c_000000028415.png,1,1.0,1.0,1,1,FAULTY,FAULTY,True,0.17822265625
/kaggle/working/processed/101540d9-0eb9-4fb6-b9ab-cde0f963451f_000000006671.png,0,6.0,0.47045898,1,0,FAULTY,GOOD,False,0.17822265625
/kaggle/working/processed/34e6c75b-6094-460b-beb9-fd63c56d1fb8_000000026983.png,1,1.0,0.47387695,1,1,FAULTY,FAULTY,True,0.17822265625
/kaggle/working/processed/2ec19e1b-9c00-426f-bc03-895d0735c18f_000000025069.png,0,6.0,0.107055664,0,0,GOOD,GOOD,True,0.17822265625
/kaggle/working/processed/2821d7d0-9df1-4a47-ada9-05c1e92c11b1_000000030927.png,0,1.0,0.04257202,0,0,GOOD,GOOD,True,0.17822265625
/kaggle/working/processed/91bfa197-7bb9-4aef-806f-b652cccece73_000000010730.png,1,1.0,1.0,1,1,FAULTY,FAULTY,True,0.17822265625
/kaggle/working/processed/f677b6d1-da85-4e78-bf37-985634b12204_000000031682.png,1,1.0,0.99853516,1,1,FAULTY,FAULTY,True,0.17822265625
/kaggle/working/processed/e981d6b3-c9da-491d-a8fe-b0d45783edb0_000000020823.png,0,1.0,0.08691406,0,0,GOOD,GOOD,True,0.17822265625
/kaggle/working/processed/67d63f2c-5873-4cc6-92f9-1138d4e2fb34_000000005482.png,1,1.0,1.0,1,1,FAULTY,FAULTY,True,0.17822265625
/kaggle/working/processed/33cdd693-f4ac-42f8-8a18-f45a16d6fb69_000000005141.png,0,6.0,0.3774414,1,0,FAULTY,GOOD,False,0.17822265625
/kaggle/working/processed/8e368bdf-67e2-443b-9926-5b301478333c_000000033345.png,1,1.0,0.62402344,1,1,FAULTY,FAULTY,True,0.17822265625
/kaggle/working/processed/e25b590d-8472-4073-8f5c-268f25c73c02_000000010564.png,0,1.0,0.15258789,0,0,GOOD,GOOD,True,0.17822265625
/kaggle/working/processed/bd9da558-edfe-4e71-9b6b-0c222e18daff_000000009598.png,0,1.0,0.15344238,0,0,GOOD,GOOD,True,0.17822265625
/kaggle/working/processed/60fcd2c7-788a-4947-b649-650c6c76ff33_000000020001.png,1,1.0,0.98291016,1,1,FAULTY,FAULTY,True,0.17822265625
/kaggle/working/processed/30ec083f-af1b-42fe-94fc-a521a06c9881_000000020330.png,1,1.0,0.72509766,1,1,FAULTY,FAULTY,True,0.17822265625
/kaggle/working/processed/95f6ce8e-dbff-41c2-9f87-6c2d3dea4c2c_000000020750.png,1,1.0,0.6953125,1,1,FAULTY,FAULTY,True,0.17822265625
/kaggle/working/processed/3592247a-7973-45dc-a18b-b3d3ec9c920d_000000010399.png,1,1.0,0.9980469,1,1,FAULTY,FAULTY,True,0.17822265625
/kaggle/working/processed/71705b09-b0e9-4343-92c6-ce2faef2b962_000000032720.png,0,1.0,0.1270752,0,0,GOOD,GOOD,True,0.17822265625
/kaggle/working/processed/fd0d484e-a9fc-4b67-a1d9-f4414235806a_000000029505.png,0,1.0,0.078063965,0,0,GOOD,GOOD,True,0.17822265625
/kaggle/working/processed/90ae1a7c-d26b-46fb-8a80-9f90c1a0673d_000000024327.png,0,6.0,0.1661377,0,0,GOOD,GOOD,True,0.17822265625
/kaggle/working/processed/750fa505-e99e-44c3-9292-e1183180a094_000000019315.png,1,1.0,1.0,1,1,FAULTY,FAULTY,True,0.17822265625
/kaggle/working/processed/bcb2f44d-2312-4302-9a4b-255712b93182_000000024984.png,1,1.0,0.9291992,1,1,FAULTY,FAULTY,True,0.17822265625
/kaggle/working/processed/06767c66-e79a-44a3-bf00-529c8112b9f7_000000013744.png,1,1.0,0.98291016,1,1,FAULTY,FAULTY,True,0.17822265625
/kaggle/working/processed/2fd77d03-bed5-40f9-95d9-a118f683dc31_000000034739.png,0,1.0,0.10632324,0,0,GOOD,GOOD,True,0.17822265625
/kaggle/working/processed/b37d0442-59c1-434d-9849-8b3d7f145e83_000000027429.png,0,1.0,0.12432861,0,0,GOOD,GOOD,True,0.17822265625
/kaggle/working/processed/b6053229-4e57-4786-8318-c33d33ff64ff_000000023690.png,1,1.0,0.99609375,1,1,FAULTY,FAULTY,True,0.17822265625
/kaggle/working/processed/5257959f-5355-4405-9db4-3d6f3a5954ac_000000028327.png,0,1.0,0.09350586,0,0,GOOD,GOOD,True,0.17822265625
/kaggle/working/processed/ee09e5f9-6a24-415f-9665-07b173a7de55_000000026102.png,0,1.0,0.045959473,0,0,GOOD,GOOD,True,0.17822265625
/kaggle/working/processed/1f9203ef-ef96-4c77-a3d9-9308d88c765d_000000015962.png,0,1.0,0.07556152,0,0,GOOD,GOOD,True,0.17822265625
/kaggle/working/processed/1d52e383-60e4-48de-a93c-824bc8b4883b_000000003740.png,1,1.0,0.9555664,1,1,FAULTY,FAULTY,True,0.17822265625
/kaggle/working/processed/6ae264e9-c73b-4a17-98c2-a0d2b315d787_000000024905.png,1,1.0,0.33813477,1,1,FAULTY,FAULTY,True,0.17822265625
/kaggle/working/processed/96da8f25-b08c-4517-abc9-951c64811f59_000000008776.png,0,1.0,0.030044556,0,0,GOOD,GOOD,True,0.17822265625
/kaggle/working/processed/648cd7e1-4027-492a-9ea6-aac72e55aa63_000000008008.png,1,1.0,1.0,1,1,FAULTY,FAULTY,True,0.17822265625
/kaggle/working/processed/cc4fd396-d280-4a60-867e-92c0d1bdb537_000000033829.png,1,1.0,0.9980469,1,1,FAULTY,FAULTY,True,0.17822265625
/kaggle/working/processed/026ef4c2-6eb7-43de-b7e1-d94f82013cf2_000000001718.png,1,1.0,1.0,1,1,FAULTY,FAULTY,True,0.17822265625
/kaggle/working/processed/471c7216-c121-4c57-a511-d34a07ec8b21_000000030484.png,1,1.0,0.6767578,1,1,FAULTY,FAULTY,True,0.17822265625
/kaggle/working/processed/7a30a8f0-d2a8-45e3-a697-578b65e92aff_000000019235.png,0,1.0,0.1361084,0,0,GOOD,GOOD,True,0.17822265625
/kaggle/working/processed/eabfe8f4-f359-45f1-ab7d-abd9a667c229_000000034657.png,1,1.0,1.0,1,1,FAULTY,FAULTY,True,0.17822265625
/kaggle/working/processed/8e41dc87-0762-4057-b565-83eb36851d7a_000000025201.png,0,6.0,0.1307373,0,0,GOOD,GOOD,True,0.17822265625
/kaggle/working/processed/10825305-e544-4be0-8f08-3d451cec7105_000000028429.png,0,6.0,0.49414062,1,0,FAULTY,GOOD,False,0.17822265625
/kaggle/working/processed/42a102fd-5d98-47f8-a2d2-1e803ef3f2bd_000000021190.png,1,1.0,0.99560547,1,1,FAULTY,FAULTY,True,0.17822265625
/kaggle/working/processed/2502a2dd-e9fa-4f52-a55a-900e7a56658e_000000033764.png,1,1.0,0.99902344,1,1,FAULTY,FAULTY,True,0.17822265625
/kaggle/working/processed/ac843d5a-b010-4bf7-996e-754d7ff11f01_000000010779.png,0,1.0,0.3112793,1,0,FAULTY,GOOD,False,0.17822265625
/kaggle/working/processed/da16340d-7e1d-48c9-8005-8cfc901ae618_000000021842.png,1,1.0,1.0,1,1,FAULTY,FAULTY,True,0.17822265625
/kaggle/working/processed/06357d93-3762-4946-a4f0-25cc5b4921dc_000000001709.png,1,1.0,0.8222656,1,1,FAULTY,FAULTY,True,0.17822265625
/kaggle/working/processed/f010046a-4b8d-400d-8ec8-f2eab76367da_000000015666.png,0,6.0,0.4399414,1,0,FAULTY,GOOD,False,0.17822265625
/kaggle/working/processed/95e6d4da-d17d-413a-9883-e9669e0d12f7_000000005801.png,1,1.0,1.0,1,1,FAULTY,FAULTY,True,0.17822265625
/kaggle/working/processed/6503e325-3c3c-40ad-b3b6-6b2565754115_000000030522.png,0,1.0,0.076293945,0,0,GOOD,GOOD,True,0.17822265625
/kaggle/working/processed/6f822d99-ceac-48ce-89ca-6b371cf7c748_000000022340.png,1,1.0,0.99560547,1,1,FAULTY,FAULTY,True,0.17822265625
/kaggle/working/processed/a47c4194-cb05-4604-8251-8f76d7dfd72c_000000030728.png,1,1.0,0.9980469,1,1,FAULTY,FAULTY,True,0.17822265625
/kaggle/working/processed/98181d1b-4a34-4263-bab3-bd743d0015c7_000000006757.png,0,6.0,0.32006836,1,0,FAULTY,GOOD,False,0.17822265625
/kaggle/working/processed/48ae3890-3a08-4f95-adac-ab35cde505b5_000000014130.png,1,1.0,0.99902344,1,1,FAULTY,FAULTY,True,0.17822265625
/kaggle/working/processed/c099ab42-efe0-434c-b8d9-195da96534c8_000000026853.png,0,1.0,0.15026855,0,0,GOOD,GOOD,True,0.17822265625
/kaggle/working/processed/62e4f548-7a5e-4d8f-b9d5-ca7d04836878_000000029191.png,0,1.0,0.08709717,0,0,GOOD,GOOD,True,0.17822265625
/kaggle/working/processed/fdd2124b-82f8-4f25-b810-4f05ea8cdcc6_000000033011.png,1,1.0,0.921875,1,1,FAULTY,FAULTY,True,0.17822265625
/kaggle/working/processed/f537a0a9-6552-4459-8e30-96e3f006824c_000000030170.png,0,6.0,0.20471191,1,0,FAULTY,GOOD,False,0.17822265625
/kaggle/working/processed/b3ddf81a-a72b-4595-b82a-50344e7bb336_000000031435.png,0,6.0,0.20471191,1,0,FAULTY,GOOD,False,0.17822265625
/kaggle/working/processed/381b3bdd-b1c6-43a4-a03e-12563f8a1d6e_000000024191.png,0,6.0,0.20349121,1,0,FAULTY,GOOD,False,0.17822265625
/kaggle/working/processed/8b88059f-76af-4cbf-8df7-7e740925a3e9_000000017970.png,1,1.0,0.99902344,1,1,FAULTY,FAULTY,True,0.17822265625
/kaggle/working/processed/d10e143b-c0f9-4002-878e-2583c0474716_000000020917.png,1,1.0,1.0,1,1,FAULTY,FAULTY,True,0.17822265625
/kaggle/working/processed/1c494c3e-c980-4081-8c87-f44e870c1c8d_000000008519.png,1,1.0,1.0,1,1,FAULTY,FAULTY,True,0.17822265625
/kaggle/working/processed/dc3164ca-4bad-4343-907c-646759ade688_000000022624.png,1,1.0,1.0,1,1,FAULTY,FAULTY,True,0.17822265625
/kaggle/working/processed/10a34be0-e503-45f3-b848-e5aade4a3f78_000000023808.png,1,1.0,1.0,1,1,FAULTY,FAULTY,True,0.17822265625
/kaggle/working/processed/f72ad130-54b1-4617-bf9a-b1d232232678_000000004072.png,1,1.0,0.53027344,1,1,FAULTY,FAULTY,True,0.17822265625
/kaggle/working/processed/b10ce6cd-b547-4ced-bb89-ac3eb1997727_000000000022.png,0,1.0,0.18713379,1,0,FAULTY,GOOD,False,0.17822265625
/kaggle/working/processed/c0ec08d1-20b9-4dcb-82cf-d12dcf8efbed_000000027025.png,1,1.0,0.55810547,1,1,FAULTY,FAULTY,True,0.17822265625
/kaggle/working/processed/d8ce28ae-e0bc-4e0b-ad96-c2cd23c3d6b3_000000011013.png,0,6.0,0.17700195,0,0,GOOD,GOOD,True,0.17822265625
/kaggle/working/processed/cf1ea544-00c6-4f1f-9e89-a4fb770f74ff_000000002301.png,0,6.0,0.1607666,0,0,GOOD,GOOD,True,0.17822265625
/kaggle/working/processed/05c29888-1243-4b94-b69e-c122f8d81129_000000005075.png,1,1.0,0.9765625,1,1,FAULTY,FAULTY,True,0.17822265625
/kaggle/working/processed/be4d206f-43ca-4666-aa95-184b116230a5_000000030750.png,0,6.0,0.26391602,1,0,FAULTY,GOOD,False,0.17822265625
/kaggle/working/processed/e40011ec-60bc-4f2c-b69c-51e1cd2a21a1_000000003363.png,1,1.0,0.9692383,1,1,FAULTY,FAULTY,True,0.17822265625
/kaggle/working/processed/44e968eb-9de4-433e-8000-7d32a74e32d4_000000023177.png,0,1.0,0.07891846,0,0,GOOD,GOOD,True,0.17822265625
/kaggle/working/processed/2a7c973f-7d49-4170-bc61-b5eb1d35c09c_000000029313.png,0,6.0,0.21154785,1,0,FAULTY,GOOD,False,0.17822265625
/kaggle/working/processed/285c8f8d-7624-4ba2-9aaf-247270e41ae6_000000014788.png,1,1.0,0.98583984,1,1,FAULTY,FAULTY,True,0.17822265625
/kaggle/working/processed/85ddc448-4bea-4e6f-a186-9201695f6644_000000008323.png,1,1.0,1.0,1,1,FAULTY,FAULTY,True,0.17822265625
/kaggle/working/processed/604a8e37-173b-4313-9e20-fbee5fb523dd_000000019467.png,1,1.0,1.0,1,1,FAULTY,FAULTY,True,0.17822265625
/kaggle/working/processed/a4d5de67-39ff-4ac8-b42c-ce15b3ce9cc1_000000003693.png,1,1.0,0.82958984,1,1,FAULTY,FAULTY,True,0.17822265625
/kaggle/working/processed/cf401011-7bd1-4294-8903-dfd7976f8747_000000005954.png,1,1.0,0.3400879,1,1,FAULTY,FAULTY,True,0.17822265625
/kaggle/working/processed/42721877-3d5e-4655-8a9a-a2cfe468058d_000000030025.png,1,1.0,0.61572266,1,1,FAULTY,FAULTY,True,0.17822265625
/kaggle/working/processed/516648aa-ad71-4ffa-a707-925b61243d24_000000012963.png,0,1.0,0.092041016,0,0,GOOD,GOOD,True,0.17822265625
/kaggle/working/processed/afa51c2c-4a29-4353-9cf0-62f64733d2c9_000000016505.png,0,1.0,0.14135742,0,0,GOOD,GOOD,True,0.17822265625
/kaggle/working/processed/67be436a-d0f3-4a37-969b-ea3a728fbbc1_000000006614.png,1,1.0,0.99658203,1,1,FAULTY,FAULTY,True,0.17822265625
/kaggle/working/processed/4c838409-a6b3-4281-8ddb-32e930ef834a_000000028711.png,0,1.0,0.0993042,0,0,GOOD,GOOD,True,0.17822265625
/kaggle/working/processed/2e2155b3-dbfe-4c0e-b0b6-d52cc3941397_000000024586.png,1,1.0,0.96728516,1,1,FAULTY,FAULTY,True,0.17822265625
/kaggle/working/processed/0b237856-8475-42cf-8c1e-088da678e745_000000023384.png,1,1.0,0.8364258,1,1,FAULTY,FAULTY,True,0.17822265625
/kaggle/working/processed/42ae4b71-5481-4d09-a1a2-2a224dd5bc92_000000016548.png,1,1.0,1.0,1,1,FAULTY,FAULTY,True,0.17822265625
/kaggle/working/processed/d81e2203-6b3b-4d14-9f35-aad3b7854f0f_000000008315.png,1,1.0,0.9379883,1,1,FAULTY,FAULTY,True,0.17822265625
/kaggle/working/processed/5aaf08e0-9605-4093-b219-15054df9687a_000000033565.png,0,6.0,0.107421875,0,0,GOOD,GOOD,True,0.17822265625
/kaggle/working/processed/39aef945-a8ab-454e-964e-d035cc199795_000000021657.png,1,1.0,0.7246094,1,1,FAULTY,FAULTY,True,0.17822265625
/kaggle/working/processed/53c0e876-115e-472f-864f-8bf584cc1b42_000000017888.png,1,1.0,1.0,1,1,FAULTY,FAULTY,True,0.17822265625
/kaggle/working/processed/52b0d6f8-8c76-44ee-b3cf-0b5a69a40ced_000000011072.png,0,1.0,0.11553955,0,0,GOOD,GOOD,True,0.17822265625
/kaggle/working/processed/39487a9d-b423-46e5-841c-20611425b03b_000000007639.png,0,1.0,0.08135986,0,0,GOOD,GOOD,True,0.17822265625
/kaggle/working/processed/1b04beeb-b35c-46cb-a770-f7e066732890_000000002769.png,0,1.0,0.049957275,0,0,GOOD,GOOD,True,0.17822265625
/kaggle/working/processed/b21a4828-6b28-4f22-a99a-7771c786158e_000000021959.png,1,1.0,1.0,1,1,FAULTY,FAULTY,True,0.17822265625
/kaggle/working/processed/f235d2b1-ff20-4041-aaaf-018343036df1_000000022583.png,1,1.0,0.23022461,1,1,FAULTY,FAULTY,True,0.17822265625
/kaggle/working/processed/6e8c7ef4-01ca-490e-9305-80d2f64a2810_000000014863.png,0,1.0,0.29345703,1,0,FAULTY,GOOD,False,0.17822265625
/kaggle/working/processed/4c60194c-a55e-47dc-b634-07338852db89_000000033175.png,1,1.0,1.0,1,1,FAULTY,FAULTY,True,0.17822265625
/kaggle/working/processed/15d912cc-1c28-4989-94a3-27082b5f3bca_000000034069.png,1,1.0,0.7133789,1,1,FAULTY,FAULTY,True,0.17822265625
/kaggle/working/processed/39c7e8ec-08e3-441d-9c5f-e4bf52adcbbc_000000005383.png,0,6.0,0.3876953,1,0,FAULTY,GOOD,False,0.17822265625
/kaggle/working/processed/293a2353-88bd-4317-b291-993b876de0d5_000000004626.png,1,1.0,1.0,1,1,FAULTY,FAULTY,True,0.17822265625
/kaggle/working/processed/eb009076-d686-4936-bbb0-854f2a7f2955_000000015522.png,1,1.0,0.9916992,1,1,FAULTY,FAULTY,True,0.17822265625
/kaggle/working/processed/6a7c54ba-677d-4608-a346-64a4ac3bc337_000000035122.png,0,1.0,0.16308594,0,0,GOOD,GOOD,True,0.17822265625
/kaggle/working/processed/6f40630c-b516-43f6-9c6c-c79160327da2_000000023423.png,1,1.0,1.0,1,1,FAULTY,FAULTY,True,0.17822265625
/kaggle/working/processed/8eb713de-a22b-4e44-939c-614ec1f45206_000000027401.png,1,1.0,1.0,1,1,FAULTY,FAULTY,True,0.17822265625
/kaggle/working/processed/db16f0a0-5890-4c12-ae13-47dd156bf193_000000004561.png,1,1.0,0.96533203,1,1,FAULTY,FAULTY,True,0.17822265625
/kaggle/working/processed/728d781e-66a6-4c61-b658-0bafb0e4fce7_000000024638.png,1,1.0,1.0,1,1,FAULTY,FAULTY,True,0.17822265625
/kaggle/working/processed/02a7de36-2240-4034-9c9f-a96f4a9b8cd0_000000021152.png,1,1.0,0.90185547,1,1,FAULTY,FAULTY,True,0.17822265625
/kaggle/working/processed/d0772205-727c-4941-98d4-2aed4eae65ca_000000023291.png,1,1.0,0.85302734,1,1,FAULTY,FAULTY,True,0.17822265625
/kaggle/working/processed/be574a56-c15f-4b4d-ac5d-f33548fb1f4f_000000030006.png,0,6.0,0.36694336,1,0,FAULTY,GOOD,False,0.17822265625
/kaggle/working/processed/8d208733-b13a-4e26-9eb4-c069864fa2ee_000000018169.png,0,1.0,0.16784668,0,0,GOOD,GOOD,True,0.17822265625
/kaggle/working/processed/72092b75-3bf8-481f-95a2-8a67c372b3de_000000009399.png,1,1.0,0.99853516,1,1,FAULTY,FAULTY,True,0.17822265625
/kaggle/working/processed/b3a078e4-4d9f-4767-b27b-9b76271ed651_000000029002.png,1,1.0,0.9897461,1,1,FAULTY,FAULTY,True,0.17822265625
/kaggle/working/processed/43d8b6fc-3c7a-4f6f-bf6b-5e46576075f8_000000024690.png,1,1.0,0.99365234,1,1,FAULTY,FAULTY,True,0.17822265625
/kaggle/working/processed/f2867e5c-6621-45ae-8033-67c0a86c5da7_000000025557.png,1,1.0,1.0,1,1,FAULTY,FAULTY,True,0.17822265625
/kaggle/working/processed/bdc88fab-9248-4713-a3f2-2500a4a22e3b_000000014831.png,1,1.0,0.22558594,1,1,FAULTY,FAULTY,True,0.17822265625
/kaggle/working/processed/34d0b5c7-371b-4e3a-8adc-b1193f4a55c9_000000020840.png,0,1.0,0.13549805,0,0,GOOD,GOOD,True,0.17822265625
/kaggle/working/processed/4fa942d3-7843-443d-9dd5-d0c8b69c70ed_000000019836.png,1,1.0,0.95458984,1,1,FAULTY,FAULTY,True,0.17822265625
/kaggle/working/processed/f1e9b83a-5a1b-435e-8b57-9e0e8b1b3d0d_000000012158.png,1,1.0,0.99609375,1,1,FAULTY,FAULTY,True,0.17822265625
/kaggle/working/processed/a345bde6-f657-498e-bb62-a61e15e884b1_000000018952.png,0,1.0,0.01890564,0,0,GOOD,GOOD,True,0.17822265625
/kaggle/working/processed/8fb4ea1e-16fe-443d-b6b2-e8f37307cefb_000000031136.png,0,1.0,0.083862305,0,0,GOOD,GOOD,True,0.17822265625
/kaggle/working/processed/4c0b54d7-4c70-427f-ac08-79e18cde8c8c_000000024461.png,1,1.0,0.99072266,1,1,FAULTY,FAULTY,True,0.17822265625
/kaggle/working/processed/0a82c7ff-a6d0-454a-a853-4d1b160eb844_000000028243.png,1,1.0,0.9995117,1,1,FAULTY,FAULTY,True,0.17822265625
/kaggle/working/processed/c199f335-e419-41c5-b0d6-1d127e9ef079_000000011319.png,1,1.0,0.9453125,1,1,FAULTY,FAULTY,True,0.17822265625
/kaggle/working/processed/02e62e6a-8916-4aa8-8b57-84bbf1713ea4_000000016792.png,0,6.0,0.33935547,1,0,FAULTY,GOOD,False,0.17822265625
/kaggle/working/processed/f2ffa734-49d0-4241-8694-3529c84fd629_000000035330.png,0,1.0,0.014503479,0,0,GOOD,GOOD,True,0.17822265625
/kaggle/working/processed/a9600375-5d84-43f3-be01-132589f10531_000000003572.png,1,1.0,0.9980469,1,1,FAULTY,FAULTY,True,0.17822265625
/kaggle/working/processed/57065a2c-ade8-4ad5-88b4-886e0b302a93_000000004827.png,0,1.0,0.015838623,0,0,GOOD,GOOD,True,0.17822265625
/kaggle/working/processed/8cf6ec4d-f5c4-49bb-b975-8ff4472b568f_000000017989.png,0,6.0,0.25439453,1,0,FAULTY,GOOD,False,0.17822265625
/kaggle/working/processed/9e50013c-f184-4adc-ace1-9e67c710862c_000000014285.png,0,1.0,0.08526611,0,0,GOOD,GOOD,True,0.17822265625
/kaggle/working/processed/92c197da-6541-4453-a51e-55102d64cafd_000000006270.png,1,1.0,0.99609375,1,1,FAULTY,FAULTY,True,0.17822265625
/kaggle/working/processed/75506ac8-45a6-4f46-9ce8-699a92d68cfa_000000031681.png,1,1.0,0.44458008,1,1,FAULTY,FAULTY,True,0.17822265625
/kaggle/working/processed/8e13c79a-310d-4698-b842-4de8ccba853d_000000026987.png,0,1.0,0.060638428,0,0,GOOD,GOOD,True,0.17822265625
/kaggle/working/processed/4d61ea8b-bf0e-4df6-b824-374baf9e805a_000000015018.png,0,6.0,0.13146973,0,0,GOOD,GOOD,True,0.17822265625
/kaggle/working/processed/de8497b7-9926-4dae-9034-2bb98208d846_000000028282.png,0,6.0,0.10858154,0,0,GOOD,GOOD,True,0.17822265625
/kaggle/working/processed/13e5d47f-d9f1-4333-a512-49dc2df9cb69_000000002772.png,1,1.0,0.8486328,1,1,FAULTY,FAULTY,True,0.17822265625
/kaggle/working/processed/6d86e210-c313-4af6-90ef-36b8de76ab80_000000021038.png,0,1.0,0.07055664,0,0,GOOD,GOOD,True,0.17822265625
/kaggle/working/processed/b087c0a9-cb67-4ad4-9b9d-4dbe64cc2bae_000000013618.png,1,1.0,1.0,1,1,FAULTY,FAULTY,True,0.17822265625
/kaggle/working/processed/72a37d1d-24a3-4fa1-9d9f-0ed9487b4308_000000012129.png,1,1.0,0.99902344,1,1,FAULTY,FAULTY,True,0.17822265625
/kaggle/working/processed/976fcf62-4684-4acf-92b5-5ab31876cf18_000000026632.png,1,1.0,1.0,1,1,FAULTY,FAULTY,True,0.17822265625
/kaggle/working/processed/ccca000c-6cd3-4a88-8357-83a28754e5f1_000000006848.png,1,1.0,0.9970703,1,1,FAULTY,FAULTY,True,0.17822265625
/kaggle/working/processed/ed9c9b5f-abb7-4571-96fd-e1611f3a4856_000000024766.png,1,1.0,0.23901367,1,1,FAULTY,FAULTY,True,0.17822265625
/kaggle/working/processed/045de361-2b70-4eea-bf6b-8f3ade5adc5a_000000028296.png,1,1.0,0.5444336,1,1,FAULTY,FAULTY,True,0.17822265625
/kaggle/working/processed/eb12ca06-0b77-4cc3-8d04-77772f9eed43_000000020199.png,1,1.0,0.9995117,1,1,FAULTY,FAULTY,True,0.17822265625
/kaggle/working/processed/045f8e9f-c4e1-4014-8377-63f25247f76e_000000001914.png,0,1.0,0.17248535,0,0,GOOD,GOOD,True,0.17822265625
/kaggle/working/processed/a1d18ef7-f2e9-4092-bb91-5ca28c4cb211_000000001704.png,0,1.0,0.10797119,0,0,GOOD,GOOD,True,0.17822265625
/kaggle/working/processed/b53be9b6-7ed9-456b-8413-5a493aa9999d_000000009763.png,1,1.0,0.9951172,1,1,FAULTY,FAULTY,True,0.17822265625
/kaggle/working/processed/a3fd0268-6c3d-4f09-bc98-148110252b3e_000000030385.png,0,1.0,0.084472656,0,0,GOOD,GOOD,True,0.17822265625
/kaggle/working/processed/a7318416-fc04-4c00-8b5a-633df3f86153_000000018848.png,0,1.0,0.021652222,0,0,GOOD,GOOD,True,0.17822265625
/kaggle/working/processed/f39b4ef4-aa68-4487-a848-2bf18a8ec815_000000015276.png,0,6.0,0.48632812,1,0,FAULTY,GOOD,False,0.17822265625
/kaggle/working/processed/65d1f2af-0f62-40f5-915b-ed981420f378_000000022210.png,1,1.0,0.27563477,1,1,FAULTY,FAULTY,True,0.17822265625
/kaggle/working/processed/4152a5b2-fca4-489d-8e65-f80a029673ab_000000006799.png,1,1.0,0.6567383,1,1,FAULTY,FAULTY,True,0.17822265625
/kaggle/working/processed/cda03a41-232c-44b7-9099-9761813c1d66_000000012905.png,1,1.0,1.0,1,1,FAULTY,FAULTY,True,0.17822265625
/kaggle/working/processed/2fe361df-dc6d-4768-a9d0-80efe9fa5f7c_000000020560.png,1,1.0,0.9995117,1,1,FAULTY,FAULTY,True,0.17822265625
/kaggle/working/processed/9179aaca-f9c2-4817-8d24-19481db50131_000000011091.png,1,1.0,0.47998047,1,1,FAULTY,FAULTY,True,0.17822265625
/kaggle/working/processed/9da30034-1a56-4fcc-813e-f44a07c2b609_000000006263.png,1,1.0,0.19592285,1,1,FAULTY,FAULTY,True,0.17822265625
/kaggle/working/processed/5419f818-fc95-41bf-9ed6-c441af7d0285_000000030942.png,0,1.0,0.089904785,0,0,GOOD,GOOD,True,0.17822265625
/kaggle/working/processed/2b6ab5b8-be62-4408-8cd9-2a6ddfe414e5_000000028395.png,1,1.0,0.9848633,1,1,FAULTY,FAULTY,True,0.17822265625
/kaggle/working/processed/69a4921c-89e2-4de4-83f8-94e81e7e8abe_000000011031.png,1,1.0,0.7475586,1,1,FAULTY,FAULTY,True,0.17822265625
/kaggle/working/processed/d8f04428-616b-4133-b03c-d3878ab6b510_000000010502.png,1,1.0,1.0,1,1,FAULTY,FAULTY,True,0.17822265625
/kaggle/working/processed/508594a3-9846-4387-a321-8260422af0cd_000000001209.png,1,1.0,0.6176758,1,1,FAULTY,FAULTY,True,0.17822265625
/kaggle/working/processed/19fff6ec-cfab-4b91-a369-02047722526b_000000013573.png,1,1.0,1.0,1,1,FAULTY,FAULTY,True,0.17822265625
/kaggle/working/processed/41e9ffbb-9305-4b2b-84df-884ab973459a_000000022612.png,1,1.0,0.85595703,1,1,FAULTY,FAULTY,True,0.17822265625
/kaggle/working/processed/2183edce-3422-4428-b200-2a269f631125_000000024247.png,1,1.0,0.9824219,1,1,FAULTY,FAULTY,True,0.17822265625
/kaggle/working/processed/27ba623c-c922-4dfd-820f-538da9db0d9a_000000022853.png,0,1.0,0.033599854,0,0,GOOD,GOOD,True,0.17822265625
/kaggle/working/processed/6e94e752-c412-4a0f-a9ad-ae5429880e97_000000024397.png,0,1.0,0.11755371,0,0,GOOD,GOOD,True,0.17822265625
/kaggle/working/processed/44ce1065-f016-4332-9f8f-a28adae3018a_000000025015.png,1,1.0,0.99316406,1,1,FAULTY,FAULTY,True,0.17822265625
/kaggle/working/processed/474c98ff-7343-4546-bf5e-3e9308c03f32_000000019570.png,1,1.0,0.9824219,1,1,FAULTY,FAULTY,True,0.17822265625
/kaggle/working/processed/9bd34f08-e24a-4b0a-a3fa-52a676a47e01_000000030272.png,1,1.0,1.0,1,1,FAULTY,FAULTY,True,0.17822265625
/kaggle/working/processed/725c66e5-4528-4829-9212-a26ec319d34b_000000009645.png,0,6.0,0.20605469,1,0,FAULTY,GOOD,False,0.17822265625
/kaggle/working/processed/ca6dab0b-6202-49b7-a749-679c0be63442_000000021320.png,1,1.0,0.89208984,1,1,FAULTY,FAULTY,True,0.17822265625
/kaggle/working/processed/b61594ed-8b14-4e60-87aa-b3663604d0f7_000000021571.png,0,6.0,0.21044922,1,0,FAULTY,GOOD,False,0.17822265625
/kaggle/working/processed/465dfa90-c783-4718-82d7-c3f827803bc3_000000018998.png,0,1.0,0.1430664,0,0,GOOD,GOOD,True,0.17822265625
/kaggle/working/processed/e973167e-0b50-40e5-aeb6-e61bddd281a7_000000010680.png,0,6.0,0.18847656,1,0,FAULTY,GOOD,False,0.17822265625
/kaggle/working/processed/43f5c026-842b-4629-b750-5f6dca9f7d16_000000004401.png,0,1.0,0.10632324,0,0,GOOD,GOOD,True,0.17822265625
/kaggle/working/processed/49fff48e-2947-4eaf-ba26-6e9108704235_000000008095.png,1,1.0,1.0,1,1,FAULTY,FAULTY,True,0.17822265625
/kaggle/working/processed/262d480e-86c4-40a1-bbff-c27d5da1e806_000000018045.png,1,1.0,0.9760742,1,1,FAULTY,FAULTY,True,0.17822265625
/kaggle/working/processed/f851680c-88e0-4aa4-84fa-8629cb7971a2_000000010552.png,0,1.0,0.087890625,0,0,GOOD,GOOD,True,0.17822265625
/kaggle/working/processed/0e732653-da86-469d-aff9-957ad11fafd0_000000002210.png,1,1.0,1.0,1,1,FAULTY,FAULTY,True,0.17822265625
/kaggle/working/processed/30fb748b-8255-47e5-8ba3-336dec320381_000000006600.png,1,1.0,0.99902344,1,1,FAULTY,FAULTY,True,0.17822265625
/kaggle/working/processed/73722e98-fa43-44f6-8aca-c93f26f8010f_000000009530.png,1,1.0,0.46899414,1,1,FAULTY,FAULTY,True,0.17822265625
/kaggle/working/processed/2e351d00-841d-4a75-9118-3688f06db894_000000007951.png,0,1.0,0.17199707,0,0,GOOD,GOOD,True,0.17822265625
/kaggle/working/processed/4402c2ab-a1d9-4fb8-9abc-7dc9417fa174_000000020446.png,1,4.0,0.25097656,1,1,FAULTY,FAULTY,True,0.17822265625
/kaggle/working/processed/cc74fd49-3c18-49d1-b275-b45d5e20b983_000000013711.png,1,1.0,0.9980469,1,1,FAULTY,FAULTY,True,0.17822265625
/kaggle/working/processed/cf3b7ce4-0a19-42ed-8274-eadc3990d528_000000018815.png,0,1.0,0.12365723,0,0,GOOD,GOOD,True,0.17822265625
/kaggle/working/processed/80bf38e3-133a-43bf-b111-9fbd63fbbb67_000000034919.png,0,1.0,0.099487305,0,0,GOOD,GOOD,True,0.17822265625
/kaggle/working/processed/0beb4be6-88f3-441f-817f-d9ec8562c0ab_000000021980.png,1,1.0,0.92529297,1,1,FAULTY,FAULTY,True,0.17822265625
/kaggle/working/processed/2d211e7e-320f-41fa-a6d6-b38fc37af4bc_000000023406.png,1,1.0,0.98046875,1,1,FAULTY,FAULTY,True,0.17822265625
/kaggle/working/processed/df5df016-987e-414b-ad38-160e47741e3f_000000008973.png,1,1.0,0.6196289,1,1,FAULTY,FAULTY,True,0.17822265625
/kaggle/working/processed/a32c2b08-b32f-40e7-a9f8-bc1d92dd3be0_000000031096.png,0,1.0,0.087402344,0,0,GOOD,GOOD,True,0.17822265625
/kaggle/working/processed/05ff1da5-a763-4404-96df-bb8575f17a53_000000001899.png,0,1.0,0.097229004,0,0,GOOD,GOOD,True,0.17822265625
/kaggle/working/processed/07a2b35f-c36a-4869-a797-bfd28dbcd7bd_000000027695.png,1,1.0,1.0,1,1,FAULTY,FAULTY,True,0.17822265625
/kaggle/working/processed/f83bd3b7-f3d6-44ee-8fba-634fd817082e_000000011700.png,0,6.0,0.18200684,1,0,FAULTY,GOOD,False,0.17822265625
/kaggle/working/processed/48f45408-f86f-4a7c-88db-b1a8e5cd98cb_000000032099.png,0,1.0,0.19433594,1,0,FAULTY,GOOD,False,0.17822265625
/kaggle/working/processed/8d50b5c6-fbf6-4732-900b-bba017badc14_000000033419.png,1,1.0,0.4321289,1,1,FAULTY,FAULTY,True,0.17822265625
/kaggle/working/processed/78faebe1-eb4f-4fd5-8fc6-26ab640d9204_000000001733.png,0,6.0,0.20324707,1,0,FAULTY,GOOD,False,0.17822265625
/kaggle/working/processed/47e040ec-facf-4863-a106-d58353939d52_000000022806.png,0,1.0,0.019378662,0,0,GOOD,GOOD,True,0.17822265625
/kaggle/working/processed/db8bc450-cf02-47d3-a5c3-eec488572910_000000008570.png,1,1.0,0.9511719,1,1,FAULTY,FAULTY,True,0.17822265625
/kaggle/working/processed/d2ed0339-36d2-4daf-aa52-30f4b31a17e7_000000008154.png,0,6.0,0.17834473,1,0,FAULTY,GOOD,False,0.17822265625
/kaggle/working/processed/73dbf60c-2e36-4145-814d-00a971e169ca_000000025144.png,1,1.0,0.68066406,1,1,FAULTY,FAULTY,True,0.17822265625
/kaggle/working/processed/c592c883-0ec0-451c-91ed-8c96da7bffa8_000000013065.png,1,1.0,0.83251953,1,1,FAULTY,FAULTY,True,0.17822265625
/kaggle/working/processed/e797f29a-252d-4ac0-ad4f-ace868c4764c_000000029396.png,1,1.0,0.6665039,1,1,FAULTY,FAULTY,True,0.17822265625
/kaggle/working/processed/d0f22924-ffb6-4cea-b35d-5aa5a8b7ac5b_000000025766.png,0,1.0,0.07501221,0,0,GOOD,GOOD,True,0.17822265625
/kaggle/working/processed/a00d2eaf-b2ea-4fbf-b585-718a52a4dc12_000000020606.png,0,1.0,0.15393066,0,0,GOOD,GOOD,True,0.17822265625
/kaggle/working/processed/715116c3-9dcc-46ad-a7e8-f195c706e941_000000017346.png,1,1.0,0.8808594,1,1,FAULTY,FAULTY,True,0.17822265625
/kaggle/working/processed/f7abc8ad-2248-4e5e-8423-beea78172db0_000000028794.png,0,1.0,0.059326172,0,0,GOOD,GOOD,True,0.17822265625
/kaggle/working/processed/dbb1cfac-3e11-4339-8ba6-acf2f46999e1_000000030140.png,1,1.0,1.0,1,1,FAULTY,FAULTY,True,0.17822265625
/kaggle/working/processed/9aecb7dd-12e3-412b-a065-b298472915dd_000000013338.png,0,1.0,0.11437988,0,0,GOOD,GOOD,True,0.17822265625
/kaggle/working/processed/f361c2f7-b52b-4b49-bad2-cfccf0183447_000000000591.png,1,1.0,1.0,1,1,FAULTY,FAULTY,True,0.17822265625
/kaggle/working/processed/335a0ae0-73ec-45e0-89c0-46ed1233273e_000000009098.png,1,1.0,0.9970703,1,1,FAULTY,FAULTY,True,0.17822265625
/kaggle/working/processed/25a63fd7-c144-49f8-a7fa-4beb2f3e5aa9_000000031603.png,1,1.0,1.0,1,1,FAULTY,FAULTY,True,0.17822265625
/kaggle/working/processed/7fb4c8a2-b833-4a70-a868-a9b47df701d8_000000008150.png,0,1.0,0.07696533,0,0,GOOD,GOOD,True,0.17822265625
/kaggle/working/processed/235ea520-ba62-495b-8202-694cc14d2940_000000010851.png,1,1.0,0.9980469,1,1,FAULTY,FAULTY,True,0.17822265625
/kaggle/working/processed/0f617732-9e46-4527-bc69-08e1d30757d8_000000006625.png,1,1.0,0.9970703,1,1,FAULTY,FAULTY,True,0.17822265625
/kaggle/working/processed/21701386-0f6f-4a0e-9ddd-6eb72fa71455_000000000896.png,0,1.0,0.22937012,1,0,FAULTY,GOOD,False,0.17822265625
/kaggle/working/processed/186b5b47-bb8f-4fc1-b194-2ad7fb159458_000000008958.png,1,1.0,0.99853516,1,1,FAULTY,FAULTY,True,0.17822265625
/kaggle/working/processed/d3a40dfc-d1a5-44bf-aeed-5af09bf2c7c5_000000027530.png,0,1.0,0.061523438,0,0,GOOD,GOOD,True,0.17822265625
/kaggle/working/processed/9c035d35-ec9c-4b71-ba15-4933d58ed38f_000000017144.png,1,1.0,0.99853516,1,1,FAULTY,FAULTY,True,0.17822265625
/kaggle/working/processed/3db8a234-eb6b-4d25-bf47-faa9184b286c_000000010022.png,0,1.0,0.09039307,0,0,GOOD,GOOD,True,0.17822265625
/kaggle/working/processed/0303a575-99fc-4a13-947e-3ef93fba620a_000000016650.png,1,1.0,0.99658203,1,1,FAULTY,FAULTY,True,0.17822265625
/kaggle/working/processed/32f8df46-485b-48bc-bd4f-f2b21ef58347_000000015296.png,1,1.0,0.93359375,1,1,FAULTY,FAULTY,True,0.17822265625
/kaggle/working/processed/71a29490-27f0-481d-a93d-bffc8aeced51_000000002787.png,1,1.0,0.9995117,1,1,FAULTY,FAULTY,True,0.17822265625
/kaggle/working/processed/56832c1d-228a-4b64-a27a-8164b1a4ecde_000000001025.png,1,1.0,1.0,1,1,FAULTY,FAULTY,True,0.17822265625
/kaggle/working/processed/22f6d27f-ef5d-4b4b-9128-ff5a36df2a82_000000002148.png,1,1.0,0.7841797,1,1,FAULTY,FAULTY,True,0.17822265625
/kaggle/working/processed/3c011f48-5e12-4886-a561-edc626cc7a32_000000007900.png,1,1.0,0.9975586,1,1,FAULTY,FAULTY,True,0.17822265625
/kaggle/working/processed/83e40248-c521-4609-a2f3-690a3e16fe30_000000002678.png,1,1.0,1.0,1,1,FAULTY,FAULTY,True,0.17822265625
/kaggle/working/processed/ff7c8adc-5f1b-483a-a0ec-be0293138f63_000000006245.png,1,1.0,0.9975586,1,1,FAULTY,FAULTY,True,0.17822265625
/kaggle/working/processed/45624d7f-eda7-43a5-98f1-c9aaaf1c3aa1_000000001380.png,0,1.0,0.03643799,0,0,GOOD,GOOD,True,0.17822265625
/kaggle/working/processed/62cd63ef-fbe7-42da-adac-28997230f2e1_000000015344.png,1,1.0,0.99316406,1,1,FAULTY,FAULTY,True,0.17822265625
/kaggle/working/processed/29167ba8-a2a5-44ec-85c1-67477ef3e815_000000018840.png,0,1.0,0.114746094,0,0,GOOD,GOOD,True,0.17822265625
/kaggle/working/processed/3dd10a3e-b0f1-49be-9e46-491db88d9558_000000008604.png,1,1.0,0.44995117,1,1,FAULTY,FAULTY,True,0.17822265625
/kaggle/working/processed/6e2f8277-2e40-42ff-81da-d41fe2a8807e_000000020876.png,0,6.0,0.22851562,1,0,FAULTY,GOOD,False,0.17822265625
/kaggle/working/processed/a8eb3513-b971-4516-a6ce-0144c1ff022b_000000012299.png,1,1.0,1.0,1,1,FAULTY,FAULTY,True,0.17822265625
/kaggle/working/processed/717a9c23-605f-41af-a3c5-456d5d4c6823_000000027500.png,0,1.0,0.040252686,0,0,GOOD,GOOD,True,0.17822265625
/kaggle/working/processed/0b6db831-9a53-4df2-9463-4e32cd0ba65e_000000025141.png,1,1.0,0.71484375,1,1,FAULTY,FAULTY,True,0.17822265625
/kaggle/working/processed/c1779ecb-756b-488f-acd9-f4ff0d08c830_000000024650.png,1,1.0,0.9868164,1,1,FAULTY,FAULTY,True,0.17822265625
/kaggle/working/processed/0a45e1aa-546c-4a2b-9d45-a53bbf516a49_000000031250.png,0,6.0,0.20678711,1,0,FAULTY,GOOD,False,0.17822265625
/kaggle/working/processed/4938beca-b425-4ad4-bd7b-7475e2eae2cf_000000005630.png,0,1.0,0.06890869,0,0,GOOD,GOOD,True,0.17822265625
/kaggle/working/processed/6de3b7b4-d979-41d2-9eb1-cf871cfcae96_000000033674.png,0,1.0,0.1541748,0,0,GOOD,GOOD,True,0.17822265625
/kaggle/working/processed/0ed31424-d268-44f7-b309-18f0ea4e8f77_000000022671.png,1,1.0,0.99609375,1,1,FAULTY,FAULTY,True,0.17822265625
/kaggle/working/processed/461e044d-fcf1-4314-8034-039f81f9bad0_000000023169.png,0,1.0,0.048950195,0,0,GOOD,GOOD,True,0.17822265625
/kaggle/working/processed/a68943ed-dccf-4929-af27-0b9cab90f398_000000005464.png,0,1.0,0.09399414,0,0,GOOD,GOOD,True,0.17822265625
/kaggle/working/processed/74342556-c63a-4fb2-bcf5-0dfda900db20_000000019050.png,1,1.0,0.92333984,1,1,FAULTY,FAULTY,True,0.17822265625
/kaggle/working/processed/8279a395-110a-4e89-82df-6b6aff0150a9_000000019266.png,1,1.0,0.9970703,1,1,FAULTY,FAULTY,True,0.17822265625
/kaggle/working/processed/0b047c03-5679-457c-a192-654adf997a93_000000024822.png,0,6.0,0.21081543,1,0,FAULTY,GOOD,False,0.17822265625
/kaggle/working/processed/7b73cd5c-462b-4ccb-81b9-fc393c141e35_000000032058.png,1,1.0,0.42944336,1,1,FAULTY,FAULTY,True,0.17822265625
/kaggle/working/processed/a33a09ac-c400-47f5-9c75-72cdfbd2a13a_000000024147.png,1,1.0,0.9267578,1,1,FAULTY,FAULTY,True,0.17822265625
/kaggle/working/processed/3ff2da26-78fb-42c3-9797-80a06a978882_000000009559.png,0,1.0,0.11755371,0,0,GOOD,GOOD,True,0.17822265625
/kaggle/working/processed/7f4bcc52-959c-4de5-9e2e-2cb0f69e9c30_000000031281.png,0,6.0,0.23278809,1,0,FAULTY,GOOD,False,0.17822265625
/kaggle/working/processed/82b0cf48-4495-44e6-9531-92a543bf5a0b_000000007314.png,1,1.0,0.99902344,1,1,FAULTY,FAULTY,True,0.17822265625
/kaggle/working/processed/64f99841-3131-4c02-b231-6ba855293503_000000034092.png,1,1.0,0.99902344,1,1,FAULTY,FAULTY,True,0.17822265625
/kaggle/working/processed/53c0a0b9-242f-4c6f-b62e-7cedbc8cfd93_000000033284.png,1,1.0,0.99902344,1,1,FAULTY,FAULTY,True,0.17822265625
/kaggle/working/processed/d6afd4b5-1b2a-4019-9016-38dd9a67f9c7_000000019311.png,0,1.0,0.0758667,0,0,GOOD,GOOD,True,0.17822265625
/kaggle/working/processed/f61757fd-feb6-43cd-8cef-cb8b465db002_000000010336.png,0,1.0,0.13110352,0,0,GOOD,GOOD,True,0.17822265625
/kaggle/working/processed/d91bf6d6-3279-44d3-8d54-5158ce08c786_000000033428.png,1,1.0,0.99853516,1,1,FAULTY,FAULTY,True,0.17822265625
/kaggle/working/processed/03624b74-68c4-49b5-a1ed-8921755cc4a2_000000016732.png,1,1.0,0.53027344,1,1,FAULTY,FAULTY,True,0.17822265625
/kaggle/working/processed/2e6bf331-1560-487b-a61b-00f68a862085_000000031914.png,0,1.0,0.16015625,0,0,GOOD,GOOD,True,0.17822265625
/kaggle/working/processed/a739637c-f5bf-49b6-aafe-8c067f864bd2_000000025518.png,1,1.0,0.7714844,1,1,FAULTY,FAULTY,True,0.17822265625
/kaggle/working/processed/2480f8e8-5d60-4e9a-8a46-68ddcd6f02a9_000000031365.png,1,1.0,0.28881836,1,1,FAULTY,FAULTY,True,0.17822265625
/kaggle/working/processed/82e5fe20-8ce5-438b-b968-96d0fea2388b_000000016924.png,1,1.0,0.99560547,1,1,FAULTY,FAULTY,True,0.17822265625
/kaggle/working/processed/283a59f2-6f16-4021-b32a-34d3f66c049a_000000024529.png,1,1.0,0.9746094,1,1,FAULTY,FAULTY,True,0.17822265625
/kaggle/working/processed/94ee7cb1-f333-4f04-bb10-bd99601b7246_000000034850.png,0,6.0,0.38867188,1,0,FAULTY,GOOD,False,0.17822265625
/kaggle/working/processed/f3b78125-56da-488e-ac40-6991b649d10f_000000026180.png,1,1.0,0.9194336,1,1,FAULTY,FAULTY,True,0.17822265625
/kaggle/working/processed/2feaf1d4-85c6-42ee-8cb1-c09fdbc79bb5_000000005556.png,1,1.0,1.0,1,1,FAULTY,FAULTY,True,0.17822265625
/kaggle/working/processed/f562673e-1f6c-4c2a-b91f-14779fb9a781_000000009543.png,0,6.0,0.20495605,1,0,FAULTY,GOOD,False,0.17822265625
/kaggle/working/processed/8d5971ed-cc76-4a15-b8ab-8a10f6474b80_000000033562.png,0,1.0,0.16088867,0,0,GOOD,GOOD,True,0.17822265625
/kaggle/working/processed/68c992da-1260-40b4-9844-f2a61a0754e0_000000009326.png,1,1.0,0.9995117,1,1,FAULTY,FAULTY,True,0.17822265625
/kaggle/working/processed/1ed50151-554b-444c-a106-cc75643c65c2_000000004602.png,1,1.0,0.96777344,1,1,FAULTY,FAULTY,True,0.17822265625
/kaggle/working/processed/2ccf7bb4-fabf-41bb-95f7-6ec3c8920be3_000000019540.png,1,1.0,0.9995117,1,1,FAULTY,FAULTY,True,0.17822265625
/kaggle/working/processed/2c6c946c-a8e4-4174-860c-0dc8b72bf832_000000030191.png,1,1.0,1.0,1,1,FAULTY,FAULTY,True,0.17822265625
/kaggle/working/processed/d7802160-3109-4732-bb33-b58b8c445e90_000000013509.png,0,1.0,0.13696289,0,0,GOOD,GOOD,True,0.17822265625
/kaggle/working/processed/9f3a181a-7bf2-4d7e-bced-c2add42bcf6e_000000024118.png,1,1.0,0.8076172,1,1,FAULTY,FAULTY,True,0.17822265625
/kaggle/working/processed/d0d9c665-6d9f-4e5e-a1b5-70363bb632dd_000000034736.png,1,1.0,0.94873047,1,1,FAULTY,FAULTY,True,0.17822265625
/kaggle/working/processed/4ab57869-d00c-4b23-a38e-e74a4c81d4d9_000000014697.png,0,6.0,0.1607666,0,0,GOOD,GOOD,True,0.17822265625
/kaggle/working/processed/167f3975-5203-422d-a1e6-e2ce9d17738f_000000034405.png,0,6.0,0.17028809,0,0,GOOD,GOOD,True,0.17822265625
/kaggle/working/processed/020c5002-bf24-43f4-b5b1-353a62765396_000000029557.png,0,6.0,0.43676758,1,0,FAULTY,GOOD,False,0.17822265625
/kaggle/working/processed/aa446c77-03f3-44a4-a8b9-58a224f808c1_000000034038.png,0,6.0,0.1661377,0,0,GOOD,GOOD,True,0.17822265625
/kaggle/working/processed/2e254aa7-b7e9-4c8d-8c7b-9b524161db1f_000000003011.png,1,1.0,1.0,1,1,FAULTY,FAULTY,True,0.17822265625
/kaggle/working/processed/fd1c2d8c-5a46-4545-bebb-abbc515f77f9_000000006367.png,1,1.0,0.9897461,1,1,FAULTY,FAULTY,True,0.17822265625
/kaggle/working/processed/05bccbd6-c1e2-46a9-af3c-2daff99df9c3_000000018436.png,1,1.0,0.5883789,1,1,FAULTY,FAULTY,True,0.17822265625
/kaggle/working/processed/af67eb21-84e4-4c79-9d0c-cf724b70c278_000000009679.png,0,6.0,0.29760742,1,0,FAULTY,GOOD,False,0.17822265625
/kaggle/working/processed/eb4e5b24-c123-4eee-8d91-77b8cf3acf32_000000024213.png,1,1.0,0.9838867,1,1,FAULTY,FAULTY,True,0.17822265625
/kaggle/working/processed/b75f441b-8364-4ffe-94fa-b30c0ebdd7d3_000000032701.png,0,6.0,0.6513672,1,0,FAULTY,GOOD,False,0.17822265625
/kaggle/working/processed/24ae8ec0-82fa-4adf-823c-5f8b6eade5de_000000004735.png,1,1.0,1.0,1,1,FAULTY,FAULTY,True,0.17822265625
/kaggle/working/processed/a32d4010-9b95-49dd-bcf7-7cc476eb0dfb_000000009083.png,1,1.0,0.9995117,1,1,FAULTY,FAULTY,True,0.17822265625
/kaggle/working/processed/260d0378-358f-4087-9327-f3606681ef1d_000000026464.png,1,1.0,0.8930664,1,1,FAULTY,FAULTY,True,0.17822265625
/kaggle/working/processed/2279b07c-82ec-465c-b8a6-89f381d45a9e_000000034771.png,1,1.0,0.99560547,1,1,FAULTY,FAULTY,True,0.17822265625
/kaggle/working/processed/223283a2-07b1-4e56-b1b5-20c85100f182_000000027398.png,0,1.0,0.0758667,0,0,GOOD,GOOD,True,0.17822265625
/kaggle/working/processed/48546bdb-9e9c-490d-bea5-9a03d820054d_000000021578.png,1,1.0,0.421875,1,1,FAULTY,FAULTY,True,0.17822265625
/kaggle/working/processed/0b4b12d9-9ac0-4bf8-930e-a28c57484773_000000005979.png,1,1.0,0.31567383,1,1,FAULTY,FAULTY,True,0.17822265625
/kaggle/working/processed/c4721470-b2a0-4fa8-9cab-c1668f9b7a38_000000005241.png,1,1.0,0.9848633,1,1,FAULTY,FAULTY,True,0.17822265625
/kaggle/working/processed/2905dca8-4d0e-4597-ba35-7e12f4c23dce_000000029725.png,1,1.0,1.0,1,1,FAULTY,FAULTY,True,0.17822265625
/kaggle/working/processed/cab9b9c2-8e53-44e5-adda-6cdf1fdf55a3_000000002503.png,1,1.0,0.9980469,1,1,FAULTY,FAULTY,True,0.17822265625
/kaggle/working/processed/fdf65d24-4ab8-4c82-9744-80e83ba570f7_000000019956.png,1,1.0,0.98535156,1,1,FAULTY,FAULTY,True,0.17822265625
/kaggle/working/processed/bfa60fb3-b049-4a40-bd1d-8c6eaac8cc30_000000013965.png,1,1.0,0.48339844,1,1,FAULTY,FAULTY,True,0.17822265625
/kaggle/working/processed/5ba5fdf4-3eca-4c01-8d22-f6f3b89f9a73_000000029200.png,0,1.0,0.116760254,0,0,GOOD,GOOD,True,0.17822265625
/kaggle/working/processed/bbb12375-13e0-4026-81d6-a125acf245f9_000000032436.png,0,1.0,0.10107422,0,0,GOOD,GOOD,True,0.17822265625
/kaggle/working/processed/603cff85-ec76-4540-8d39-1ed6e89a3166_000000016795.png,0,1.0,0.034088135,0,0,GOOD,GOOD,True,0.17822265625
/kaggle/working/processed/c0cd8bea-1914-47d2-9a8d-c5e1273060d8_000000009463.png,1,1.0,0.99609375,1,1,FAULTY,FAULTY,True,0.17822265625
/kaggle/working/processed/5fa891ce-ab32-4e47-98aa-e5fd22bb6d04_000000026228.png,0,1.0,0.11126709,0,0,GOOD,GOOD,True,0.17822265625
/kaggle/working/processed/5b9ec82f-3a84-4f23-9321-56fe6e3acf3d_000000029296.png,1,1.0,0.4699707,1,1,FAULTY,FAULTY,True,0.17822265625
/kaggle/working/processed/7ac3c54a-027e-40a8-8870-92ef96b52870_000000023761.png,0,1.0,0.10394287,0,0,GOOD,GOOD,True,0.17822265625
/kaggle/working/processed/b1ed012f-fd5b-4e9c-979d-01964ccfa868_000000015997.png,0,6.0,0.36083984,1,0,FAULTY,GOOD,False,0.17822265625
/kaggle/working/processed/618cf39c-3614-4264-ba2c-a4778108c7cf_000000020067.png,1,1.0,1.0,1,1,FAULTY,FAULTY,True,0.17822265625
/kaggle/working/processed/cecd203a-7e52-4a81-a0ed-50a00504f59c_000000026739.png,1,1.0,0.6220703,1,1,FAULTY,FAULTY,True,0.17822265625
/kaggle/working/processed/c4b11aa3-7dc0-4ea8-9800-a7f9b6563291_000000027326.png,0,1.0,0.12042236,0,0,GOOD,GOOD,True,0.17822265625
/kaggle/working/processed/d5d6206d-5577-426c-9485-6662af4bcf80_000000012021.png,1,1.0,1.0,1,1,FAULTY,FAULTY,True,0.17822265625
/kaggle/working/processed/cfcd447c-b8d6-4914-b435-d444d62ef543_000000006801.png,0,6.0,0.36254883,1,0,FAULTY,GOOD,False,0.17822265625
/kaggle/working/processed/1ff874ea-fd9a-428f-81c8-d061aff72f20_000000025916.png,1,1.0,0.9980469,1,1,FAULTY,FAULTY,True,0.17822265625
/kaggle/working/processed/d297a008-0a07-487e-8608-aaa8b66d2627_000000013510.png,0,6.0,0.18225098,1,0,FAULTY,GOOD,False,0.17822265625
/kaggle/working/processed/3b556899-964f-4092-b999-b1da3e233f74_000000028833.png,1,1.0,1.0,1,1,FAULTY,FAULTY,True,0.17822265625
/kaggle/working/processed/d4fc01b2-9d2c-4d07-968d-eecc000465ad_000000004290.png,1,1.0,0.9008789,1,1,FAULTY,FAULTY,True,0.17822265625
/kaggle/working/processed/f657a59d-95f9-4191-ac97-947cc1f946a5_000000023233.png,0,1.0,0.18127441,1,0,FAULTY,GOOD,False,0.17822265625
/kaggle/working/processed/3ab6e45b-4c15-4ef7-930e-a6bc84307d3a_000000005269.png,0,1.0,0.034820557,0,0,GOOD,GOOD,True,0.17822265625
/kaggle/working/processed/5a14b4b5-d130-4f38-9421-2c129d9b6c63_000000022202.png,1,1.0,0.9765625,1,1,FAULTY,FAULTY,True,0.17822265625
/kaggle/working/processed/a133dbe1-2178-4529-9e93-899b5fa1b4b4_000000011244.png,1,1.0,0.3605957,1,1,FAULTY,FAULTY,True,0.17822265625
/kaggle/working/processed/ad286407-5862-4ab7-a1a8-3df7ab97f61c_000000034049.png,1,1.0,1.0,1,1,FAULTY,FAULTY,True,0.17822265625
/kaggle/working/processed/a2bc9be6-2986-4d62-af77-97c3dd9be087_000000031906.png,1,1.0,1.0,1,1,FAULTY,FAULTY,True,0.17822265625
/kaggle/working/processed/f172c371-137a-4f1d-8fcd-511aae059063_000000002712.png,1,1.0,0.9995117,1,1,FAULTY,FAULTY,True,0.17822265625
/kaggle/working/processed/076ec505-129b-4a0a-afd1-8a6d2a902e12_000000007317.png,1,1.0,1.0,1,1,FAULTY,FAULTY,True,0.17822265625
/kaggle/working/processed/0a576d16-d80c-4a7a-9152-f373f15a5ab1_000000006544.png,0,6.0,0.19519043,1,0,FAULTY,GOOD,False,0.17822265625
/kaggle/working/processed/82b77ee1-121a-486e-9572-fed765a9263f_000000014477.png,0,1.0,0.20117188,1,0,FAULTY,GOOD,False,0.17822265625
/kaggle/working/processed/ec9119d9-e12c-42ba-be3d-7bafe5d6d212_000000032156.png,0,6.0,0.26000977,1,0,FAULTY,GOOD,False,0.17822265625
/kaggle/working/processed/411f78fd-8abe-451b-a43a-af28289dd9bd_000000000511.png,1,1.0,0.96972656,1,1,FAULTY,FAULTY,True,0.17822265625
/kaggle/working/processed/8be28994-1cad-4660-a239-7b90d472e9fb_000000002031.png,1,1.0,1.0,1,1,FAULTY,FAULTY,True,0.17822265625
/kaggle/working/processed/0dcd77c4-462e-4be0-a104-c387b21f782b_000000033593.png,1,1.0,0.93847656,1,1,FAULTY,FAULTY,True,0.17822265625
/kaggle/working/processed/ddb29d6b-1e8b-4906-a507-49c6592304d4_000000025912.png,1,1.0,0.99853516,1,1,FAULTY,FAULTY,True,0.17822265625
/kaggle/working/processed/a7190cdb-dc2a-46d3-85f5-59d533edccc9_000000034499.png,1,1.0,1.0,1,1,FAULTY,FAULTY,True,0.17822265625
/kaggle/working/processed/7779ba21-b968-4194-940b-2e41abb2b437_000000027529.png,0,6.0,0.5761719,1,0,FAULTY,GOOD,False,0.17822265625
/kaggle/working/processed/29c0c76d-f670-42e3-ab2b-39f69de4383a_000000027668.png,0,1.0,0.051086426,0,0,GOOD,GOOD,True,0.17822265625
/kaggle/working/processed/720f426e-f7d5-4f08-a954-e280331d5ce2_000000006642.png,0,1.0,0.05581665,0,0,GOOD,GOOD,True,0.17822265625
/kaggle/working/processed/2530384d-6d54-409d-ad3c-f9ed7b6587f2_000000004265.png,0,1.0,0.05166626,0,0,GOOD,GOOD,True,0.17822265625
/kaggle/working/processed/a570d8c8-d636-4b44-b6d5-7e7b463e950f_000000010343.png,1,1.0,0.37695312,1,1,FAULTY,FAULTY,True,0.17822265625
/kaggle/working/processed/ce0f88a5-f145-4cd3-941f-0e6456d2c09a_000000029176.png,1,1.0,0.9995117,1,1,FAULTY,FAULTY,True,0.17822265625
/kaggle/working/processed/b971e8cc-d744-40c8-ae4c-d7c9d18026be_000000029533.png,0,1.0,0.044281006,0,0,GOOD,GOOD,True,0.17822265625
/kaggle/working/processed/925991e8-cc28-4643-9e86-661e47dac79c_000000033813.png,0,6.0,0.26831055,1,0,FAULTY,GOOD,False,0.17822265625
/kaggle/working/processed/aa6ea675-de54-4cee-9dc4-5289e4e68d48_000000018442.png,1,1.0,0.98828125,1,1,FAULTY,FAULTY,True,0.17822265625
/kaggle/working/processed/9006a625-4735-486a-a416-24b2641861ba_000000015627.png,1,1.0,0.9975586,1,1,FAULTY,FAULTY,True,0.17822265625
/kaggle/working/processed/40322cb2-d3a0-40e9-9d2c-ed0790d79154_000000004962.png,1,1.0,0.31762695,1,1,FAULTY,FAULTY,True,0.17822265625
/kaggle/working/processed/0120e46e-1c5e-489c-a910-3a3486e39e3a_000000028300.png,1,1.0,0.79589844,1,1,FAULTY,FAULTY,True,0.17822265625
/kaggle/working/processed/883bc2d4-fe75-4f7a-ab5a-ab84a35a2406_000000025581.png,0,1.0,0.1373291,0,0,GOOD,GOOD,True,0.17822265625
/kaggle/working/processed/06f2aa43-7456-400e-8e32-8bc646c2dd11_000000026630.png,1,1.0,0.54833984,1,1,FAULTY,FAULTY,True,0.17822265625
/kaggle/working/processed/810e6954-ee99-4e0a-9064-b91fc32efcd4_000000000856.png,0,1.0,0.19165039,1,0,FAULTY,GOOD,False,0.17822265625
/kaggle/working/processed/0512f675-6cf1-4b6a-b15b-29f3dbbe2bfe_000000019022.png,1,1.0,0.99902344,1,1,FAULTY,FAULTY,True,0.17822265625
/kaggle/working/processed/e4ba8a5c-1859-4103-b0e9-28c63186bde8_000000028600.png,1,1.0,0.9995117,1,1,FAULTY,FAULTY,True,0.17822265625
/kaggle/working/processed/300b5475-5f5c-45ea-bb5a-227ae778879a_000000030372.png,1,1.0,0.98046875,1,1,FAULTY,FAULTY,True,0.17822265625
/kaggle/working/processed/3cd53bfc-31ba-4959-b5c7-4e90a232b360_000000033986.png,0,1.0,0.10913086,0,0,GOOD,GOOD,True,0.17822265625
/kaggle/working/processed/7461ea1b-898c-434c-b9d5-37f81fde0e29_000000011434.png,1,1.0,1.0,1,1,FAULTY,FAULTY,True,0.17822265625
/kaggle/working/processed/be79285d-0d18-43e8-bfde-6e1b14d2ddcc_000000012440.png,1,1.0,0.99902344,1,1,FAULTY,FAULTY,True,0.17822265625
/kaggle/working/processed/d2c3cab1-10b0-4364-b9bc-90d58b6dd1f0_000000018365.png,0,6.0,0.39233398,1,0,FAULTY,GOOD,False,0.17822265625
/kaggle/working/processed/536ef9fc-86b3-44ba-b95b-82459fa1034a_000000006808.png,1,1.0,0.35961914,1,1,FAULTY,FAULTY,True,0.17822265625
/kaggle/working/processed/1a054032-dc2a-4aaf-9e95-7f352bac9e04_000000009513.png,0,6.0,0.171875,0,0,GOOD,GOOD,True,0.17822265625
/kaggle/working/processed/22deab44-5ce8-4d24-b612-f6b2fe9d30b2_000000035331.png,1,1.0,0.99560547,1,1,FAULTY,FAULTY,True,0.17822265625
/kaggle/working/processed/61adf681-e2ac-4d96-9bc5-ac117b6f1ab1_000000024533.png,0,6.0,0.31982422,1,0,FAULTY,GOOD,False,0.17822265625
/kaggle/working/processed/2bdbe98f-30ed-4a36-9091-a99bbd396554_000000013970.png,1,1.0,0.91015625,1,1,FAULTY,FAULTY,True,0.17822265625
/kaggle/working/processed/9caf7105-25fe-48f4-b2cc-de5534f265d0_000000034916.png,1,1.0,0.9995117,1,1,FAULTY,FAULTY,True,0.17822265625
/kaggle/working/processed/9da7abe3-f77c-487b-8b4a-99ae3cb73bb0_000000021949.png,0,1.0,0.19934082,1,0,FAULTY,GOOD,False,0.17822265625
/kaggle/working/processed/b25b2bdf-e062-47f7-8a88-85bf5f69e4a5_000000032735.png,1,1.0,1.0,1,1,FAULTY,FAULTY,True,0.17822265625
/kaggle/working/processed/a74f07c1-5afd-4a10-97f8-4aaa01c82ac5_000000022379.png,1,1.0,1.0,1,1,FAULTY,FAULTY,True,0.17822265625
/kaggle/working/processed/6f22bf50-f081-4dd1-9774-2563c176760a_000000017993.png,1,1.0,0.9995117,1,1,FAULTY,FAULTY,True,0.17822265625
/kaggle/working/processed/7b6d10b3-1f22-4021-b122-609198b58703_000000034591.png,0,1.0,0.051757812,0,0,GOOD,GOOD,True,0.17822265625
/kaggle/working/processed/b143ed9a-4133-4d73-8e5c-37162fb708ae_000000003502.png,1,1.0,0.99902344,1,1,FAULTY,FAULTY,True,0.17822265625
/kaggle/working/processed/0dbbb5c3-fa6f-43a1-8490-7d896b6f0fda_000000008405.png,1,1.0,0.9609375,1,1,FAULTY,FAULTY,True,0.17822265625
/kaggle/working/processed/53f95dd2-1365-4f39-940c-edd3e6607e0d_000000016977.png,0,1.0,0.103027344,0,0,GOOD,GOOD,True,0.17822265625
/kaggle/working/processed/c55ca41f-6ebe-4b59-a2e9-21dc89bfe26d_000000028082.png,1,1.0,0.9873047,1,1,FAULTY,FAULTY,True,0.17822265625
/kaggle/working/processed/07550a12-047a-4ab3-8fb1-8e72efed72c3_000000011411.png,0,1.0,0.114990234,0,0,GOOD,GOOD,True,0.17822265625
/kaggle/working/processed/7cb9f808-ea0d-4d1f-b611-9e33511e1cc2_000000002351.png,0,1.0,0.15820312,0,0,GOOD,GOOD,True,0.17822265625
/kaggle/working/processed/3f55dd72-982c-4a4e-8b35-49147123e990_000000001312.png,0,1.0,0.05126953,0,0,GOOD,GOOD,True,0.17822265625
/kaggle/working/processed/644a2d04-3481-4c56-83b9-656df02333ea_000000019631.png,0,1.0,0.050994873,0,0,GOOD,GOOD,True,0.17822265625
/kaggle/working/processed/dad7aad7-d1e3-4e2c-b9b3-0280900b8ee8_000000032889.png,1,1.0,0.9692383,1,1,FAULTY,FAULTY,True,0.17822265625
/kaggle/working/processed/f44b8766-152a-489e-897b-47c6166de401_000000034780.png,0,6.0,0.5830078,1,0,FAULTY,GOOD,False,0.17822265625
/kaggle/working/processed/81a8bde5-0971-4016-b097-d0f51594121d_000000031822.png,1,1.0,0.90185547,1,1,FAULTY,FAULTY,True,0.17822265625
/kaggle/working/processed/695df494-ecdf-4ac1-9bb3-3d7cfadfeb40_000000019930.png,0,6.0,0.5078125,1,0,FAULTY,GOOD,False,0.17822265625
/kaggle/working/processed/774e4a36-11fd-4f75-ae1b-c27d5229dbf3_000000009120.png,1,1.0,1.0,1,1,FAULTY,FAULTY,True,0.17822265625
/kaggle/working/processed/e418f478-084a-454c-937e-410a225c9f17_000000012258.png,0,6.0,0.14575195,0,0,GOOD,GOOD,True,0.17822265625
/kaggle/working/processed/d5761f09-17ab-4456-8b66-264a537588c4_000000016865.png,0,1.0,0.062683105,0,0,GOOD,GOOD,True,0.17822265625
/kaggle/working/processed/853ba71e-fe0b-477a-b24a-0b347c8b1bd9_000000021211.png,1,1.0,1.0,1,1,FAULTY,FAULTY,True,0.17822265625
/kaggle/working/processed/783706b0-dd78-46dc-a190-99953a93a61e_000000022811.png,0,1.0,0.07354736,0,0,GOOD,GOOD,True,0.17822265625
/kaggle/working/processed/5361de29-d65c-4597-bc2f-1a990ef719e5_000000019145.png,0,6.0,0.26953125,1,0,FAULTY,GOOD,False,0.17822265625
/kaggle/working/processed/e815282c-4ffc-48f5-91a6-b780a77d3c84_000000003690.png,0,6.0,0.6928711,1,0,FAULTY,GOOD,False,0.17822265625
/kaggle/working/processed/6518ca84-a774-49ea-96de-57568b534493_000000010277.png,1,1.0,0.98828125,1,1,FAULTY,FAULTY,True,0.17822265625
/kaggle/working/processed/51de2a89-9e33-41a5-9a06-ff959b87cfc4_000000014201.png,1,1.0,1.0,1,1,FAULTY,FAULTY,True,0.17822265625
/kaggle/working/processed/d1f8afbe-4c73-4b5e-b5bd-78583460cde5_000000028542.png,0,1.0,0.089904785,0,0,GOOD,GOOD,True,0.17822265625
/kaggle/working/processed/ea3b7eb9-fa81-48e5-9ae6-e6acdec93fbf_000000017806.png,0,1.0,0.11456299,0,0,GOOD,GOOD,True,0.17822265625
/kaggle/working/processed/7ef91802-2de2-46e2-8e70-c62a1e3ab352_000000009143.png,0,1.0,0.17358398,0,0,GOOD,GOOD,True,0.17822265625
/kaggle/working/processed/0f3a2712-974b-4931-82ca-2adaaa7a8a84_000000011513.png,1,1.0,0.9995117,1,1,FAULTY,FAULTY,True,0.17822265625
/kaggle/working/processed/d5773963-7279-46ae-adc7-95617cfa63f8_000000019505.png,0,1.0,0.17590332,0,0,GOOD,GOOD,True,0.17822265625
/kaggle/working/processed/d1bbeccd-9f38-4177-b6e4-ea5431550dba_000000000853.png,1,1.0,0.99658203,1,1,FAULTY,FAULTY,True,0.17822265625
/kaggle/working/processed/8cf6261b-6b59-43bd-9a62-5e75faab786c_000000020211.png,1,1.0,0.98779297,1,1,FAULTY,FAULTY,True,0.17822265625
/kaggle/working/processed/81e35ccf-5e5f-460d-945c-c6a1f52e0db6_000000013511.png,1,1.0,0.9946289,1,1,FAULTY,FAULTY,True,0.17822265625
/kaggle/working/processed/3742e42e-ff83-43e7-987a-9a5f1aa20025_000000008343.png,1,1.0,0.9560547,1,1,FAULTY,FAULTY,True,0.17822265625
/kaggle/working/processed/1895a0ad-37a9-4b58-96a2-8271a1045020_000000034434.png,0,1.0,0.11816406,0,0,GOOD,GOOD,True,0.17822265625
/kaggle/working/processed/6521a5ac-9863-456b-a9f0-6fc059bf021c_000000024320.png,1,1.0,1.0,1,1,FAULTY,FAULTY,True,0.17822265625
/kaggle/working/processed/bd4e00ee-5e49-410e-bf84-ff50023742a1_000000031530.png,0,6.0,0.17041016,0,0,GOOD,GOOD,True,0.17822265625
/kaggle/working/processed/f9af9a30-b9c2-4510-8942-5e973b2716b3_000000022030.png,1,1.0,0.7832031,1,1,FAULTY,FAULTY,True,0.17822265625
/kaggle/working/processed/1f221ef8-9ad5-4c49-ad04-c21c7a1f222f_000000022084.png,1,1.0,0.8847656,1,1,FAULTY,FAULTY,True,0.17822265625
/kaggle/working/processed/ca123771-dd41-460e-a89e-a5b891d20251_000000004071.png,1,1.0,1.0,1,1,FAULTY,FAULTY,True,0.17822265625
/kaggle/working/processed/c21c23f0-03ac-44ce-9672-d1329de124e6_000000013199.png,0,6.0,0.2199707,1,0,FAULTY,GOOD,False,0.17822265625
/kaggle/working/processed/20b705bd-9747-482d-99a4-4b40f32ae08d_000000022231.png,1,1.0,0.99902344,1,1,FAULTY,FAULTY,True,0.17822265625
/kaggle/working/processed/08f81556-b24c-4c06-9357-e4c0e1f6d89c_000000018972.png,1,1.0,0.9995117,1,1,FAULTY,FAULTY,True,0.17822265625
/kaggle/working/processed/02e86ef6-3119-4f76-8996-4c52a71115f5_000000009223.png,1,1.0,0.9555664,1,1,FAULTY,FAULTY,True,0.17822265625
/kaggle/working/processed/7e025609-ad9f-405a-aadd-f4f584e85b4f_000000017329.png,1,1.0,0.79589844,1,1,FAULTY,FAULTY,True,0.17822265625
/kaggle/working/processed/e84950b5-ce8a-4bdc-b25a-3483907ef9fa_000000001673.png,0,6.0,0.44873047,1,0,FAULTY,GOOD,False,0.17822265625
/kaggle/working/processed/c79bd337-e78a-4911-9147-a5ab09d08bc3_000000006106.png,1,1.0,1.0,1,1,FAULTY,FAULTY,True,0.17822265625
/kaggle/working/processed/b664fdf0-cadd-47cd-81aa-ebe793b736fb_000000017972.png,1,1.0,0.23913574,1,1,FAULTY,FAULTY,True,0.17822265625
/kaggle/working/processed/d529b78e-e2dc-4eda-b419-34737bcc7f3f_000000014956.png,1,1.0,0.99902344,1,1,FAULTY,FAULTY,True,0.17822265625
/kaggle/working/processed/e6ad1a49-3933-403f-bb3b-028664329910_000000011955.png,1,1.0,0.88720703,1,1,FAULTY,FAULTY,True,0.17822265625
/kaggle/working/processed/6daa0d0a-fd15-40a2-9c03-7e3b8ad28214_000000016181.png,1,1.0,0.2890625,1,1,FAULTY,FAULTY,True,0.17822265625
/kaggle/working/processed/30ff187f-44b7-4b62-84ac-d5685658d4f2_000000033276.png,0,1.0,0.10522461,0,0,GOOD,GOOD,True,0.17822265625
/kaggle/working/processed/fb9c5129-1140-4ac6-b1d9-d151310e76c1_000000008035.png,0,1.0,0.07763672,0,0,GOOD,GOOD,True,0.17822265625
/kaggle/working/processed/8a5a8f3b-5e56-4997-8a46-31551f30a6b4_000000002985.png,1,1.0,0.60791016,1,1,FAULTY,FAULTY,True,0.17822265625
/kaggle/working/processed/c4f67965-2f5f-44dd-982e-542a1eacd82a_000000023830.png,1,1.0,0.99853516,1,1,FAULTY,FAULTY,True,0.17822265625
/kaggle/working/processed/8f565f5e-d944-488b-8c9f-fc9b9ad896f4_000000032294.png,1,1.0,0.99853516,1,1,FAULTY,FAULTY,True,0.17822265625
/kaggle/working/processed/063705e9-984c-4890-96c2-b4ac229bb752_000000017824.png,0,6.0,0.09686279,0,0,GOOD,GOOD,True,0.17822265625
/kaggle/working/processed/3b758392-c7d3-4fc7-ab30-c1fd11a7d1ad_000000021711.png,0,1.0,0.2265625,1,0,FAULTY,GOOD,False,0.17822265625
/kaggle/working/processed/69253550-05c1-4cd3-9cae-2df40b8e3f04_000000001114.png,1,1.0,1.0,1,1,FAULTY,FAULTY,True,0.17822265625
/kaggle/working/processed/7d438bc4-9286-4b05-9224-2ff70296179c_000000005728.png,1,1.0,1.0,1,1,FAULTY,FAULTY,True,0.17822265625
/kaggle/working/processed/36bc267f-c4c7-4844-bb1c-602a5933aea7_000000026382.png,0,1.0,0.035614014,0,0,GOOD,GOOD,True,0.17822265625
/kaggle/working/processed/ee131bd5-4f54-4416-b59f-7ba0b6229823_000000016797.png,0,6.0,0.10394287,0,0,GOOD,GOOD,True,0.17822265625
/kaggle/working/processed/e2841d1e-37c0-40ba-9735-f144ac698471_000000012687.png,1,1.0,0.99609375,1,1,FAULTY,FAULTY,True,0.17822265625
/kaggle/working/processed/f5c353d9-d779-46cd-a1ec-81b2bbc0f6be_000000028201.png,0,6.0,0.4716797,1,0,FAULTY,GOOD,False,0.17822265625
/kaggle/working/processed/14c9a3f2-2c8f-4746-a17d-38334aad97e5_000000034481.png,1,1.0,0.9995117,1,1,FAULTY,FAULTY,True,0.17822265625
/kaggle/working/processed/14433e53-8d23-439b-8723-1d459150100b_000000030892.png,0,1.0,0.098083496,0,0,GOOD,GOOD,True,0.17822265625
/kaggle/working/processed/9b6ad76d-cd4a-447e-959b-06ad3b8554e0_000000010569.png,0,6.0,0.4645996,1,0,FAULTY,GOOD,False,0.17822265625
/kaggle/working/processed/638f9e2f-69ba-4a64-bf01-3a42acb77894_000000019231.png,0,1.0,0.103027344,0,0,GOOD,GOOD,True,0.17822265625
/kaggle/working/processed/e172e499-6015-47b4-be87-aa0a846539f4_000000024963.png,0,1.0,0.08300781,0,0,GOOD,GOOD,True,0.17822265625
/kaggle/working/processed/2956e6c4-db8a-48ba-9da5-2f6a65aa68d9_000000018999.png,1,1.0,1.0,1,1,FAULTY,FAULTY,True,0.17822265625
/kaggle/working/processed/a5abd35d-46e5-4eb9-9e09-7371b5a5c53c_000000022681.png,0,1.0,0.11816406,0,0,GOOD,GOOD,True,0.17822265625
/kaggle/working/processed/e377595b-8dbc-498c-bb02-8dc4e4abfdb2_000000029915.png,0,1.0,0.08135986,0,0,GOOD,GOOD,True,0.17822265625
/kaggle/working/processed/38ea5965-93bd-4ea2-8616-158f0c2929b6_000000006260.png,1,1.0,0.9550781,1,1,FAULTY,FAULTY,True,0.17822265625
/kaggle/working/processed/3a8c955b-7eaf-4754-ad17-fa188039b164_000000022316.png,1,1.0,1.0,1,1,FAULTY,FAULTY,True,0.17822265625
/kaggle/working/processed/3aafd0e0-68d9-4142-ac0b-aca5a9452757_000000025873.png,0,1.0,0.11376953,0,0,GOOD,GOOD,True,0.17822265625
/kaggle/working/processed/00b431f9-148c-4031-a313-4a328449e62f_000000015899.png,0,6.0,0.12536621,0,0,GOOD,GOOD,True,0.17822265625
/kaggle/working/processed/27f68f0c-63df-48c2-a3ec-3902e63a57a5_000000028980.png,0,6.0,0.24438477,1,0,FAULTY,GOOD,False,0.17822265625
/kaggle/working/processed/9cddf9c3-ef2e-4b21-b613-07ad4abd3633_000000020095.png,1,1.0,0.8852539,1,1,FAULTY,FAULTY,True,0.17822265625
/kaggle/working/processed/0d560eca-d5c2-4e2e-ab93-eb5c908c1357_000000007480.png,0,1.0,0.08105469,0,0,GOOD,GOOD,True,0.17822265625
/kaggle/working/processed/1f396d1e-cbcd-486a-94f1-480b769ba2dd_000000001648.png,0,6.0,0.17541504,0,0,GOOD,GOOD,True,0.17822265625
/kaggle/working/processed/d7aafa5c-aa1a-444d-aa4a-207cc9855a8a_000000026438.png,1,1.0,1.0,1,1,FAULTY,FAULTY,True,0.17822265625
/kaggle/working/processed/99ba52df-7298-405f-a332-b5d26a0092b0_000000018434.png,1,1.0,1.0,1,1,FAULTY,FAULTY,True,0.17822265625
/kaggle/working/processed/3eebbf47-d81a-46a4-90c8-7616f2f23b26_000000031855.png,0,1.0,0.12390137,0,0,GOOD,GOOD,True,0.17822265625
/kaggle/working/processed/a4cc7b18-ac57-4ed9-9fec-90d10d685561_000000021496.png,1,1.0,0.9550781,1,1,FAULTY,FAULTY,True,0.17822265625
/kaggle/working/processed/fb03611d-8db0-497e-b20e-2c966b3ed009_000000026088.png,1,4.0,0.18334961,1,1,FAULTY,FAULTY,True,0.17822265625
/kaggle/working/processed/0178be9b-a18e-4642-b070-6eeefb31f9e0_000000022879.png,0,6.0,0.16601562,0,0,GOOD,GOOD,True,0.17822265625
/kaggle/working/processed/923e7146-db0b-4981-a936-7ad049f1a3f2_000000026169.png,1,1.0,0.9682617,1,1,FAULTY,FAULTY,True,0.17822265625
/kaggle/working/processed/c7e50675-47ee-4507-a00a-f1265b7a7cf0_000000005497.png,0,1.0,0.1315918,0,0,GOOD,GOOD,True,0.17822265625
/kaggle/working/processed/024efe24-17e8-41f6-9d97-d1a184444019_000000004774.png,0,1.0,0.13256836,0,0,GOOD,GOOD,True,0.17822265625
/kaggle/working/processed/d71fc587-9084-4733-9d9f-e002062f74b3_000000001237.png,1,1.0,1.0,1,1,FAULTY,FAULTY,True,0.17822265625
/kaggle/working/processed/c2b82b45-520e-483c-bb3d-0f4cd7ee5c0c_000000029223.png,1,1.0,0.9980469,1,1,FAULTY,FAULTY,True,0.17822265625
/kaggle/working/processed/cd2698e1-af9e-40d2-bb7c-3958272f5762_000000021292.png,1,1.0,0.99853516,1,1,FAULTY,FAULTY,True,0.17822265625
/kaggle/working/processed/8da7c8f4-9e1f-464c-8661-bdd9298ab9a5_000000015005.png,1,1.0,0.8256836,1,1,FAULTY,FAULTY,True,0.17822265625
/kaggle/working/processed/a9c979e6-fb16-48f0-9df0-0d00f8b080ab_000000020393.png,0,1.0,0.12402344,0,0,GOOD,GOOD,True,0.17822265625
/kaggle/working/processed/3ee2047a-7209-412f-af83-687862968c69_000000017249.png,1,1.0,0.6513672,1,1,FAULTY,FAULTY,True,0.17822265625
/kaggle/working/processed/5758bd62-6170-47b6-bc27-5d61ec616e66_000000015896.png,1,1.0,0.8540039,1,1,FAULTY,FAULTY,True,0.17822265625
/kaggle/working/processed/b2017d85-5cd6-4bde-8696-7f54a9eb0585_000000004863.png,1,1.0,1.0,1,1,FAULTY,FAULTY,True,0.17822265625
/kaggle/working/processed/4baa6eb4-4354-4958-b15e-61e222a5cfe1_000000030342.png,0,1.0,0.0925293,0,0,GOOD,GOOD,True,0.17822265625
/kaggle/working/processed/bca8bc86-3716-4c8f-acf5-d5e9959d1ff6_000000027015.png,1,1.0,0.97216797,1,1,FAULTY,FAULTY,True,0.17822265625
/kaggle/working/processed/e0f046d7-112e-415f-92a8-981c545badf3_000000008235.png,0,6.0,0.19897461,1,0,FAULTY,GOOD,False,0.17822265625
/kaggle/working/processed/c537b4a1-6d58-4f9a-b9ef-a73af240d1a0_000000019042.png,1,1.0,0.9995117,1,1,FAULTY,FAULTY,True,0.17822265625
/kaggle/working/processed/662465b4-7c6b-4faa-ada8-4e2cc363f2ff_000000020270.png,1,4.0,0.14660645,0,1,GOOD,FAULTY,False,0.17822265625
/kaggle/working/processed/36178182-a8ee-4923-97b7-aef4ab3262b6_000000030251.png,0,6.0,0.16345215,0,0,GOOD,GOOD,True,0.17822265625
/kaggle/working/processed/26d3f792-aab1-4c4b-8819-fa531e46cc70_000000006415.png,0,1.0,0.10284424,0,0,GOOD,GOOD,True,0.17822265625
/kaggle/working/processed/2547d190-6c72-4188-958f-a5770e19f6fe_000000004978.png,1,1.0,0.8232422,1,1,FAULTY,FAULTY,True,0.17822265625
/kaggle/working/processed/199a8d40-4afd-4517-88d9-9b6aae2d65ac_000000032311.png,1,1.0,0.97753906,1,1,FAULTY,FAULTY,True,0.17822265625
/kaggle/working/processed/86e9a657-9d36-413b-96ee-cb8312f2e3ab_000000022058.png,1,1.0,0.9741211,1,1,FAULTY,FAULTY,True,0.17822265625
/kaggle/working/processed/bd145c55-5bfc-4634-b5a1-011a96b7dd99_000000008845.png,0,1.0,0.121154785,0,0,GOOD,GOOD,True,0.17822265625
/kaggle/working/processed/ccc61cbe-5a03-412a-b065-63feeaf5e38d_000000016310.png,0,1.0,0.077819824,0,0,GOOD,GOOD,True,0.17822265625
/kaggle/working/processed/61857c05-273f-49df-95a5-9da325170fb7_000000017546.png,0,6.0,0.1739502,0,0,GOOD,GOOD,True,0.17822265625
/kaggle/working/processed/8b8aa902-bf0e-47f6-a471-0b9d2697a32e_000000034209.png,1,1.0,0.99121094,1,1,FAULTY,FAULTY,True,0.17822265625
/kaggle/working/processed/dd2e71b6-dbf2-411d-ad82-0101daddbdf2_000000031555.png,1,1.0,1.0,1,1,FAULTY,FAULTY,True,0.17822265625
/kaggle/working/processed/0860a33d-34da-4357-970a-6df058316574_000000001318.png,0,6.0,0.35546875,1,0,FAULTY,GOOD,False,0.17822265625
/kaggle/working/processed/98e47bab-463b-48c0-abee-79608f49e692_000000013210.png,1,1.0,0.9941406,1,1,FAULTY,FAULTY,True,0.17822265625
/kaggle/working/processed/b4d6f141-ec42-4b5c-9b9c-79c7fd11494e_000000001964.png,1,1.0,1.0,1,1,FAULTY,FAULTY,True,0.17822265625
/kaggle/working/processed/f82d4f38-ff00-4877-9d1f-c49be82674db_000000027419.png,0,1.0,0.18798828,1,0,FAULTY,GOOD,False,0.17822265625
/kaggle/working/processed/45dc7b7f-c050-4031-ae07-29853ce23633_000000026932.png,1,1.0,0.9951172,1,1,FAULTY,FAULTY,True,0.17822265625
/kaggle/working/processed/481276bb-6dca-4514-bd00-957f48c46f7d_000000020828.png,1,1.0,0.9995117,1,1,FAULTY,FAULTY,True,0.17822265625
/kaggle/working/processed/b67cf26a-db39-4441-9fec-250eb0768529_000000018594.png,1,1.0,1.0,1,1,FAULTY,FAULTY,True,0.17822265625
/kaggle/working/processed/739547a2-4b2f-42e0-be75-fddb806f1a99_000000005439.png,1,1.0,0.859375,1,1,FAULTY,FAULTY,True,0.17822265625
/kaggle/working/processed/34ba0e03-ac51-4fe6-9a6c-66d2656159c2_000000026773.png,1,1.0,1.0,1,1,FAULTY,FAULTY,True,0.17822265625
/kaggle/working/processed/0d5b2ed2-1f39-4a99-b164-7782a8cc5ac5_000000032571.png,0,1.0,0.11065674,0,0,GOOD,GOOD,True,0.17822265625
/kaggle/working/processed/82643a42-f4c0-4315-8aec-0109c3152a82_000000031144.png,0,6.0,0.4802246,1,0,FAULTY,GOOD,False,0.17822265625
/kaggle/working/processed/755b961b-9d30-4990-94f6-926011f3ec5d_000000028188.png,1,1.0,0.9995117,1,1,FAULTY,FAULTY,True,0.17822265625
/kaggle/working/processed/3f96f76d-9647-4ae6-9ae7-7918a8bfc224_000000017881.png,1,1.0,0.98095703,1,1,FAULTY,FAULTY,True,0.17822265625
/kaggle/working/processed/fdb44689-2c0d-4fff-9756-da0b58f47ffa_000000030421.png,0,6.0,0.42749023,1,0,FAULTY,GOOD,False,0.17822265625
/kaggle/working/processed/eec51770-8489-43d2-8afc-bad34a8c1aae_000000022959.png,0,1.0,0.08416748,0,0,GOOD,GOOD,True,0.17822265625
/kaggle/working/processed/8fa215a2-6995-4c62-bdf9-f450d6b28d62_000000004888.png,0,6.0,0.20532227,1,0,FAULTY,GOOD,False,0.17822265625
/kaggle/working/processed/f3bcd2de-0d86-49c3-9479-62f5bd1b85bd_000000000751.png,0,1.0,0.063964844,0,0,GOOD,GOOD,True,0.17822265625
/kaggle/working/processed/32622391-1b39-40ed-bcbd-91d32c78e70c_000000004395.png,0,6.0,0.15429688,0,0,GOOD,GOOD,True,0.17822265625
/kaggle/working/processed/c414bcdb-5bf4-4fb9-b675-f20b996f4b42_000000010072.png,0,1.0,0.07556152,0,0,GOOD,GOOD,True,0.17822265625
/kaggle/working/processed/9de15d31-fc11-42f8-a44b-12f0485aab55_000000018958.png,1,1.0,1.0,1,1,FAULTY,FAULTY,True,0.17822265625
/kaggle/working/processed/5c5460a6-1e71-4fba-a7d0-970c132c0c25_000000017301.png,0,1.0,0.1348877,0,0,GOOD,GOOD,True,0.17822265625
/kaggle/working/processed/61331a2d-2b09-4820-93ed-b0b9f2b47481_000000006653.png,1,1.0,1.0,1,1,FAULTY,FAULTY,True,0.17822265625
/kaggle/working/processed/d53722d1-3532-40c7-925c-e985da6c0e32_000000006688.png,1,1.0,0.8852539,1,1,FAULTY,FAULTY,True,0.17822265625
/kaggle/working/processed/ae8ef521-ea17-490b-a610-1de676971ff5_000000009363.png,1,1.0,0.70751953,1,1,FAULTY,FAULTY,True,0.17822265625
/kaggle/working/processed/5b0ffd25-3557-403c-a999-f84e0fb0e747_000000003092.png,1,1.0,0.9868164,1,1,FAULTY,FAULTY,True,0.17822265625
/kaggle/working/processed/ac034fba-6071-49f2-8328-af760bdb8f05_000000017840.png,1,1.0,1.0,1,1,FAULTY,FAULTY,True,0.17822265625
/kaggle/working/processed/6efc9a47-4dbe-4011-8ad3-cc30683e68b6_000000012549.png,1,4.0,0.14978027,0,1,GOOD,FAULTY,False,0.17822265625
/kaggle/working/processed/af1ea56a-fdc2-4e10-b391-ee4d8e9409dd_000000010136.png,1,1.0,0.8535156,1,1,FAULTY,FAULTY,True,0.17822265625
/kaggle/working/processed/b7a39389-d03e-43a8-ba44-7367700b3188_000000019146.png,1,1.0,0.5673828,1,1,FAULTY,FAULTY,True,0.17822265625
/kaggle/working/processed/ab069b1b-df82-4991-89cf-4bbdb1ed71e4_000000008174.png,1,1.0,0.39501953,1,1,FAULTY,FAULTY,True,0.17822265625
/kaggle/working/processed/5b895a24-0356-4176-9939-af3f4d583c60_000000029918.png,0,1.0,0.11279297,0,0,GOOD,GOOD,True,0.17822265625
/kaggle/working/processed/ac3b35d6-f461-47b4-baca-a71e6dfbf5b5_000000026746.png,1,1.0,0.9868164,1,1,FAULTY,FAULTY,True,0.17822265625
/kaggle/working/processed/87d2c1ce-6214-4cce-a357-0af877abb443_000000023931.png,0,6.0,0.52197266,1,0,FAULTY,GOOD,False,0.17822265625
/kaggle/working/processed/7e53c553-dc3a-4788-99d8-f2a9fdd2e08a_000000019118.png,0,1.0,0.11694336,0,0,GOOD,GOOD,True,0.17822265625
/kaggle/working/processed/276e0764-2cc4-43a7-b803-8fd1b6e0e002_000000004331.png,0,6.0,0.33325195,1,0,FAULTY,GOOD,False,0.17822265625
/kaggle/working/processed/90b9195e-331c-43d8-9482-9f51ba0b510c_000000007132.png,1,1.0,0.67089844,1,1,FAULTY,FAULTY,True,0.17822265625
/kaggle/working/processed/519a842a-f475-4db8-88e4-1e99e7cc3822_000000001255.png,0,1.0,0.09399414,0,0,GOOD,GOOD,True,0.17822265625
/kaggle/working/processed/bdc3dc58-1d88-400a-b415-36aba3f0a5f0_000000028189.png,0,6.0,0.42993164,1,0,FAULTY,GOOD,False,0.17822265625
/kaggle/working/processed/1cce55aa-3fa3-4cb1-ae15-493dcd831d88_000000021123.png,1,1.0,0.9892578,1,1,FAULTY,FAULTY,True,0.17822265625
/kaggle/working/processed/851a9f9a-d59c-4538-b0f9-e9c096294238_000000033547.png,1,1.0,1.0,1,1,FAULTY,FAULTY,True,0.17822265625
/kaggle/working/processed/f5616404-e019-41c3-a365-b4007f85ae95_000000003786.png,1,1.0,0.8066406,1,1,FAULTY,FAULTY,True,0.17822265625
/kaggle/working/processed/dbb88bb0-e10b-4b15-82cb-9c94109e313a_000000035081.png,0,6.0,0.59814453,1,0,FAULTY,GOOD,False,0.17822265625
/kaggle/working/processed/536a641a-c76e-48c0-96b7-be67994aeb79_000000004280.png,1,1.0,0.7089844,1,1,FAULTY,FAULTY,True,0.17822265625
/kaggle/working/processed/1d79a4f5-6bb3-46f3-883b-acc3f4218335_000000013531.png,0,1.0,0.045440674,0,0,GOOD,GOOD,True,0.17822265625
/kaggle/working/processed/94b5f269-00c5-4a93-bf29-ee97a52b6302_000000011510.png,1,1.0,0.9946289,1,1,FAULTY,FAULTY,True,0.17822265625
/kaggle/working/processed/2b61badb-ce79-45cd-8a84-15f913b402f7_000000006273.png,1,1.0,1.0,1,1,FAULTY,FAULTY,True,0.17822265625
/kaggle/working/processed/5bc691e8-6ca1-4853-b761-4655edc40da2_000000024744.png,0,1.0,0.16210938,0,0,GOOD,GOOD,True,0.17822265625
/kaggle/working/processed/2b15b06d-4703-4f66-988a-954dc03d9001_000000034833.png,1,1.0,0.26000977,1,1,FAULTY,FAULTY,True,0.17822265625
/kaggle/working/processed/c60b94dc-bb77-4053-a299-b8d1ba16ed26_000000017588.png,0,1.0,0.18005371,1,0,FAULTY,GOOD,False,0.17822265625
/kaggle/working/processed/341dc150-35df-4439-8825-fa9838ab7a9c_000000019009.png,1,1.0,0.99902344,1,1,FAULTY,FAULTY,True,0.17822265625
/kaggle/working/processed/baa9eea3-631f-4567-96b5-c778f8d82447_000000012045.png,1,1.0,0.4008789,1,1,FAULTY,FAULTY,True,0.17822265625
/kaggle/working/processed/99b08f9a-4165-4c71-95da-f7c5f3c7c077_000000013753.png,1,1.0,0.9628906,1,1,FAULTY,FAULTY,True,0.17822265625
/kaggle/working/processed/e59f3e26-6104-4906-a7a1-d7a4ce0d7732_000000014705.png,1,1.0,0.9995117,1,1,FAULTY,FAULTY,True,0.17822265625
/kaggle/working/processed/b0cad8cc-12a6-46a1-a405-93a3218e2ea9_000000007273.png,1,1.0,1.0,1,1,FAULTY,FAULTY,True,0.17822265625
/kaggle/working/processed/92aa5751-edf5-4e47-9ffc-0d8feb302da0_000000029867.png,0,1.0,0.022460938,0,0,GOOD,GOOD,True,0.17822265625
/kaggle/working/processed/6e1ab970-64c3-4635-861f-6b57704eb7d8_000000030100.png,0,1.0,0.13012695,0,0,GOOD,GOOD,True,0.17822265625
/kaggle/working/processed/84c422eb-590d-4e14-969d-8f50334e1cba_000000007052.png,1,1.0,0.99316406,1,1,FAULTY,FAULTY,True,0.17822265625
/kaggle/working/processed/8702cc4e-7f8c-41f8-a2e1-6c5d7d18ef15_000000023833.png,1,1.0,0.49365234,1,1,FAULTY,FAULTY,True,0.17822265625
/kaggle/working/processed/ba52c08d-3da5-4400-9903-92bfbfdc8ceb_000000009118.png,1,1.0,0.9716797,1,1,FAULTY,FAULTY,True,0.17822265625
/kaggle/working/processed/c15e17ad-b9d8-4f1f-ac95-c07ed5dafe4b_000000006626.png,1,1.0,0.9995117,1,1,FAULTY,FAULTY,True,0.17822265625
/kaggle/working/processed/8e845a29-e208-44cb-8c91-7a4bedad1788_000000019976.png,1,1.0,0.9663086,1,1,FAULTY,FAULTY,True,0.17822265625
/kaggle/working/processed/5c7bc05e-279a-4324-b71b-729b48812758_000000032895.png,1,1.0,1.0,1,1,FAULTY,FAULTY,True,0.17822265625
/kaggle/working/processed/56436416-6da6-4b7c-98a0-9e20f44a2fd4_000000026004.png,1,1.0,0.91064453,1,1,FAULTY,FAULTY,True,0.17822265625
/kaggle/working/processed/5052805c-4048-4fe7-af0b-4c28dd107df3_000000025970.png,1,1.0,0.9926758,1,1,FAULTY,FAULTY,True,0.17822265625
/kaggle/working/processed/013b1f88-cd77-43ec-8b7b-16b3acdbe98e_000000021178.png,1,1.0,0.99658203,1,1,FAULTY,FAULTY,True,0.17822265625
/kaggle/working/processed/ce08a8ba-f40f-4943-a96d-e5a3443344b9_000000026395.png,1,1.0,0.95947266,1,1,FAULTY,FAULTY,True,0.17822265625
/kaggle/working/processed/f4aef49c-4dd8-4dd6-9de8-4139174b7e43_000000015633.png,1,1.0,0.9970703,1,1,FAULTY,FAULTY,True,0.17822265625
/kaggle/working/processed/38499e09-c897-4143-9c09-5ba8f6892195_000000020585.png,1,1.0,1.0,1,1,FAULTY,FAULTY,True,0.17822265625
/kaggle/working/processed/6b6d8909-e501-4f1a-858c-106da88a8aa3_000000017234.png,1,1.0,0.5161133,1,1,FAULTY,FAULTY,True,0.17822265625
/kaggle/working/processed/e9975c8e-d96f-4dd3-8b5b-db3c9ed0e1ad_000000028891.png,0,6.0,0.20129395,1,0,FAULTY,GOOD,False,0.17822265625
/kaggle/working/processed/1b084793-7478-4481-944f-2788a16c3dc9_000000012585.png,1,1.0,0.99902344,1,1,FAULTY,FAULTY,True,0.17822265625
/kaggle/working/processed/b7fa5e0c-72c5-4106-bb7c-228356dae4f4_000000024039.png,0,6.0,0.26635742,1,0,FAULTY,GOOD,False,0.17822265625
/kaggle/working/processed/36ff3953-3af3-4304-8e42-95d97d85f461_000000023575.png,1,1.0,0.98535156,1,1,FAULTY,FAULTY,True,0.17822265625
/kaggle/working/processed/fad7357f-b5f2-43b1-aad4-6ba6f3c3af59_000000006813.png,1,1.0,0.4663086,1,1,FAULTY,FAULTY,True,0.17822265625
/kaggle/working/processed/2b922bd4-4085-4b7b-92df-780e6c840f41_000000026214.png,0,6.0,0.2088623,1,0,FAULTY,GOOD,False,0.17822265625
/kaggle/working/processed/b6bfdad4-da9c-4830-b02b-54206e3cd8ea_000000014400.png,0,1.0,0.15270996,0,0,GOOD,GOOD,True,0.17822265625
/kaggle/working/processed/bf5dea72-d268-4516-90ea-c0f21f50a63c_000000030193.png,1,1.0,0.984375,1,1,FAULTY,FAULTY,True,0.17822265625
/kaggle/working/processed/2dfc50de-77f3-4e98-935d-cf1ec8cf2147_000000026803.png,1,1.0,0.9902344,1,1,FAULTY,FAULTY,True,0.17822265625
/kaggle/working/processed/04434af2-c758-4482-b254-cb0a1ef10454_000000011085.png,1,4.0,0.16967773,0,1,GOOD,FAULTY,False,0.17822265625
/kaggle/working/processed/d999d922-34d8-44d2-8c5c-beb498566500_000000033406.png,0,1.0,0.13232422,0,0,GOOD,GOOD,True,0.17822265625
/kaggle/working/processed/6f3da205-dd19-4380-b422-a8f70bd65d2c_000000026854.png,1,1.0,1.0,1,1,FAULTY,FAULTY,True,0.17822265625
/kaggle/working/processed/637ddf0b-5d9d-479c-b9d3-fd0f2289a10e_000000017697.png,1,1.0,1.0,1,1,FAULTY,FAULTY,True,0.17822265625
/kaggle/working/processed/e14fb88f-f6d0-472c-a61e-acea9fbb6e1a_000000004344.png,0,1.0,0.1418457,0,0,GOOD,GOOD,True,0.17822265625
/kaggle/working/processed/8e1bbe39-af4a-45d2-ad0a-74b785bc492d_000000025741.png,0,1.0,0.084472656,0,0,GOOD,GOOD,True,0.17822265625
/kaggle/working/processed/f5b1c68f-8609-4bdd-8115-b3e7ba490d40_000000003825.png,1,1.0,0.9995117,1,1,FAULTY,FAULTY,True,0.17822265625
/kaggle/working/processed/53a71168-7e2b-4d34-b502-3b2d46a33ad9_000000019026.png,0,1.0,0.08648682,0,0,GOOD,GOOD,True,0.17822265625
/kaggle/working/processed/df30cbd7-b958-4b73-8ca0-0b773bbc5226_000000025494.png,0,6.0,0.22265625,1,0,FAULTY,GOOD,False,0.17822265625
/kaggle/working/processed/249142f9-eca7-437b-868c-ce6a0f7990ed_000000000270.png,1,1.0,1.0,1,1,FAULTY,FAULTY,True,0.17822265625
/kaggle/working/processed/ed6dd963-c915-411e-9196-a1f62560bee9_000000032530.png,0,1.0,0.072631836,0,0,GOOD,GOOD,True,0.17822265625
/kaggle/working/processed/11195102-32c1-4b93-a7dd-a2ab1cd84ccf_000000002801.png,1,1.0,0.9995117,1,1,FAULTY,FAULTY,True,0.17822265625
/kaggle/working/processed/6b29b36c-aa39-4ab9-93c4-fdf475246fb2_000000028876.png,1,1.0,0.99365234,1,1,FAULTY,FAULTY,True,0.17822265625
/kaggle/working/processed/3f69a664-9160-4a38-8151-0823a764f5cd_000000006781.png,1,1.0,0.45239258,1,1,FAULTY,FAULTY,True,0.17822265625
/kaggle/working/processed/61d3a655-e034-4b71-8705-d6592fbfe1aa_000000021377.png,1,1.0,0.43481445,1,1,FAULTY,FAULTY,True,0.17822265625
/kaggle/working/processed/93f7155f-3768-4a9e-9788-5868a8f9201e_000000023472.png,0,1.0,0.17272949,0,0,GOOD,GOOD,True,0.17822265625
/kaggle/working/processed/ef04762a-a7f4-40c5-ada6-21505b5cc844_000000033901.png,0,6.0,0.35888672,1,0,FAULTY,GOOD,False,0.17822265625
/kaggle/working/processed/c77441a0-b434-477d-a25b-e1ec2f6d0a06_000000015821.png,1,1.0,1.0,1,1,FAULTY,FAULTY,True,0.17822265625
/kaggle/working/processed/71b13f8e-2994-4de6-b3a2-07c692e9c53c_000000015477.png,0,1.0,0.028869629,0,0,GOOD,GOOD,True,0.17822265625
/kaggle/working/processed/04dc7f5b-7cbc-429b-9c2e-31d2c4b5dbba_000000034148.png,0,1.0,0.06097412,0,0,GOOD,GOOD,True,0.17822265625
/kaggle/working/processed/9ad9684d-3c1e-47a8-abd9-bdba41f8e9bd_000000007491.png,1,1.0,1.0,1,1,FAULTY,FAULTY,True,0.17822265625
/kaggle/working/processed/6d665436-1219-4d0a-ae82-c19f9d60a702_000000029929.png,0,1.0,0.06781006,0,0,GOOD,GOOD,True,0.17822265625
/kaggle/working/processed/8013742d-e81a-449e-a94a-59322ba6ed01_000000003170.png,0,6.0,0.13098145,0,0,GOOD,GOOD,True,0.17822265625
/kaggle/working/processed/bc440cfd-71df-4173-af4c-2483411b440b_000000004369.png,0,6.0,0.40649414,1,0,FAULTY,GOOD,False,0.17822265625
/kaggle/working/processed/33a76d4c-082f-40ca-b288-0cbdd86d6da3_000000034917.png,1,1.0,0.48168945,1,1,FAULTY,FAULTY,True,0.17822265625
/kaggle/working/processed/1d358b0b-dbe4-4e96-a198-8fdc99447cff_000000027785.png,1,1.0,0.8876953,1,1,FAULTY,FAULTY,True,0.17822265625
/kaggle/working/processed/70f1dabd-3b5c-41bd-a950-1c2bf74e1684_000000003451.png,1,1.0,0.99609375,1,1,FAULTY,FAULTY,True,0.17822265625
/kaggle/working/processed/0bfa3e2e-5b0a-4e44-8b4c-0aa513b01d46_000000004772.png,1,1.0,0.98779297,1,1,FAULTY,FAULTY,True,0.17822265625
/kaggle/working/processed/a3732e14-a4d2-45f5-80f8-c0b2f73e8854_000000003268.png,0,1.0,0.048675537,0,0,GOOD,GOOD,True,0.17822265625
/kaggle/working/processed/8bc5ef87-b5e3-4af1-ac74-a42375cfbd0d_000000000594.png,0,6.0,0.18835449,1,0,FAULTY,GOOD,False,0.17822265625
/kaggle/working/processed/65c318db-facc-4623-a323-6fa5c68047ce_000000018836.png,1,1.0,1.0,1,1,FAULTY,FAULTY,True,0.17822265625
/kaggle/working/processed/eba3c0ae-e6fb-44b0-ac41-97587799f3fb_000000011339.png,1,1.0,0.9995117,1,1,FAULTY,FAULTY,True,0.17822265625
/kaggle/working/processed/ad566870-78eb-45a8-9ebc-e90ec15222e1_000000022988.png,1,1.0,1.0,1,1,FAULTY,FAULTY,True,0.17822265625
/kaggle/working/processed/04cade00-62a7-4cc3-a125-63c91a7e2384_000000033478.png,1,1.0,1.0,1,1,FAULTY,FAULTY,True,0.17822265625
/kaggle/working/processed/63038326-3ac1-459a-b05e-28fcfa761acc_000000034279.png,0,1.0,0.092041016,0,0,GOOD,GOOD,True,0.17822265625
/kaggle/working/processed/3a2a2e39-2c0a-4fb3-9e97-491e7f9386c8_000000031513.png,1,1.0,0.9584961,1,1,FAULTY,FAULTY,True,0.17822265625
/kaggle/working/processed/f34f6fba-6ae2-4e9f-8581-2b6740157337_000000032502.png,0,6.0,0.18591309,1,0,FAULTY,GOOD,False,0.17822265625
/kaggle/working/processed/69df04cd-afe1-4d39-ae22-97bbba2212b8_000000030066.png,1,1.0,0.96972656,1,1,FAULTY,FAULTY,True,0.17822265625
/kaggle/working/processed/be254a5b-6611-4a26-bee7-4c3002867bbd_000000021362.png,1,1.0,0.4753418,1,1,FAULTY,FAULTY,True,0.17822265625
/kaggle/working/processed/fd68040a-fcc5-4933-a485-836dfcf974bf_000000005643.png,1,1.0,0.37231445,1,1,FAULTY,FAULTY,True,0.17822265625
/kaggle/working/processed/8f2e6912-7831-461f-baaf-4234a6f69193_000000029822.png,1,1.0,0.9975586,1,1,FAULTY,FAULTY,True,0.17822265625
/kaggle/working/processed/222ccd33-0947-4eac-a329-6960990565e0_000000018296.png,1,1.0,0.99853516,1,1,FAULTY,FAULTY,True,0.17822265625
/kaggle/working/processed/16cc21fb-9709-4144-a785-86ddc00e9051_000000002195.png,1,1.0,0.61865234,1,1,FAULTY,FAULTY,True,0.17822265625
/kaggle/working/processed/a7cf3c2c-b67f-456c-8db3-3adf5c8b9e6a_000000031267.png,0,6.0,0.3005371,1,0,FAULTY,GOOD,False,0.17822265625
/kaggle/working/processed/7b479c6d-3cf3-4224-8cf6-74d8beadaa20_000000025389.png,1,1.0,1.0,1,1,FAULTY,FAULTY,True,0.17822265625
/kaggle/working/processed/1f3c60ee-019b-4bdd-b0ea-362e8cf82a96_000000010209.png,1,1.0,0.9555664,1,1,FAULTY,FAULTY,True,0.17822265625
/kaggle/working/processed/d2c3fd61-a065-4b11-9bdf-a7974b72eb44_000000002422.png,0,6.0,0.4621582,1,0,FAULTY,GOOD,False,0.17822265625
/kaggle/working/processed/f9d9f7bc-24ea-4fe9-9d38-e7276939b12d_000000026161.png,0,6.0,0.27807617,1,0,FAULTY,GOOD,False,0.17822265625
/kaggle/working/processed/2d9a2628-3d94-4e10-92d7-1f7fcb274e3e_000000030548.png,0,1.0,0.06915283,0,0,GOOD,GOOD,True,0.17822265625
/kaggle/working/processed/45f562e8-6261-4c18-85f6-12d3dbd4d57a_000000018489.png,1,1.0,0.9667969,1,1,FAULTY,FAULTY,True,0.17822265625
/kaggle/working/processed/f9c1754a-e889-4e02-b1eb-abb6735e427f_000000023858.png,1,1.0,0.86035156,1,1,FAULTY,FAULTY,True,0.17822265625
/kaggle/working/processed/cf39ea8e-822d-48fb-8649-3c96030809c7_000000017078.png,0,6.0,0.21838379,1,0,FAULTY,GOOD,False,0.17822265625
/kaggle/working/processed/93fc8203-d19f-4e10-8ba2-4bd967723185_000000019980.png,0,1.0,0.18481445,1,0,FAULTY,GOOD,False,0.17822265625
/kaggle/working/processed/71e63234-e3ed-4f58-bce2-cf2010eec33e_000000018784.png,0,1.0,0.1496582,0,0,GOOD,GOOD,True,0.17822265625
/kaggle/working/processed/e2fc3a5a-9289-4896-9343-627207404dbe_000000030717.png,1,1.0,0.9926758,1,1,FAULTY,FAULTY,True,0.17822265625
/kaggle/working/processed/f0c3f56e-2ac5-4619-9038-c95010ddebf2_000000007558.png,0,1.0,0.118774414,0,0,GOOD,GOOD,True,0.17822265625
/kaggle/working/processed/44c8e000-a67a-49ef-8941-20b0d07c5e8c_000000025171.png,1,1.0,1.0,1,1,FAULTY,FAULTY,True,0.17822265625
/kaggle/working/processed/24cc60d4-91f5-4929-94fa-83fd82b28c58_000000000323.png,0,1.0,0.15722656,0,0,GOOD,GOOD,True,0.17822265625
/kaggle/working/processed/a4541b29-68c4-4b1e-9a91-5997d28f177f_000000017390.png,1,1.0,0.99609375,1,1,FAULTY,FAULTY,True,0.17822265625
/kaggle/working/processed/1a75022e-634e-43b0-86b3-8cd3ed09d023_000000028804.png,1,1.0,1.0,1,1,FAULTY,FAULTY,True,0.17822265625
/kaggle/working/processed/c81e8f92-85e1-4696-be82-e220ddf67220_000000002595.png,1,1.0,0.9980469,1,1,FAULTY,FAULTY,True,0.17822265625
/kaggle/working/processed/513ccebb-eb39-4122-a98d-38b4f68c66aa_000000032265.png,1,1.0,0.44018555,1,1,FAULTY,FAULTY,True,0.17822265625
/kaggle/working/processed/05846589-bb17-43ba-b2ec-39fa69dfd895_000000021513.png,0,6.0,0.45361328,1,0,FAULTY,GOOD,False,0.17822265625
/kaggle/working/processed/93a578fc-3391-4bcd-8045-dc44224a48a7_000000025347.png,0,1.0,0.14074707,0,0,GOOD,GOOD,True,0.17822265625
/kaggle/working/processed/aeb74ce8-dc67-461b-9e48-5fb282dbc17c_000000014238.png,0,6.0,0.19873047,1,0,FAULTY,GOOD,False,0.17822265625
/kaggle/working/processed/a29df1f5-a900-4f41-9637-89ff22c94d3d_000000034835.png,1,1.0,0.49365234,1,1,FAULTY,FAULTY,True,0.17822265625
/kaggle/working/processed/104e4ad3-bf74-41a7-865e-1fcfe8421e08_000000030675.png,1,1.0,1.0,1,1,FAULTY,FAULTY,True,0.17822265625
/kaggle/working/processed/ee0fd983-df68-4c40-92ef-3e561dc466eb_000000005264.png,0,1.0,0.11694336,0,0,GOOD,GOOD,True,0.17822265625
/kaggle/working/processed/513dc757-61ee-479b-a6e7-b95fa0089e63_000000005962.png,1,1.0,0.99609375,1,1,FAULTY,FAULTY,True,0.17822265625
/kaggle/working/processed/a1eda6fb-a985-47ab-8323-68fc01df3edb_000000016780.png,0,1.0,0.19592285,1,0,FAULTY,GOOD,False,0.17822265625
/kaggle/working/processed/ef188fa5-27e9-4a25-bd7c-ad0019ac0bd1_000000034350.png,1,1.0,1.0,1,1,FAULTY,FAULTY,True,0.17822265625
/kaggle/working/processed/acdb323b-e176-4187-9677-71976a4af1dc_000000020168.png,1,1.0,0.9741211,1,1,FAULTY,FAULTY,True,0.17822265625
/kaggle/working/processed/a6694855-eaf9-4c80-8210-5dd656430e17_000000026342.png,0,6.0,0.42089844,1,0,FAULTY,GOOD,False,0.17822265625
/kaggle/working/processed/a8dc35a5-c88c-414b-bdf1-3327319dce98_000000000859.png,1,1.0,0.51708984,1,1,FAULTY,FAULTY,True,0.17822265625
/kaggle/working/processed/22b2dfa3-e3c8-4b55-9df0-6d9391a312a1_000000003865.png,1,1.0,0.71972656,1,1,FAULTY,FAULTY,True,0.17822265625
/kaggle/working/processed/025d0e80-79e4-40ae-b9f6-d546dc4008d1_000000019797.png,1,1.0,0.9692383,1,1,FAULTY,FAULTY,True,0.17822265625
/kaggle/working/processed/2d113a00-7cb1-4b1b-82e9-39af242fc3ef_000000031382.png,0,6.0,0.21911621,1,0,FAULTY,GOOD,False,0.17822265625
/kaggle/working/processed/3cae71e7-17ad-473a-9da0-03d35f594eb7_000000004151.png,1,1.0,0.5776367,1,1,FAULTY,FAULTY,True,0.17822265625
/kaggle/working/processed/64096a0b-36ab-4eaa-801a-f29d62d78aac_000000033055.png,1,1.0,0.90722656,1,1,FAULTY,FAULTY,True,0.17822265625
/kaggle/working/processed/c8805df3-2d43-495e-8746-8fe7944f9937_000000032678.png,0,6.0,0.12512207,0,0,GOOD,GOOD,True,0.17822265625
/kaggle/working/processed/f00410e3-ff8e-46b9-9b00-83311d27e297_000000031384.png,0,6.0,0.21765137,1,0,FAULTY,GOOD,False,0.17822265625
/kaggle/working/processed/e7bc7de9-a238-42e6-ade1-e2f9f96ebb8e_000000011467.png,1,1.0,0.99121094,1,1,FAULTY,FAULTY,True,0.17822265625
/kaggle/working/processed/4bcfd804-4ca3-4c67-a8c5-4c721463eee9_000000015185.png,0,1.0,0.058013916,0,0,GOOD,GOOD,True,0.17822265625
/kaggle/working/processed/eb493fbc-76fb-4d5e-bb4c-b983bd154615_000000030132.png,1,1.0,0.51708984,1,1,FAULTY,FAULTY,True,0.17822265625
/kaggle/working/processed/5e24d776-44c9-45e9-9756-2753d827e36e_000000017853.png,1,1.0,0.9980469,1,1,FAULTY,FAULTY,True,0.17822265625
/kaggle/working/processed/afa8665a-92b8-43bd-89da-bab2a5eba911_000000004398.png,1,1.0,0.33544922,1,1,FAULTY,FAULTY,True,0.17822265625
/kaggle/working/processed/e4e68b97-1822-485b-9fea-8b9cdc1c629f_000000014576.png,1,1.0,0.9794922,1,1,FAULTY,FAULTY,True,0.17822265625
/kaggle/working/processed/ff6048ce-194e-49bf-9598-0988a6fecbb9_000000018869.png,0,1.0,0.045196533,0,0,GOOD,GOOD,True,0.17822265625
/kaggle/working/processed/aa3219d6-fbe6-4fda-bb5c-0f9e73ccabbc_000000000381.png,0,6.0,0.21838379,1,0,FAULTY,GOOD,False,0.17822265625
/kaggle/working/processed/e133eed3-3ac8-4b16-9525-4cefbbe16edf_000000012695.png,0,1.0,0.12365723,0,0,GOOD,GOOD,True,0.17822265625
/kaggle/working/processed/6a6fe64f-1af8-41d2-838c-7bff2eed0aac_000000004911.png,1,1.0,0.9970703,1,1,FAULTY,FAULTY,True,0.17822265625
/kaggle/working/processed/b5a511e2-1b57-4388-9d0d-79eb20bc1263_000000017611.png,1,1.0,0.4909668,1,1,FAULTY,FAULTY,True,0.17822265625
/kaggle/working/processed/0c9e662d-b8d5-438d-99a1-34edcfa65099_000000000620.png,1,1.0,0.98291016,1,1,FAULTY,FAULTY,True,0.17822265625
/kaggle/working/processed/ce0fa84b-776c-4f63-930f-b814b5162723_000000019897.png,1,1.0,0.9995117,1,1,FAULTY,FAULTY,True,0.17822265625
/kaggle/working/processed/cfd16409-7653-4980-b12a-c446f324037f_000000020595.png,1,1.0,1.0,1,1,FAULTY,FAULTY,True,0.17822265625
/kaggle/working/processed/0cffe60d-0a80-4377-bf62-fb24f83e4c2f_000000017371.png,0,1.0,0.05697632,0,0,GOOD,GOOD,True,0.17822265625
/kaggle/working/processed/512747db-1353-465f-a500-db02612477d6_000000020817.png,1,1.0,0.9873047,1,1,FAULTY,FAULTY,True,0.17822265625
/kaggle/working/processed/127953b6-b22c-471a-8a10-a2e5de059a3b_000000029339.png,1,1.0,1.0,1,1,FAULTY,FAULTY,True,0.17822265625
/kaggle/working/processed/ebd363bb-ba23-49b2-8641-507b2765e849_000000028577.png,0,6.0,0.20812988,1,0,FAULTY,GOOD,False,0.17822265625
/kaggle/working/processed/e813bc91-8c3e-4f82-8860-9a0f11c368a3_000000015557.png,1,1.0,0.9995117,1,1,FAULTY,FAULTY,True,0.17822265625
/kaggle/working/processed/f0c9f848-c67c-4051-99a7-0533e6d747e9_000000034376.png,1,1.0,1.0,1,1,FAULTY,FAULTY,True,0.17822265625
/kaggle/working/processed/268e581e-974f-4af4-bbd2-bce3cdaed2c6_000000008982.png,0,1.0,0.1953125,1,0,FAULTY,GOOD,False,0.17822265625
/kaggle/working/processed/00ab417f-6f7b-4a15-b298-9a19ded9adb3_000000012646.png,1,1.0,0.9995117,1,1,FAULTY,FAULTY,True,0.17822265625
/kaggle/working/processed/552e2e98-a47b-4acc-aa93-60c41b51f480_000000004833.png,1,1.0,0.9995117,1,1,FAULTY,FAULTY,True,0.17822265625
/kaggle/working/processed/f956356e-fa7b-4ecd-8ce5-cdf04262a31c_000000020265.png,0,1.0,0.11437988,0,0,GOOD,GOOD,True,0.17822265625
/kaggle/working/processed/ffb518f9-dfe8-4579-849d-b40e0072a5f8_000000013014.png,1,1.0,1.0,1,1,FAULTY,FAULTY,True,0.17822265625
/kaggle/working/processed/7f235c6e-beb8-4fb2-bff3-9cb4b628d4af_000000001602.png,1,1.0,1.0,1,1,FAULTY,FAULTY,True,0.17822265625
/kaggle/working/processed/e882785a-d245-42d2-b6eb-2ce238e2729f_000000025880.png,1,1.0,1.0,1,1,FAULTY,FAULTY,True,0.17822265625
/kaggle/working/processed/11a26d55-ffdb-4a51-9f40-8dc288f11c7f_000000027594.png,1,1.0,0.9506836,1,1,FAULTY,FAULTY,True,0.17822265625
/kaggle/working/processed/6dfd10d9-f720-45dc-bca2-34d67291932c_000000016525.png,0,1.0,0.035339355,0,0,GOOD,GOOD,True,0.17822265625
/kaggle/working/processed/6fccc27e-eb98-4c37-b50d-e2c19f7716ce_000000018083.png,0,6.0,0.3540039,1,0,FAULTY,GOOD,False,0.17822265625
/kaggle/working/processed/04fb9c08-2974-43d2-8144-f0464b8637e2_000000020576.png,1,1.0,0.92626953,1,1,FAULTY,FAULTY,True,0.17822265625
/kaggle/working/processed/60c68f1a-defe-4ec2-95f1-1e24f9f96cd3_000000030896.png,1,1.0,1.0,1,1,FAULTY,FAULTY,True,0.17822265625
/kaggle/working/processed/9ef4fc65-27a1-492e-b1d0-246a30d701b1_000000005361.png,0,1.0,0.10650635,0,0,GOOD,GOOD,True,0.17822265625
/kaggle/working/processed/803975f5-a86e-4281-bc31-6a06f45edcb0_000000035031.png,1,1.0,0.5566406,1,1,FAULTY,FAULTY,True,0.17822265625
/kaggle/working/processed/88142c4a-623d-4805-ac6c-f6263f50dfd6_000000026303.png,0,1.0,0.04434204,0,0,GOOD,GOOD,True,0.17822265625
/kaggle/working/processed/0ecf0a1b-e11c-4418-a713-07218d31732c_000000006232.png,1,1.0,1.0,1,1,FAULTY,FAULTY,True,0.17822265625
/kaggle/working/processed/aee3b7b5-894b-447c-886f-1b28ab01d729_000000001316.png,1,1.0,0.20983887,1,1,FAULTY,FAULTY,True,0.17822265625
/kaggle/working/processed/6989a929-9c10-4271-b2d2-709d5aaa0cb8_000000006048.png,1,1.0,0.9658203,1,1,FAULTY,FAULTY,True,0.17822265625
/kaggle/working/processed/36a6a370-96ce-4973-88cb-a3e4d054b269_000000032224.png,1,1.0,0.99658203,1,1,FAULTY,FAULTY,True,0.17822265625
/kaggle/working/processed/bf82df4b-8acc-4b6d-a4bb-583981d92f25_000000001214.png,1,1.0,0.97802734,1,1,FAULTY,FAULTY,True,0.17822265625
/kaggle/working/processed/6a72d046-6a2f-46a6-8227-88f3c8998304_000000029568.png,1,1.0,0.99853516,1,1,FAULTY,FAULTY,True,0.17822265625
/kaggle/working/processed/e83b5a71-84ea-471d-b0be-60d64bf2c816_000000002998.png,1,1.0,0.7607422,1,1,FAULTY,FAULTY,True,0.17822265625
/kaggle/working/processed/217bfda2-0259-4c59-81b5-65fe9c481baf_000000009638.png,1,1.0,0.9946289,1,1,FAULTY,FAULTY,True,0.17822265625
/kaggle/working/processed/fe03b8bc-844f-4d15-8d59-984bf10df446_000000031820.png,0,1.0,0.084350586,0,0,GOOD,GOOD,True,0.17822265625
/kaggle/working/processed/6151eb13-07d1-4dc0-9811-d00545be0c35_000000033087.png,1,1.0,1.0,1,1,FAULTY,FAULTY,True,0.17822265625
/kaggle/working/processed/8c8165ad-c85c-4155-8dca-80aeff1e3616_000000018392.png,1,1.0,0.8623047,1,1,FAULTY,FAULTY,True,0.17822265625
/kaggle/working/processed/acc11a9a-08a7-4f26-8ace-fe96e3038cfd_000000029132.png,1,1.0,1.0,1,1,FAULTY,FAULTY,True,0.17822265625
/kaggle/working/processed/dd69b106-32bf-460f-94d6-e65361380f53_000000021069.png,1,1.0,0.9658203,1,1,FAULTY,FAULTY,True,0.17822265625
/kaggle/working/processed/82e44e33-aa27-4f4b-a965-35a48b2adaea_000000035085.png,1,1.0,1.0,1,1,FAULTY,FAULTY,True,0.17822265625
/kaggle/working/processed/265b7996-7d6b-4190-9c5e-556bef909a32_000000003088.png,1,1.0,0.58496094,1,1,FAULTY,FAULTY,True,0.17822265625
/kaggle/working/processed/c6898fc7-0956-43c7-9bd4-52d8fb289bfd_000000016613.png,1,1.0,0.43896484,1,1,FAULTY,FAULTY,True,0.17822265625
/kaggle/working/processed/b2a49050-2ace-4219-8889-f30e0df6c7b8_000000012736.png,1,1.0,1.0,1,1,FAULTY,FAULTY,True,0.17822265625
/kaggle/working/processed/432c0a15-6525-405e-9bbd-04386017c1bd_000000001742.png,0,1.0,0.13269043,0,0,GOOD,GOOD,True,0.17822265625
/kaggle/working/processed/d86395b7-3e39-4e97-8c25-c18ecb6d48b8_000000031109.png,1,1.0,0.7060547,1,1,FAULTY,FAULTY,True,0.17822265625
/kaggle/working/processed/9f8e9688-4dd3-4d3e-951a-ebf56073e0b7_000000020116.png,0,6.0,0.39208984,1,0,FAULTY,GOOD,False,0.17822265625
/kaggle/working/processed/a55809f7-c775-4459-a997-6f8caa0f7d31_000000032209.png,0,1.0,0.22509766,1,0,FAULTY,GOOD,False,0.17822265625
/kaggle/working/processed/13c3332f-b10a-453c-969b-b813419be49a_000000017834.png,1,1.0,0.99902344,1,1,FAULTY,FAULTY,True,0.17822265625
/kaggle/working/processed/91bd4189-9d9d-4c03-b96e-df4f97f6ac46_000000015118.png,1,1.0,0.9770508,1,1,FAULTY,FAULTY,True,0.17822265625
/kaggle/working/processed/9de331af-596a-4efe-a0f8-a650a8fcb981_000000001974.png,1,1.0,0.99072266,1,1,FAULTY,FAULTY,True,0.17822265625
/kaggle/working/processed/db07c9eb-ca28-4430-9743-ea00117620a2_000000033557.png,0,1.0,0.047698975,0,0,GOOD,GOOD,True,0.17822265625
/kaggle/working/processed/eddc3fc2-6a1c-448f-a637-2246f263a303_000000009265.png,0,1.0,0.15063477,0,0,GOOD,GOOD,True,0.17822265625
/kaggle/working/processed/89cf9d58-4420-49a0-98ed-c05afb8ddd80_000000019497.png,1,1.0,0.16833496,0,1,GOOD,FAULTY,False,0.17822265625
/kaggle/working/processed/adbd4b52-ad65-4554-b6b7-b43124c427a4_000000017724.png,1,1.0,0.90283203,1,1,FAULTY,FAULTY,True,0.17822265625
/kaggle/working/processed/34add9fb-1745-42ff-9623-3399d76e874f_000000018000.png,1,1.0,0.9995117,1,1,FAULTY,FAULTY,True,0.17822265625
/kaggle/working/processed/c0ed52dc-9072-4d09-a6a0-19f9af51dd5a_000000017326.png,1,1.0,1.0,1,1,FAULTY,FAULTY,True,0.17822265625
/kaggle/working/processed/ad716be4-b164-4467-aa21-424fdc26cbe5_000000004674.png,0,6.0,0.18933105,1,0,FAULTY,GOOD,False,0.17822265625
/kaggle/working/processed/f9f2e3b4-80ad-4fd7-9451-4444da2a4f52_000000023438.png,1,1.0,0.9897461,1,1,FAULTY,FAULTY,True,0.17822265625
/kaggle/working/processed/c67199fd-2be3-4994-a5d0-09b900573bc6_000000010406.png,1,1.0,0.98535156,1,1,FAULTY,FAULTY,True,0.17822265625
/kaggle/working/processed/3f1a13be-dfe0-4092-b66e-36fb1171e58c_000000014925.png,0,1.0,0.061187744,0,0,GOOD,GOOD,True,0.17822265625
/kaggle/working/processed/298a8e3c-3ab3-488a-b048-db76df4831a6_000000035110.png,0,1.0,0.38964844,1,0,FAULTY,GOOD,False,0.17822265625
/kaggle/working/processed/f6ed3730-5e9f-4387-a96e-8a2438a1aea0_000000029957.png,1,1.0,0.9970703,1,1,FAULTY,FAULTY,True,0.17822265625
/kaggle/working/processed/d70a4677-a14c-422d-a472-9e898c1b01e5_000000018886.png,1,1.0,0.9951172,1,1,FAULTY,FAULTY,True,0.17822265625
/kaggle/working/processed/cde3bd98-7793-4409-a1df-6ef22193c0d5_000000028758.png,0,1.0,0.117370605,0,0,GOOD,GOOD,True,0.17822265625
/kaggle/working/processed/920f3448-579b-4032-ba80-c280a0a93dea_000000031341.png,0,1.0,0.15649414,0,0,GOOD,GOOD,True,0.17822265625
/kaggle/working/processed/e45cbb39-bd6d-4917-bd66-33c89feadc2e_000000032025.png,0,6.0,0.1282959,0,0,GOOD,GOOD,True,0.17822265625
/kaggle/working/processed/b2f6933a-d1ab-4079-a8f1-60b35e20e0a6_000000026979.png,1,1.0,0.81347656,1,1,FAULTY,FAULTY,True,0.17822265625
/kaggle/working/processed/2e07baa1-222a-434f-827b-669122eed50b_000000033538.png,1,1.0,1.0,1,1,FAULTY,FAULTY,True,0.17822265625
/kaggle/working/processed/7d471afd-4a2c-4114-927e-888e7e97fd98_000000033923.png,1,1.0,0.6220703,1,1,FAULTY,FAULTY,True,0.17822265625
/kaggle/working/processed/12f50e36-ed18-4650-ba1c-79258bad070b_000000023542.png,0,1.0,0.10144043,0,0,GOOD,GOOD,True,0.17822265625
/kaggle/working/processed/cbd14e87-9d26-487d-870e-2fc18ea16a4a_000000014792.png,1,1.0,0.9995117,1,1,FAULTY,FAULTY,True,0.17822265625
/kaggle/working/processed/bcadc85c-7faf-4e64-8c2b-1afb010f6352_000000002255.png,0,1.0,0.12658691,0,0,GOOD,GOOD,True,0.17822265625
/kaggle/working/processed/b2ad0dd1-2eb6-4808-a80f-a8eeec6ffe20_000000029860.png,0,6.0,0.4711914,1,0,FAULTY,GOOD,False,0.17822265625
/kaggle/working/processed/dc72e2cc-2050-411b-82a1-3488e93e022a_000000006360.png,0,6.0,0.20532227,1,0,FAULTY,GOOD,False,0.17822265625
/kaggle/working/processed/babcd008-21f0-49d0-9c88-52755cfd91ed_000000006529.png,1,1.0,1.0,1,1,FAULTY,FAULTY,True,0.17822265625
/kaggle/working/processed/af964ff6-6737-434a-85c2-fcb3b36e2160_000000019747.png,1,1.0,0.97265625,1,1,FAULTY,FAULTY,True,0.17822265625
/kaggle/working/processed/47d23086-7b0f-4fef-88cd-e457d4ff2fb9_000000028780.png,1,1.0,0.7709961,1,1,FAULTY,FAULTY,True,0.17822265625
/kaggle/working/processed/bcd4538b-f5e5-44ff-a874-2b9161bd2af8_000000030577.png,1,1.0,0.6538086,1,1,FAULTY,FAULTY,True,0.17822265625
/kaggle/working/processed/da8e1703-70cb-4fcb-add6-e3def039f230_000000024797.png,0,1.0,0.058441162,0,0,GOOD,GOOD,True,0.17822265625
/kaggle/working/processed/4791843b-a96f-4074-9a1c-aa74e202683e_000000015746.png,0,1.0,0.05987549,0,0,GOOD,GOOD,True,0.17822265625
/kaggle/working/processed/c46a76b4-9592-4d02-9de2-7418898fe842_000000027688.png,1,1.0,1.0,1,1,FAULTY,FAULTY,True,0.17822265625
/kaggle/working/processed/eaced7b4-de86-4032-8e08-cc3d90bb577b_000000025071.png,1,1.0,0.75146484,1,1,FAULTY,FAULTY,True,0.17822265625
/kaggle/working/processed/ce973a65-144d-4e87-89e2-f661c36cc00c_000000019755.png,1,1.0,1.0,1,1,FAULTY,FAULTY,True,0.17822265625
/kaggle/working/processed/cd69ef2f-4109-44aa-8f15-ee4df23ccc7b_000000007402.png,1,1.0,0.9892578,1,1,FAULTY,FAULTY,True,0.17822265625
/kaggle/working/processed/34c972a5-8a6f-4e64-ab9a-015c2e66a824_000000018438.png,1,1.0,0.60009766,1,1,FAULTY,FAULTY,True,0.17822265625
/kaggle/working/processed/f2612379-7b31-4b8b-9268-d2b34075babc_000000024454.png,1,1.0,0.99609375,1,1,FAULTY,FAULTY,True,0.17822265625
/kaggle/working/processed/daa898b3-80b4-498d-81c6-a561e419c605_000000004190.png,0,1.0,0.04510498,0,0,GOOD,GOOD,True,0.17822265625
/kaggle/working/processed/f2b48e9c-f068-4122-8a1b-652bff4bcce5_000000017580.png,1,1.0,0.9760742,1,1,FAULTY,FAULTY,True,0.17822265625
/kaggle/working/processed/3081ccaa-bc09-4423-8972-6eeb47ec6e14_000000035047.png,1,1.0,0.5126953,1,1,FAULTY,FAULTY,True,0.17822265625
/kaggle/working/processed/6820a799-2396-4065-a555-aa4416ae20d2_000000011572.png,0,1.0,0.11260986,0,0,GOOD,GOOD,True,0.17822265625
/kaggle/working/processed/ac6c4a94-1303-439d-aa32-7ccc40ea9601_000000015925.png,0,1.0,0.09387207,0,0,GOOD,GOOD,True,0.17822265625
/kaggle/working/processed/0e3b7198-c440-4a77-bc60-30722506c138_000000008348.png,1,1.0,0.8378906,1,1,FAULTY,FAULTY,True,0.17822265625
/kaggle/working/processed/da2cdded-40aa-43bb-9f15-6ad0613f3275_000000002539.png,0,1.0,0.09857178,0,0,GOOD,GOOD,True,0.17822265625
/kaggle/working/processed/ef0861bc-2daf-42d0-975a-5164fc9acb93_000000011601.png,0,1.0,0.14501953,0,0,GOOD,GOOD,True,0.17822265625
/kaggle/working/processed/acb82491-f689-4ccd-92b2-86a3a6ec49c1_000000001270.png,0,1.0,0.009780884,0,0,GOOD,GOOD,True,0.17822265625
/kaggle/working/processed/7129fe11-902d-4517-aa82-484c1fef12cf_000000015340.png,1,1.0,0.9614258,1,1,FAULTY,FAULTY,True,0.17822265625
/kaggle/working/processed/b7be1f47-8c41-4df4-9e68-ac51f546d27e_000000015004.png,0,6.0,0.5234375,1,0,FAULTY,GOOD,False,0.17822265625
/kaggle/working/processed/734dfa05-178d-4968-a101-9e06e8661486_000000008830.png,0,1.0,0.13476562,0,0,GOOD,GOOD,True,0.17822265625
/kaggle/working/processed/ce38297b-11f2-4c5d-a3a5-b2cfe3d8bdfb_000000021634.png,1,1.0,1.0,1,1,FAULTY,FAULTY,True,0.17822265625
/kaggle/working/processed/05a3ce8a-e9bd-40dd-9a27-fd43c1a5f4bd_000000026442.png,1,1.0,0.9995117,1,1,FAULTY,FAULTY,True,0.17822265625
/kaggle/working/processed/d981cc47-2dd6-4bc8-a620-333ce73cac77_000000018201.png,0,1.0,0.048858643,0,0,GOOD,GOOD,True,0.17822265625
/kaggle/working/processed/c13ff7b7-1d0c-410c-b405-3ca164f21320_000000003793.png,1,1.0,0.80371094,1,1,FAULTY,FAULTY,True,0.17822265625
/kaggle/working/processed/874c9b07-567b-4c59-862b-d636df6d3c41_000000025780.png,1,1.0,0.99658203,1,1,FAULTY,FAULTY,True,0.17822265625
/kaggle/working/processed/f14e2b30-f570-451d-8f8a-60c49e686676_000000008139.png,1,1.0,1.0,1,1,FAULTY,FAULTY,True,0.17822265625
/kaggle/working/processed/38a2e38a-5835-4e5b-8159-44073fcccdf2_000000005531.png,0,1.0,0.12432861,0,0,GOOD,GOOD,True,0.17822265625
/kaggle/working/processed/9a195a23-3522-4284-bf7b-5899e2fd9333_000000004161.png,1,1.0,0.99902344,1,1,FAULTY,FAULTY,True,0.17822265625
/kaggle/working/processed/6500aace-0bef-42bc-87d6-c04a7e2f7b61_000000034467.png,1,1.0,0.5175781,1,1,FAULTY,FAULTY,True,0.17822265625
/kaggle/working/processed/2f069c1b-b304-40f5-bd1f-a70cc1f20483_000000025538.png,1,1.0,0.99658203,1,1,FAULTY,FAULTY,True,0.17822265625
/kaggle/working/processed/45a7b13b-c87c-4a29-9a9e-8dcb037ef034_000000003836.png,0,1.0,0.099121094,0,0,GOOD,GOOD,True,0.17822265625
/kaggle/working/processed/12166cec-4be2-4590-9333-8d97c4f2ac4f_000000016438.png,1,1.0,0.9941406,1,1,FAULTY,FAULTY,True,0.17822265625
/kaggle/working/processed/8c5c9fac-4c50-466b-af2a-3f7d84421ee4_000000003618.png,0,6.0,0.22937012,1,0,FAULTY,GOOD,False,0.17822265625
/kaggle/working/processed/bdbc3a5a-9c44-4c28-a7ae-bb52e9518c96_000000010096.png,0,1.0,0.105773926,0,0,GOOD,GOOD,True,0.17822265625
/kaggle/working/processed/eaa09c4c-3421-47a2-8212-3a889af951bb_000000022402.png,1,1.0,0.6748047,1,1,FAULTY,FAULTY,True,0.17822265625
/kaggle/working/processed/cf75ee12-3952-4df0-8f4a-cafadaf39973_000000018946.png,0,6.0,0.21911621,1,0,FAULTY,GOOD,False,0.17822265625
/kaggle/working/processed/3b8b1e4b-3ae0-4cdd-a931-6f3ee70fedf0_000000031548.png,0,6.0,0.42163086,1,0,FAULTY,GOOD,False,0.17822265625
/kaggle/working/processed/e3b4dece-497e-4264-b297-f5a126af2784_000000001589.png,1,1.0,0.98876953,1,1,FAULTY,FAULTY,True,0.17822265625
/kaggle/working/processed/edcb945a-b076-4c0a-9866-fbbc1f436f9f_000000013398.png,0,1.0,0.048217773,0,0,GOOD,GOOD,True,0.17822265625
/kaggle/working/processed/851af17e-32cd-46fc-9c62-73215d1e3358_000000015628.png,1,1.0,1.0,1,1,FAULTY,FAULTY,True,0.17822265625
/kaggle/working/processed/3dc1b2e2-e990-403e-8140-874ff087c472_000000001528.png,0,1.0,0.048034668,0,0,GOOD,GOOD,True,0.17822265625
/kaggle/working/processed/3d6cd71e-38c0-418c-a85b-152f32512dfd_000000032985.png,0,1.0,0.10650635,0,0,GOOD,GOOD,True,0.17822265625
/kaggle/working/processed/6a5b6cac-ab63-4e2c-a79c-f610b8051877_000000024565.png,0,1.0,0.08416748,0,0,GOOD,GOOD,True,0.17822265625
/kaggle/working/processed/ed558e0a-5d3e-49fc-a733-a5646a485d4c_000000010231.png,1,1.0,0.46972656,1,1,FAULTY,FAULTY,True,0.17822265625
/kaggle/working/processed/9e57ad33-b173-4028-b814-8e85707a3354_000000010204.png,0,1.0,0.049682617,0,0,GOOD,GOOD,True,0.17822265625
/kaggle/working/processed/410f30f7-4e23-4940-bdb0-559e8eef6dad_000000001736.png,1,1.0,1.0,1,1,FAULTY,FAULTY,True,0.17822265625
/kaggle/working/processed/9047e6b5-e2ea-496b-8787-5e44913b2d29_000000016106.png,0,1.0,0.13903809,0,0,GOOD,GOOD,True,0.17822265625
/kaggle/working/processed/b72fbf69-b3a2-44e7-966f-c50e42f753e3_000000022342.png,0,1.0,0.13500977,0,0,GOOD,GOOD,True,0.17822265625
/kaggle/working/processed/2bac396a-bb0d-4b23-b72e-be1be11d19ed_000000009857.png,0,1.0,0.13781738,0,0,GOOD,GOOD,True,0.17822265625
/kaggle/working/processed/6ab1aca6-06df-4442-acaa-cd6913d573db_000000026814.png,1,1.0,0.99902344,1,1,FAULTY,FAULTY,True,0.17822265625
/kaggle/working/processed/7132b307-2518-489a-a8f6-125e9cec8854_000000015072.png,0,6.0,0.1796875,1,0,FAULTY,GOOD,False,0.17822265625
/kaggle/working/processed/ebe3e965-416b-4529-bab1-537aa03a8979_000000002848.png,0,1.0,0.19030762,1,0,FAULTY,GOOD,False,0.17822265625
/kaggle/working/processed/08fb7607-71af-4d45-8fc0-85ea793fc942_000000015218.png,1,1.0,0.9658203,1,1,FAULTY,FAULTY,True,0.17822265625
/kaggle/working/processed/89508759-74fd-4cd9-8f3c-5108aa53719c_000000019665.png,1,1.0,1.0,1,1,FAULTY,FAULTY,True,0.17822265625
/kaggle/working/processed/e5af828a-bb20-4492-b4df-69207db7341b_000000015679.png,0,6.0,0.2409668,1,0,FAULTY,GOOD,False,0.17822265625
/kaggle/working/processed/ffa93e9f-b18c-4976-a7f0-245de2268937_000000016851.png,1,1.0,0.9057617,1,1,FAULTY,FAULTY,True,0.17822265625
/kaggle/working/processed/9605708d-d17c-4f7d-9a4f-89e7a6656d26_000000008459.png,0,1.0,0.13244629,0,0,GOOD,GOOD,True,0.17822265625
/kaggle/working/processed/10948675-21be-41b0-a90e-98e9c9b149bd_000000026158.png,0,1.0,0.050323486,0,0,GOOD,GOOD,True,0.17822265625
/kaggle/working/processed/f8530695-3974-413d-aeca-18049568e263_000000003901.png,1,1.0,0.9316406,1,1,FAULTY,FAULTY,True,0.17822265625
/kaggle/working/processed/160b2da9-ac21-4ce2-907d-d0aead2c8b4d_000000008091.png,0,6.0,0.46484375,1,0,FAULTY,GOOD,False,0.17822265625
/kaggle/working/processed/8fa1aee9-5ae4-4067-b7f3-38e6d1a94947_000000008087.png,0,1.0,0.23474121,1,0,FAULTY,GOOD,False,0.17822265625
/kaggle/working/processed/9e0e516f-4dff-41bf-b489-980ffbd0d847_000000004776.png,1,1.0,0.99902344,1,1,FAULTY,FAULTY,True,0.17822265625
/kaggle/working/processed/029b454b-de9e-4ed6-82b0-71605ff79e80_000000012159.png,1,1.0,0.9980469,1,1,FAULTY,FAULTY,True,0.17822265625
/kaggle/working/processed/171467b0-7fa4-4ea5-8e66-d7b95714200c_000000003666.png,0,1.0,0.11694336,0,0,GOOD,GOOD,True,0.17822265625
/kaggle/working/processed/58028881-2a60-4d34-927b-383b5924ce95_000000014268.png,1,1.0,0.9995117,1,1,FAULTY,FAULTY,True,0.17822265625
/kaggle/working/processed/e57e64d8-387b-4169-b9a7-f6c2e4f11f13_000000012634.png,1,1.0,0.8383789,1,1,FAULTY,FAULTY,True,0.17822265625
/kaggle/working/processed/283efc9e-bbab-4534-90ab-b1c84427a052_000000010528.png,1,1.0,0.37573242,1,1,FAULTY,FAULTY,True,0.17822265625
/kaggle/working/processed/36484849-a81f-4766-b18d-578a8e0e47c7_000000014452.png,1,1.0,0.7211914,1,1,FAULTY,FAULTY,True,0.17822265625
/kaggle/working/processed/2abaa11d-7b47-4efa-84f8-e3017d29cf50_000000027564.png,0,6.0,0.15820312,0,0,GOOD,GOOD,True,0.17822265625
/kaggle/working/processed/b063bfac-08c0-4088-91dd-c2e1d3886a9c_000000027404.png,0,1.0,0.12420654,0,0,GOOD,GOOD,True,0.17822265625
/kaggle/working/processed/2985c224-3a40-4a09-99ac-bb0cb29b626a_000000010874.png,0,6.0,0.19055176,1,0,FAULTY,GOOD,False,0.17822265625
/kaggle/working/processed/cb03c119-a4e3-4480-837e-d2c328cdddc3_000000031910.png,1,1.0,0.7133789,1,1,FAULTY,FAULTY,True,0.17822265625
/kaggle/working/processed/21bc01e7-78d5-4caa-95dd-2b7f142b68c5_000000023589.png,1,1.0,1.0,1,1,FAULTY,FAULTY,True,0.17822265625
/kaggle/working/processed/5ca405f1-1003-49d3-9498-9138fffc2137_000000003753.png,0,1.0,0.04586792,0,0,GOOD,GOOD,True,0.17822265625
/kaggle/working/processed/8e14cac4-14e9-4a6a-8fc0-9ad93991101e_000000016148.png,1,1.0,1.0,1,1,FAULTY,FAULTY,True,0.17822265625
/kaggle/working/processed/6d9c0e23-187d-40d6-ba07-4a0983877364_000000013032.png,0,6.0,0.15429688,0,0,GOOD,GOOD,True,0.17822265625
/kaggle/working/processed/9542efe5-c181-4c32-95f4-132a90d95609_000000017304.png,1,1.0,0.99316406,1,1,FAULTY,FAULTY,True,0.17822265625
/kaggle/working/processed/a78d82db-9208-4c3f-a07c-dec4097d6e2c_000000025051.png,1,1.0,1.0,1,1,FAULTY,FAULTY,True,0.17822265625
/kaggle/working/processed/27235c2a-8668-4636-92b4-d084ca9bdd5a_000000029985.png,1,1.0,0.39160156,1,1,FAULTY,FAULTY,True,0.17822265625
/kaggle/working/processed/3fe6308a-cd63-419b-9950-0fb3c47efec3_000000015889.png,1,1.0,0.99902344,1,1,FAULTY,FAULTY,True,0.17822265625
/kaggle/working/processed/527beed0-9052-4a2f-9626-2fca4ccca887_000000029276.png,0,1.0,0.103393555,0,0,GOOD,GOOD,True,0.17822265625
/kaggle/working/processed/61f22a25-5367-4c96-a9e5-d42e3aa8d752_000000033838.png,1,1.0,0.9970703,1,1,FAULTY,FAULTY,True,0.17822265625
/kaggle/working/processed/a151ad1f-d0d5-4ea5-8bdf-45542cebcb21_000000026642.png,1,1.0,0.9868164,1,1,FAULTY,FAULTY,True,0.17822265625
/kaggle/working/processed/3f35fb6b-b95d-4a04-a745-595ca95e8d35_000000009625.png,0,1.0,0.12536621,0,0,GOOD,GOOD,True,0.17822265625
/kaggle/working/processed/fdd3256f-17b0-4876-b05c-6da9d6a5461e_000000022782.png,1,1.0,0.99902344,1,1,FAULTY,FAULTY,True,0.17822265625
/kaggle/working/processed/08f5c01b-a792-4de3-ad21-e0a8e2aecee5_000000020698.png,1,1.0,0.50439453,1,1,FAULTY,FAULTY,True,0.17822265625
/kaggle/working/processed/492def68-d467-41c5-81b5-0e7514c01847_000000011288.png,0,6.0,0.26464844,1,0,FAULTY,GOOD,False,0.17822265625
/kaggle/working/processed/5225b377-6d86-48df-a525-226d4b6ce8ac_000000031333.png,0,1.0,0.06951904,0,0,GOOD,GOOD,True,0.17822265625
/kaggle/working/processed/601e2f74-22d5-4a30-b28e-6476e591aa8f_000000016575.png,1,1.0,0.9736328,1,1,FAULTY,FAULTY,True,0.17822265625
/kaggle/working/processed/7faaeb31-edbc-464a-8d64-20c86570ed96_000000022207.png,1,1.0,0.9716797,1,1,FAULTY,FAULTY,True,0.17822265625
/kaggle/working/processed/9d4d78a8-a1fe-4c68-b75c-ac97fc821e35_000000021751.png,0,1.0,0.072509766,0,0,GOOD,GOOD,True,0.17822265625
/kaggle/working/processed/999db0a8-8c5d-423a-a3a9-785dd3b2d435_000000030237.png,0,1.0,0.064208984,0,0,GOOD,GOOD,True,0.17822265625
/kaggle/working/processed/28aeaecb-c100-45b4-a201-d5d0812682cb_000000032378.png,1,1.0,1.0,1,1,FAULTY,FAULTY,True,0.17822265625
/kaggle/working/processed/94f9bcc0-2e5e-422d-9ed6-793ac1b8b0ee_000000034936.png,1,1.0,0.87841797,1,1,FAULTY,FAULTY,True,0.17822265625
/kaggle/working/processed/886660f2-0f98-4689-ab21-20ebddee2fbd_000000002604.png,0,1.0,0.12817383,0,0,GOOD,GOOD,True,0.17822265625
/kaggle/working/processed/60e0e25f-f21b-4bbe-8fce-e17c74093957_000000003981.png,0,1.0,0.057373047,0,0,GOOD,GOOD,True,0.17822265625
/kaggle/working/processed/6f2d993c-a639-4e4e-ad14-d90f4cb95362_000000013423.png,0,1.0,0.048675537,0,0,GOOD,GOOD,True,0.17822265625
/kaggle/working/processed/5734362f-fa48-4219-9eec-efba601f7aa2_000000035132.png,1,1.0,0.8613281,1,1,FAULTY,FAULTY,True,0.17822265625
/kaggle/working/processed/5cad7486-848f-4c44-8e19-71e5d53791cb_000000019961.png,0,1.0,0.12512207,0,0,GOOD,GOOD,True,0.17822265625
/kaggle/working/processed/570278ac-9c4d-4b11-9390-3386559b51c0_000000018156.png,1,1.0,0.7792969,1,1,FAULTY,FAULTY,True,0.17822265625
/kaggle/working/processed/a9a4edc2-8abf-43a2-b527-c3eda3d6fb3b_000000033109.png,1,1.0,0.57421875,1,1,FAULTY,FAULTY,True,0.17822265625
/kaggle/working/processed/28c9203d-7c3d-4081-b390-633ac0026de9_000000018693.png,0,1.0,0.11279297,0,0,GOOD,GOOD,True,0.17822265625
/kaggle/working/processed/e3725f5b-ead6-443a-be98-e05b85647ab8_000000004448.png,1,1.0,0.9951172,1,1,FAULTY,FAULTY,True,0.17822265625
/kaggle/working/processed/688ca85a-6b42-4f7e-88a4-e85d3fc6aeff_000000001472.png,1,4.0,0.124938965,0,1,GOOD,FAULTY,False,0.17822265625
/kaggle/working/processed/46d742d4-cf51-4288-9d9a-fa1ac5a804a6_000000003128.png,1,1.0,0.9746094,1,1,FAULTY,FAULTY,True,0.17822265625
/kaggle/working/processed/02123485-0598-4db3-a91c-fd7bdd8d0651_000000005382.png,1,1.0,1.0,1,1,FAULTY,FAULTY,True,0.17822265625
/kaggle/working/processed/d1ab3f19-fa4b-4710-8a76-f3189e55286a_000000005086.png,0,1.0,0.03338623,0,0,GOOD,GOOD,True,0.17822265625
/kaggle/working/processed/00c0d5cf-9611-42dc-9dd7-bbce5f380b04_000000001347.png,1,1.0,0.8823242,1,1,FAULTY,FAULTY,True,0.17822265625
/kaggle/working/processed/92dac935-cea1-417f-b850-bd56cc32161a_000000008184.png,1,1.0,0.9477539,1,1,FAULTY,FAULTY,True,0.17822265625
/kaggle/working/processed/8b6a2a8c-551a-4bb1-bc21-b01b28445f63_000000027720.png,0,1.0,0.052124023,0,0,GOOD,GOOD,True,0.17822265625
/kaggle/working/processed/20532ff2-cc61-4b3f-8cbe-a21042dca67e_000000024570.png,1,1.0,0.99121094,1,1,FAULTY,FAULTY,True,0.17822265625
/kaggle/working/processed/a16f7b73-9b27-42f0-9548-b9ef7c4f49b4_000000034849.png,0,1.0,0.12487793,0,0,GOOD,GOOD,True,0.17822265625
/kaggle/working/processed/ed582e16-114f-4990-95c3-1972fe5a6d3c_000000030898.png,0,1.0,0.13793945,0,0,GOOD,GOOD,True,0.17822265625
/kaggle/working/processed/f6d950aa-3120-4d7f-813e-49de4f6f95c8_000000032997.png,1,1.0,0.62841797,1,1,FAULTY,FAULTY,True,0.17822265625
/kaggle/working/processed/f4121a5d-ea65-4670-87c9-0ef38e161b32_000000000303.png,1,1.0,1.0,1,1,FAULTY,FAULTY,True,0.17822265625
/kaggle/working/processed/b34b4ada-bd1f-4d50-9d33-b61397407543_000000021570.png,1,1.0,0.9897461,1,1,FAULTY,FAULTY,True,0.17822265625
/kaggle/working/processed/e3caa04d-aa23-4826-8955-f41700028395_000000000114.png,1,1.0,1.0,1,1,FAULTY,FAULTY,True,0.17822265625
/kaggle/working/processed/278b96a7-5e48-49cc-8682-593915ef6086_000000015588.png,0,1.0,0.12768555,0,0,GOOD,GOOD,True,0.17822265625
/kaggle/working/processed/0e457ff6-8dc3-45e9-a734-d5d2b248a68a_000000016552.png,1,1.0,0.9741211,1,1,FAULTY,FAULTY,True,0.17822265625
/kaggle/working/processed/ba0e1d65-a0aa-4f2a-a265-0f093cb2de62_000000009028.png,1,1.0,0.90478516,1,1,FAULTY,FAULTY,True,0.17822265625
/kaggle/working/processed/0d330ddc-d04b-4f11-abd7-bf344e79c1f7_000000032356.png,1,1.0,1.0,1,1,FAULTY,FAULTY,True,0.17822265625
/kaggle/working/processed/668b151b-63e6-46e6-a1c1-cef9cfd7c939_000000010992.png,1,1.0,0.9926758,1,1,FAULTY,FAULTY,True,0.17822265625
/kaggle/working/processed/cfdcc334-2c00-4406-b931-a228777fd584_000000023770.png,1,1.0,1.0,1,1,FAULTY,FAULTY,True,0.17822265625
/kaggle/working/processed/f44aa92a-bb25-470e-aa22-b831ee7d6474_000000006196.png,0,1.0,0.07104492,0,0,GOOD,GOOD,True,0.17822265625
/kaggle/working/processed/242be8f7-110e-483d-8cab-2d95a2d936aa_000000004924.png,0,1.0,0.085876465,0,0,GOOD,GOOD,True,0.17822265625
/kaggle/working/processed/caabe4af-9287-4c1b-9cb5-7414fdf593d9_000000034746.png,0,1.0,0.12731934,0,0,GOOD,GOOD,True,0.17822265625
/kaggle/working/processed/6219a6f9-2bf4-4460-90a3-10d939e304c4_000000029348.png,0,1.0,0.10559082,0,0,GOOD,GOOD,True,0.17822265625
/kaggle/working/processed/9e48ca9a-01fa-4206-8ba3-33ab11b113c9_000000026685.png,1,1.0,0.99902344,1,1,FAULTY,FAULTY,True,0.17822265625
/kaggle/working/processed/54d1983d-4c4f-4265-ae91-419d41ccf3c8_000000032986.png,0,1.0,0.10949707,0,0,GOOD,GOOD,True,0.17822265625
/kaggle/working/processed/080d8e9d-6714-428c-bb7c-a62c417ed29d_000000018221.png,1,1.0,0.93066406,1,1,FAULTY,FAULTY,True,0.17822265625
/kaggle/working/processed/bbf07dfb-0506-4efa-bf1f-0826984ae749_000000007596.png,0,1.0,0.1161499,0,0,GOOD,GOOD,True,0.17822265625
/kaggle/working/processed/4bedf957-9c07-4cd6-bd65-5034bc711dfb_000000002222.png,1,1.0,0.9946289,1,1,FAULTY,FAULTY,True,0.17822265625
/kaggle/working/processed/2fc355a5-ec5a-4318-a3fc-fee2bbd0da9a_000000017561.png,0,1.0,0.13146973,0,0,GOOD,GOOD,True,0.17822265625
/kaggle/working/processed/d265d8f4-9943-4eca-a834-af27c1a6b168_000000006523.png,1,1.0,0.6611328,1,1,FAULTY,FAULTY,True,0.17822265625
/kaggle/working/processed/9ff36c3d-16d9-438f-85a1-591a4c280a0f_000000030702.png,1,1.0,0.33618164,1,1,FAULTY,FAULTY,True,0.17822265625
/kaggle/working/processed/8ae8bb42-3641-40e7-b39b-1bdcfe6531c8_000000001775.png,0,6.0,0.43554688,1,0,FAULTY,GOOD,False,0.17822265625
/kaggle/working/processed/06618b8a-a4b8-4e4e-8311-c7be3ae0ae02_000000018647.png,1,1.0,0.8305664,1,1,FAULTY,FAULTY,True,0.17822265625
/kaggle/working/processed/b345b0f3-98cf-455f-a346-7d7692741ee4_000000019814.png,1,1.0,0.6660156,1,1,FAULTY,FAULTY,True,0.17822265625
/kaggle/working/processed/04151054-58b9-45da-a684-361582b4d2fb_000000005437.png,0,1.0,0.031921387,0,0,GOOD,GOOD,True,0.17822265625
/kaggle/working/processed/999f5428-80bf-419c-b32b-fe7466664be3_000000009653.png,1,1.0,0.5410156,1,1,FAULTY,FAULTY,True,0.17822265625
/kaggle/working/processed/92855801-e56c-4455-aaa0-65ac42606dab_000000004736.png,1,1.0,0.7949219,1,1,FAULTY,FAULTY,True,0.17822265625
/kaggle/working/processed/222cf6df-9f92-45ce-a16c-6eaa89f3cd41_000000028342.png,0,1.0,0.15710449,0,0,GOOD,GOOD,True,0.17822265625
/kaggle/working/processed/d09ca4ec-10d3-41e8-8324-f470ebbd7743_000000032029.png,0,1.0,0.03970337,0,0,GOOD,GOOD,True,0.17822265625
/kaggle/working/processed/5df030b1-a96b-43e3-ae44-abaa8573b029_000000035212.png,0,6.0,0.109313965,0,0,GOOD,GOOD,True,0.17822265625
/kaggle/working/processed/5546ed67-7936-4afa-be93-727bc9bac07e_000000028975.png,1,1.0,0.9941406,1,1,FAULTY,FAULTY,True,0.17822265625
/kaggle/working/processed/121ace91-016e-450d-b578-2d121c2de1d8_000000011908.png,0,1.0,0.15209961,0,0,GOOD,GOOD,True,0.17822265625
/kaggle/working/processed/76f7f5d4-11ad-4177-b02e-02a2939bb932_000000008492.png,0,1.0,0.12719727,0,0,GOOD,GOOD,True,0.17822265625
/kaggle/working/processed/b073404a-2e2b-4311-9f02-140f0244d055_000000034507.png,1,1.0,1.0,1,1,FAULTY,FAULTY,True,0.17822265625
/kaggle/working/processed/41c7d671-b7a3-4047-b6d6-03795770f598_000000026859.png,1,1.0,0.99902344,1,1,FAULTY,FAULTY,True,0.17822265625
/kaggle/working/processed/0958975e-31e5-4129-85bb-8ccff5a1f8fa_000000009994.png,0,1.0,0.08312988,0,0,GOOD,GOOD,True,0.17822265625
/kaggle/working/processed/b10375cc-f05a-49cf-bb24-1341dc4873db_000000009675.png,0,6.0,0.2064209,1,0,FAULTY,GOOD,False,0.17822265625
/kaggle/working/processed/da5a3038-734c-4980-acc3-2243ff13b763_000000031783.png,1,1.0,1.0,1,1,FAULTY,FAULTY,True,0.17822265625
/kaggle/working/processed/c041d478-05c0-49a9-8679-64fea93da58d_000000007435.png,0,6.0,0.3720703,1,0,FAULTY,GOOD,False,0.17822265625
/kaggle/working/processed/48caedb4-2ece-4d69-889b-09419cc24118_000000015600.png,1,1.0,0.7861328,1,1,FAULTY,FAULTY,True,0.17822265625
/kaggle/working/processed/8dae7569-69a4-4f77-8faa-182623699b0b_000000013385.png,1,1.0,0.99853516,1,1,FAULTY,FAULTY,True,0.17822265625
/kaggle/working/processed/ff9251d0-2c1c-4d20-bb72-093b0607504c_000000016424.png,1,1.0,0.5332031,1,1,FAULTY,FAULTY,True,0.17822265625
/kaggle/working/processed/8b8570d6-d91b-4801-8b94-4f844942a520_000000011482.png,1,1.0,1.0,1,1,FAULTY,FAULTY,True,0.17822265625
/kaggle/working/processed/ec4164de-fc45-475e-9f8f-632cfaf509ee_000000020319.png,1,1.0,0.99853516,1,1,FAULTY,FAULTY,True,0.17822265625
/kaggle/working/processed/4736a108-5c18-4bfd-ba4b-fa578202e652_000000025828.png,1,1.0,0.58691406,1,1,FAULTY,FAULTY,True,0.17822265625
/kaggle/working/processed/69c1bdae-cd75-41de-91e3-7de26f896f74_000000018870.png,1,1.0,0.99121094,1,1,FAULTY,FAULTY,True,0.17822265625
/kaggle/working/processed/defcf4e5-8794-4da5-9bbc-f6401cc58aeb_000000015777.png,0,1.0,0.09655762,0,0,GOOD,GOOD,True,0.17822265625
/kaggle/working/processed/bbca9487-b9d4-40fe-90f0-2bb4eb442732_000000004775.png,1,1.0,0.93359375,1,1,FAULTY,FAULTY,True,0.17822265625
/kaggle/working/processed/826a4ac2-55e0-4fbf-b440-3fbe2be2e9bd_000000008702.png,1,1.0,1.0,1,1,FAULTY,FAULTY,True,0.17822265625
/kaggle/working/processed/dfb884df-cd61-4a5c-9ac3-0bc4734228d2_000000026559.png,1,1.0,1.0,1,1,FAULTY,FAULTY,True,0.17822265625
/kaggle/working/processed/bf3ffd4a-b5ee-42c3-834b-1b44add12f55_000000026883.png,1,1.0,1.0,1,1,FAULTY,FAULTY,True,0.17822265625
/kaggle/working/processed/c29258c8-ac8a-4fdc-ae96-ac6e8a2dd898_000000018128.png,0,6.0,0.1850586,1,0,FAULTY,GOOD,False,0.17822265625
/kaggle/working/processed/0f3ca013-d7f1-46a0-9f74-9455e4fb74fd_000000011141.png,1,1.0,0.9453125,1,1,FAULTY,FAULTY,True,0.17822265625
/kaggle/working/processed/0d613419-4d46-46a2-ba7b-5b2f04cd49aa_000000006832.png,1,1.0,0.984375,1,1,FAULTY,FAULTY,True,0.17822265625
/kaggle/working/processed/349e5924-76fe-4d2c-bd0d-92a971c8eef9_000000032480.png,0,6.0,0.2232666,1,0,FAULTY,GOOD,False,0.17822265625
/kaggle/working/processed/f1deaf7b-d07f-416f-a7aa-c3e726e6c128_000000033231.png,1,1.0,0.5258789,1,1,FAULTY,FAULTY,True,0.17822265625
/kaggle/working/processed/6394a375-83bb-45b0-a23e-e13a6fde8c49_000000017799.png,1,1.0,1.0,1,1,FAULTY,FAULTY,True,0.17822265625
/kaggle/working/processed/329d1925-cb6a-490d-a175-e1172cc54889_000000022294.png,1,1.0,0.99658203,1,1,FAULTY,FAULTY,True,0.17822265625
/kaggle/working/processed/d17cba1f-b725-4439-a256-3aa55a282a27_000000006151.png,1,1.0,0.49169922,1,1,FAULTY,FAULTY,True,0.17822265625
/kaggle/working/processed/48b08d6f-23aa-4661-96f1-d689f2ff0117_000000003841.png,0,1.0,0.031311035,0,0,GOOD,GOOD,True,0.17822265625
/kaggle/working/processed/0f62f919-7052-49a3-ba11-47cfdf54c921_000000010155.png,0,6.0,0.2331543,1,0,FAULTY,GOOD,False,0.17822265625
/kaggle/working/processed/73deae94-c815-4494-8d21-d1337c39ff7d_000000013336.png,0,1.0,0.16333008,0,0,GOOD,GOOD,True,0.17822265625
/kaggle/working/processed/022b5e86-fcb4-4a18-bec4-2878ffc77a7e_000000020790.png,1,1.0,0.3684082,1,1,FAULTY,FAULTY,True,0.17822265625
/kaggle/working/processed/bcdf6fc0-d1c8-4c1c-8fce-b39cf120ab2b_000000017017.png,0,1.0,0.19934082,1,0,FAULTY,GOOD,False,0.17822265625
/kaggle/working/processed/b57a405a-c3c9-4b84-948e-5459b0c4d284_000000025124.png,0,1.0,0.10614014,0,0,GOOD,GOOD,True,0.17822265625
/kaggle/working/processed/126ed031-f782-49ab-82c5-b6801c00b93a_000000011477.png,0,1.0,0.040985107,0,0,GOOD,GOOD,True,0.17822265625
/kaggle/working/processed/56629c8f-f3e6-4e20-a790-fe0604955fc4_000000011969.png,1,1.0,0.93896484,1,1,FAULTY,FAULTY,True,0.17822265625
/kaggle/working/processed/2f432ba2-1dca-4657-b0e2-ca7295ab6998_000000005171.png,0,6.0,0.41015625,1,0,FAULTY,GOOD,False,0.17822265625
/kaggle/working/processed/119772ef-7034-4fac-9a91-746ab26a9075_000000011397.png,1,1.0,0.7915039,1,1,FAULTY,FAULTY,True,0.17822265625
/kaggle/working/processed/1865366c-9f68-42d7-9556-a5338e104e85_000000018602.png,1,1.0,0.9995117,1,1,FAULTY,FAULTY,True,0.17822265625
/kaggle/working/processed/f90a21ad-cb80-4622-a7d2-bd64217108c6_000000009280.png,1,1.0,1.0,1,1,FAULTY,FAULTY,True,0.17822265625
/kaggle/working/processed/7677770d-834b-48aa-bace-e26f3292c97c_000000034930.png,1,1.0,0.9980469,1,1,FAULTY,FAULTY,True,0.17822265625
/kaggle/working/processed/1a926ac0-ab51-412d-b737-beeeb9e793a5_000000022637.png,1,1.0,0.9169922,1,1,FAULTY,FAULTY,True,0.17822265625
/kaggle/working/processed/a313bfd1-9e12-4719-af71-bf4b12d3f4d9_000000015156.png,0,1.0,0.059661865,0,0,GOOD,GOOD,True,0.17822265625
/kaggle/working/processed/80ab05cb-9607-437e-96ae-68cda72c6445_000000003839.png,1,1.0,0.3779297,1,1,FAULTY,FAULTY,True,0.17822265625
/kaggle/working/processed/a99c7ed7-1edc-4388-a328-3ccc1db9bba5_000000031990.png,1,1.0,1.0,1,1,FAULTY,FAULTY,True,0.17822265625
/kaggle/working/processed/8ec7ccae-3e9b-4dc9-b209-da66504e9d2d_000000004603.png,1,1.0,1.0,1,1,FAULTY,FAULTY,True,0.17822265625
/kaggle/working/processed/c5be7ee0-1cc9-4632-94eb-7b75b7e68905_000000034401.png,0,6.0,0.14794922,0,0,GOOD,GOOD,True,0.17822265625
/kaggle/working/processed/90f34cbb-5dd2-48d1-b874-88777d616c39_000000016208.png,1,1.0,0.86083984,1,1,FAULTY,FAULTY,True,0.17822265625
/kaggle/working/processed/c8ee5877-28a0-49c8-a375-1f6fdad88e6d_000000034516.png,0,1.0,0.07720947,0,0,GOOD,GOOD,True,0.17822265625
/kaggle/working/processed/1412bc0a-f1e2-4ef6-a97f-8ec5ecc3c784_000000009762.png,0,6.0,0.14697266,0,0,GOOD,GOOD,True,0.17822265625
/kaggle/working/processed/6ebae2e0-afec-4858-8815-5ca3464469c4_000000010500.png,1,1.0,0.8149414,1,1,FAULTY,FAULTY,True,0.17822265625
/kaggle/working/processed/74d368c8-9fda-4edf-a26e-ee6a1eff052d_000000030885.png,0,6.0,0.46411133,1,0,FAULTY,GOOD,False,0.17822265625
/kaggle/working/processed/4e8a93a7-3ae6-466d-ab2b-12a026a33b12_000000008864.png,1,1.0,0.99609375,1,1,FAULTY,FAULTY,True,0.17822265625
/kaggle/working/processed/1abeff88-d530-49e5-bdf2-e454ef0fef34_000000013908.png,0,1.0,0.08508301,0,0,GOOD,GOOD,True,0.17822265625
/kaggle/working/processed/d41e7bd8-f508-43e1-98fb-a124a053d0a7_000000031014.png,0,1.0,0.077941895,0,0,GOOD,GOOD,True,0.17822265625
/kaggle/working/processed/56e54169-49c9-48bf-a7a8-0ac214b4e0e6_000000014783.png,1,1.0,1.0,1,1,FAULTY,FAULTY,True,0.17822265625
/kaggle/working/processed/870b4acb-c156-4420-83cb-ab35b2683a4a_000000018358.png,0,1.0,0.029083252,0,0,GOOD,GOOD,True,0.17822265625
/kaggle/working/processed/ee06dda3-94a4-4562-8f07-1237dbe5d15a_000000022144.png,1,1.0,0.99560547,1,1,FAULTY,FAULTY,True,0.17822265625
/kaggle/working/processed/0131144e-926d-45f6-be59-df5798177314_000000034129.png,1,1.0,1.0,1,1,FAULTY,FAULTY,True,0.17822265625
/kaggle/working/processed/5d03d50b-bf11-41fa-9b1d-813e53f7433a_000000000723.png,1,1.0,0.9946289,1,1,FAULTY,FAULTY,True,0.17822265625
/kaggle/working/processed/42000794-4f5e-46db-b3bb-3f8f1d1e89b2_000000025260.png,1,1.0,0.99658203,1,1,FAULTY,FAULTY,True,0.17822265625
/kaggle/working/processed/a4f1fa70-2a1c-4e80-b0cc-7d8fea4cd2ae_000000030088.png,1,1.0,0.99121094,1,1,FAULTY,FAULTY,True,0.17822265625
/kaggle/working/processed/80d6c8c0-8c57-47b7-91a4-75b8c4c25399_000000030350.png,0,1.0,0.05014038,0,0,GOOD,GOOD,True,0.17822265625
/kaggle/working/processed/9a650f22-8687-497a-854d-8a60f4f80d17_000000020339.png,0,6.0,0.16186523,0,0,GOOD,GOOD,True,0.17822265625
/kaggle/working/processed/c65042e9-acd4-4464-8dc6-0797a2257126_000000008562.png,1,1.0,0.9868164,1,1,FAULTY,FAULTY,True,0.17822265625
/kaggle/working/processed/1a266ad1-3389-49ff-b929-80067c57130a_000000032269.png,1,1.0,0.5942383,1,1,FAULTY,FAULTY,True,0.17822265625
/kaggle/working/processed/9cec9751-92df-49bb-87e4-3e0e59184af7_000000006292.png,1,1.0,1.0,1,1,FAULTY,FAULTY,True,0.17822265625
/kaggle/working/processed/90a0f1dc-0b34-4b85-9fb7-4df170e29892_000000017191.png,0,1.0,0.06500244,0,0,GOOD,GOOD,True,0.17822265625
/kaggle/working/processed/3d0ee883-520e-48ed-9e58-902470a588f9_000000028570.png,0,1.0,0.111816406,0,0,GOOD,GOOD,True,0.17822265625
/kaggle/working/processed/cddc217f-dfb0-4666-bc31-9b1108b8c67b_000000020704.png,1,1.0,0.9975586,1,1,FAULTY,FAULTY,True,0.17822265625
/kaggle/working/processed/fc3d1ca8-3b6c-446b-b217-a91ae6c2cd58_000000008500.png,1,1.0,0.9038086,1,1,FAULTY,FAULTY,True,0.17822265625
/kaggle/working/processed/75b4bc35-bd81-476b-8baa-206d4cf49476_000000009221.png,0,1.0,0.10211182,0,0,GOOD,GOOD,True,0.17822265625
/kaggle/working/processed/c819f8ed-0765-4945-9bc7-68c356cb3e3e_000000019714.png,1,1.0,0.8955078,1,1,FAULTY,FAULTY,True,0.17822265625
/kaggle/working/processed/72e82871-28a8-454b-bde5-abc22003bbc8_000000006401.png,1,1.0,0.8383789,1,1,FAULTY,FAULTY,True,0.17822265625
/kaggle/working/processed/4147fa3a-f57c-4770-8ca6-ded82d79e166_000000031590.png,0,1.0,0.11199951,0,0,GOOD,GOOD,True,0.17822265625
/kaggle/working/processed/0a2d1686-41b3-4571-87df-41a340ace491_000000019454.png,0,1.0,0.09387207,0,0,GOOD,GOOD,True,0.17822265625
/kaggle/working/processed/320d0725-3c5b-4602-9734-5e6a186c6501_000000025253.png,0,1.0,0.13122559,0,0,GOOD,GOOD,True,0.17822265625
/kaggle/working/processed/c5398680-f049-49fb-81c7-292013e5f229_000000009669.png,1,1.0,0.9995117,1,1,FAULTY,FAULTY,True,0.17822265625
/kaggle/working/processed/39aa6730-477c-446d-8e12-872b66d1456e_000000018207.png,1,1.0,0.9995117,1,1,FAULTY,FAULTY,True,0.17822265625
/kaggle/working/processed/09bd73fa-9f92-4cd2-a96e-890ce43e2145_000000024375.png,0,1.0,0.083740234,0,0,GOOD,GOOD,True,0.17822265625
/kaggle/working/processed/c3baeaaf-b7c2-4e7c-8d19-3a2da5ab80a4_000000012442.png,1,1.0,0.7504883,1,1,FAULTY,FAULTY,True,0.17822265625
/kaggle/working/processed/7d0c7a79-428f-4b52-8f56-915c10995f36_000000009441.png,0,6.0,0.3449707,1,0,FAULTY,GOOD,False,0.17822265625
/kaggle/working/processed/abca63ff-125a-4150-a6f4-a8ae88e52d7c_000000018369.png,0,6.0,0.4580078,1,0,FAULTY,GOOD,False,0.17822265625
/kaggle/working/processed/74051b8d-1a69-43c3-b2b1-f9413ccf2043_000000032683.png,1,1.0,0.9995117,1,1,FAULTY,FAULTY,True,0.17822265625
/kaggle/working/processed/f04a78c7-f589-46c8-bd79-e83bb70a4bb6_000000026620.png,0,1.0,0.051086426,0,0,GOOD,GOOD,True,0.17822265625
/kaggle/working/processed/6a6c9756-f97a-4fe8-bf61-64f230661ec2_000000003936.png,0,6.0,0.058654785,0,0,GOOD,GOOD,True,0.17822265625
/kaggle/working/processed/6dabef60-6b7c-4aa0-8a2c-df1dd6419811_000000030459.png,0,1.0,0.025756836,0,0,GOOD,GOOD,True,0.17822265625
/kaggle/working/processed/da630cca-200a-4fc8-b7e2-a32822910e71_000000032623.png,0,1.0,0.029708862,0,0,GOOD,GOOD,True,0.17822265625
/kaggle/working/processed/ef133789-4718-4eba-9098-909c6c4a9ed2_000000029833.png,1,1.0,0.8154297,1,1,FAULTY,FAULTY,True,0.17822265625
/kaggle/working/processed/8e715456-10c9-41ce-a8d2-dd9e89688fa9_000000013522.png,1,1.0,0.9951172,1,1,FAULTY,FAULTY,True,0.17822265625
/kaggle/working/processed/ce561d77-eaf0-463c-bff2-207fb036734c_000000013038.png,1,1.0,0.81152344,1,1,FAULTY,FAULTY,True,0.17822265625
/kaggle/working/processed/39bd0e63-9e06-4cca-a432-ab0e170cce0a_000000027574.png,0,1.0,0.17675781,0,0,GOOD,GOOD,True,0.17822265625
/kaggle/working/processed/ac0c0068-1d67-482d-9524-112ca136305c_000000025831.png,1,1.0,0.9321289,1,1,FAULTY,FAULTY,True,0.17822265625
/kaggle/working/processed/80cd2eec-332d-43d2-bec7-ccbc127428bb_000000032027.png,0,1.0,0.017715454,0,0,GOOD,GOOD,True,0.17822265625
/kaggle/working/processed/1f960e9f-e4f0-4fc2-a61e-04c3a8560cb6_000000012215.png,0,1.0,0.057800293,0,0,GOOD,GOOD,True,0.17822265625
/kaggle/working/processed/eaf32506-d00c-4ae0-9834-ff0901cb08c8_000000032507.png,0,6.0,0.5517578,1,0,FAULTY,GOOD,False,0.17822265625
/kaggle/working/processed/4e95d3c9-2a07-4872-a9f4-0f435ea98e07_000000022683.png,1,1.0,1.0,1,1,FAULTY,FAULTY,True,0.17822265625
/kaggle/working/processed/883d3ab3-eac7-4b96-b12e-4457656bd175_000000018298.png,1,1.0,1.0,1,1,FAULTY,FAULTY,True,0.17822265625
/kaggle/working/processed/30de7784-38f1-4676-b176-fe33263b6b4f_000000034083.png,0,6.0,0.25390625,1,0,FAULTY,GOOD,False,0.17822265625
/kaggle/working/processed/be5ee929-de88-433a-bc66-3f9f53216172_000000004923.png,0,1.0,0.021697998,0,0,GOOD,GOOD,True,0.17822265625
/kaggle/working/processed/b95664d7-0138-4e9b-8af3-d7bc34c6cf99_000000023228.png,1,1.0,0.97558594,1,1,FAULTY,FAULTY,True,0.17822265625
/kaggle/working/processed/86f09506-9fbb-4207-b6d8-b7b900dfe365_000000000733.png,1,1.0,0.99560547,1,1,FAULTY,FAULTY,True,0.17822265625
/kaggle/working/processed/49745364-524c-4696-96dd-4c6742aa4401_000000020809.png,0,6.0,0.18066406,1,0,FAULTY,GOOD,False,0.17822265625
/kaggle/working/processed/2b26907c-2b5b-4673-a5fb-04ba6754cdd0_000000002747.png,1,1.0,0.98828125,1,1,FAULTY,FAULTY,True,0.17822265625
/kaggle/working/processed/8b0708ad-486b-4f94-80f1-e9a4a0af8234_000000028660.png,0,1.0,0.0881958,0,0,GOOD,GOOD,True,0.17822265625
/kaggle/working/processed/4fb0c64f-5596-4fd6-a3a3-50787d6c849f_000000003164.png,1,1.0,0.9926758,1,1,FAULTY,FAULTY,True,0.17822265625
/kaggle/working/processed/3e15bedd-6581-4450-8f92-54a84d474807_000000007551.png,0,1.0,0.046295166,0,0,GOOD,GOOD,True,0.17822265625
/kaggle/working/processed/ac46cbf0-3a86-427f-ba7e-a489e0d1c48b_000000008481.png,1,1.0,0.99853516,1,1,FAULTY,FAULTY,True,0.17822265625
/kaggle/working/processed/4d776333-b41e-4ecf-9581-e6f18f22ef34_000000024244.png,0,1.0,0.14453125,0,0,GOOD,GOOD,True,0.17822265625
/kaggle/working/processed/45129b11-fe3e-4f0a-8c96-8e87224024ea_000000006909.png,0,1.0,0.057800293,0,0,GOOD,GOOD,True,0.17822265625
/kaggle/working/processed/018a4a34-f00e-4248-ad43-19451ce7804e_000000013590.png,1,1.0,0.7290039,1,1,FAULTY,FAULTY,True,0.17822265625
/kaggle/working/processed/68e8ea18-ae56-4c16-a680-c236b1edbaf4_000000008070.png,1,1.0,0.9921875,1,1,FAULTY,FAULTY,True,0.17822265625
/kaggle/working/processed/bbc6492e-6685-4abb-b585-bfdde01a6bb8_000000005485.png,1,1.0,0.8198242,1,1,FAULTY,FAULTY,True,0.17822265625
/kaggle/working/processed/be6e5163-e63f-4adf-9d76-f64b7d65cb08_000000035280.png,0,1.0,0.040527344,0,0,GOOD,GOOD,True,0.17822265625
/kaggle/working/processed/2e3e778f-6a25-4afe-9047-670f2b9116b2_000000010854.png,0,1.0,0.038970947,0,0,GOOD,GOOD,True,0.17822265625
/kaggle/working/processed/5abaf073-b230-48b8-9710-6fa527d619cf_000000014968.png,1,1.0,0.99658203,1,1,FAULTY,FAULTY,True,0.17822265625
/kaggle/working/processed/a54f22c8-0045-41be-86cb-97788a5b947f_000000021683.png,0,1.0,0.04321289,0,0,GOOD,GOOD,True,0.17822265625
/kaggle/working/processed/c13c80cd-25fc-4e38-b7fb-85892bc32106_000000028280.png,1,1.0,0.9326172,1,1,FAULTY,FAULTY,True,0.17822265625
/kaggle/working/processed/68bc79c6-6164-4035-82b4-537f293a35d7_000000007640.png,0,1.0,0.14501953,0,0,GOOD,GOOD,True,0.17822265625
/kaggle/working/processed/49aaf4bd-5379-414d-90a2-bae9b43e4d63_000000016876.png,1,1.0,0.6269531,1,1,FAULTY,FAULTY,True,0.17822265625
/kaggle/working/processed/f2c82002-fca4-4bb7-87e8-a1a8f590a0eb_000000012630.png,1,1.0,0.9243164,1,1,FAULTY,FAULTY,True,0.17822265625
/kaggle/working/processed/fe8c557b-92c1-422c-8f48-ddc41c59c9a9_000000012946.png,1,1.0,1.0,1,1,FAULTY,FAULTY,True,0.17822265625
/kaggle/working/processed/ec41a514-23e8-4342-8a8d-7e207b1c3e19_000000007720.png,1,1.0,0.96728516,1,1,FAULTY,FAULTY,True,0.17822265625
/kaggle/working/processed/7108fb2b-45b7-48c0-8d9d-aa42b603cde2_000000004494.png,1,1.0,0.9975586,1,1,FAULTY,FAULTY,True,0.17822265625
/kaggle/working/processed/8df5e169-7133-4398-aab3-795ff27d43be_000000030513.png,1,1.0,0.55810547,1,1,FAULTY,FAULTY,True,0.17822265625
/kaggle/working/processed/c0115273-60be-4d4e-b333-e67f1507f2a1_000000002262.png,1,1.0,1.0,1,1,FAULTY,FAULTY,True,0.17822265625
/kaggle/working/processed/3a9222c2-b796-4ace-a592-38bfe6657398_000000022272.png,1,1.0,0.9824219,1,1,FAULTY,FAULTY,True,0.17822265625
/kaggle/working/processed/1f34d893-786c-4bdc-beb0-42c985b6ccb3_000000003816.png,1,1.0,1.0,1,1,FAULTY,FAULTY,True,0.17822265625
/kaggle/working/processed/e936367c-aa04-4778-8d7c-d22c2d4b4cd4_000000024948.png,1,1.0,0.99609375,1,1,FAULTY,FAULTY,True,0.17822265625
/kaggle/working/processed/b9ebf55f-2a91-480f-87f4-d58e73a64322_000000027667.png,1,1.0,1.0,1,1,FAULTY,FAULTY,True,0.17822265625
/kaggle/working/processed/06bd344e-57bf-47c3-8dfc-2220e901bdd6_000000025210.png,0,1.0,0.26611328,1,0,FAULTY,GOOD,False,0.17822265625
/kaggle/working/processed/1f459f71-6a0a-4e1f-ae91-05e01815562a_000000012235.png,1,1.0,0.7138672,1,1,FAULTY,FAULTY,True,0.17822265625
/kaggle/working/processed/05743c19-f612-4ce9-b827-89c52504530b_000000017357.png,0,1.0,0.02859497,0,0,GOOD,GOOD,True,0.17822265625
/kaggle/working/processed/383edc7c-de8b-47e4-b105-f153d8a96bc4_000000009339.png,0,6.0,0.06585693,0,0,GOOD,GOOD,True,0.17822265625
/kaggle/working/processed/632ba99e-d430-4e01-b69d-592aaf937c7c_000000013831.png,1,1.0,0.6352539,1,1,FAULTY,FAULTY,True,0.17822265625
/kaggle/working/processed/2648e4b6-feb1-48d7-b223-1b0692ed930f_000000023002.png,0,1.0,0.16772461,0,0,GOOD,GOOD,True,0.17822265625
/kaggle/working/processed/a0bbf5b6-5ba5-4023-ad60-6dd4e609a0ff_000000001567.png,1,1.0,0.86035156,1,1,FAULTY,FAULTY,True,0.17822265625
/kaggle/working/processed/cb48cd77-6f41-46f7-a067-d2e313f7d1d0_000000024431.png,1,1.0,0.99609375,1,1,FAULTY,FAULTY,True,0.17822265625
/kaggle/working/processed/ba02b3e8-325c-49df-a938-cf89b30b43c6_000000033335.png,1,1.0,1.0,1,1,FAULTY,FAULTY,True,0.17822265625
/kaggle/working/processed/5ab83a76-43ba-41a2-9049-965c911d5a15_000000017325.png,1,1.0,0.99560547,1,1,FAULTY,FAULTY,True,0.17822265625
/kaggle/working/processed/5586db09-185c-4909-985f-32dca2e70ee7_000000022413.png,0,6.0,0.765625,1,0,FAULTY,GOOD,False,0.17822265625
/kaggle/working/processed/249716af-e083-4eef-b479-11ddc9c0e02a_000000009905.png,1,1.0,0.9980469,1,1,FAULTY,FAULTY,True,0.17822265625
/kaggle/working/processed/28c9ac1c-6da2-42c2-afb3-c86ac8bb6216_000000032477.png,0,6.0,0.16003418,0,0,GOOD,GOOD,True,0.17822265625
/kaggle/working/processed/714f7b14-07b3-4af2-9f94-65b30a6fa5aa_000000018881.png,0,6.0,0.9296875,1,0,FAULTY,GOOD,False,0.17822265625
/kaggle/working/processed/497191f1-25fa-48eb-a8fa-273a6c78171e_000000033682.png,0,6.0,0.15014648,0,0,GOOD,GOOD,True,0.17822265625
/kaggle/working/processed/84c2fb35-6f20-42c6-a08c-0f3d4e21fa55_000000009538.png,1,1.0,0.9980469,1,1,FAULTY,FAULTY,True,0.17822265625
/kaggle/working/processed/43bb5f2b-0c9d-4288-a08f-5daac33eef21_000000017069.png,1,1.0,1.0,1,1,FAULTY,FAULTY,True,0.17822265625
/kaggle/working/processed/7555fe12-e7cd-4515-af8f-7c4cec9a3c4e_000000004376.png,1,1.0,0.42138672,1,1,FAULTY,FAULTY,True,0.17822265625
/kaggle/working/processed/9ccc247e-e792-478e-83f2-8a9e66156375_000000015828.png,1,1.0,0.98095703,1,1,FAULTY,FAULTY,True,0.17822265625
/kaggle/working/processed/26cb7d29-e37d-49d1-af86-6d9b2897eba7_000000002023.png,1,1.0,0.48583984,1,1,FAULTY,FAULTY,True,0.17822265625
/kaggle/working/processed/279c797e-1259-4d92-9822-d84f0c987e5d_000000018981.png,1,1.0,0.9970703,1,1,FAULTY,FAULTY,True,0.17822265625
/kaggle/working/processed/41a0f0fd-b2d8-41bb-9122-416f5dee3246_000000008618.png,1,1.0,0.9394531,1,1,FAULTY,FAULTY,True,0.17822265625
/kaggle/working/processed/8d6ac4a7-430d-4655-a412-e4276446492b_000000025944.png,0,6.0,0.61035156,1,0,FAULTY,GOOD,False,0.17822265625
/kaggle/working/processed/bd922c7b-e4af-4d4b-9d36-5b9ce64349e9_000000007978.png,0,1.0,0.13989258,0,0,GOOD,GOOD,True,0.17822265625
/kaggle/working/processed/cf8ac023-71d3-4891-84de-e2f0ceadaac7_000000023323.png,0,1.0,0.16455078,0,0,GOOD,GOOD,True,0.17822265625
/kaggle/working/processed/0e6833ff-a5ba-4941-b7fc-3a4c69cf2313_000000030929.png,0,6.0,0.38598633,1,0,FAULTY,GOOD,False,0.17822265625
/kaggle/working/processed/53653b1e-9d78-4665-9c99-bdfe6b504882_000000019461.png,1,1.0,1.0,1,1,FAULTY,FAULTY,True,0.17822265625
/kaggle/working/processed/32204417-1358-4695-8ede-2ee19fa84bc0_000000025937.png,1,1.0,0.5444336,1,1,FAULTY,FAULTY,True,0.17822265625
/kaggle/working/processed/ad36a903-66bc-4d35-b597-71edac74aab5_000000005806.png,1,1.0,1.0,1,1,FAULTY,FAULTY,True,0.17822265625
/kaggle/working/processed/6c1901e3-3148-47a7-9b5d-eaca76f53976_000000024190.png,0,6.0,0.27612305,1,0,FAULTY,GOOD,False,0.17822265625
/kaggle/working/processed/821d324b-069e-4ef9-8832-a945bc2ce669_000000006748.png,0,1.0,0.07922363,0,0,GOOD,GOOD,True,0.17822265625
/kaggle/working/processed/6d702856-53c8-4130-8369-e5cca0165def_000000012548.png,1,1.0,1.0,1,1,FAULTY,FAULTY,True,0.17822265625
/kaggle/working/processed/6da58d3c-ba9b-4133-b9e2-c22c8236fe82_000000003743.png,0,1.0,0.10614014,0,0,GOOD,GOOD,True,0.17822265625
/kaggle/working/processed/65fc3793-33b2-484c-ac4b-a889424056c1_000000014811.png,1,1.0,0.91796875,1,1,FAULTY,FAULTY,True,0.17822265625
/kaggle/working/processed/379e4518-0352-44bf-8222-771d14c9b787_000000025013.png,1,1.0,0.80126953,1,1,FAULTY,FAULTY,True,0.17822265625
/kaggle/working/processed/f006801a-0e31-48d0-97d3-7c77847bd121_000000025213.png,1,1.0,1.0,1,1,FAULTY,FAULTY,True,0.17822265625
/kaggle/working/processed/ae82ee97-7877-4090-8809-caafd0259f69_000000017154.png,1,1.0,0.9638672,1,1,FAULTY,FAULTY,True,0.17822265625
/kaggle/working/processed/c536cd31-8b7d-468d-9628-4964ceaa1398_000000005060.png,1,1.0,0.9980469,1,1,FAULTY,FAULTY,True,0.17822265625
/kaggle/working/processed/26cd798b-26a4-487f-ae4e-59e172db4b24_000000017086.png,0,1.0,0.060516357,0,0,GOOD,GOOD,True,0.17822265625
/kaggle/working/processed/976b5a8b-3c2a-4498-ba16-68cf60546286_000000019336.png,0,1.0,0.10876465,0,0,GOOD,GOOD,True,0.17822265625
/kaggle/working/processed/1befe387-ee1a-47e2-b1d5-5044aef50a65_000000019553.png,1,1.0,0.9711914,1,1,FAULTY,FAULTY,True,0.17822265625
/kaggle/working/processed/459a34a0-63cf-4f7a-86b0-a0facf4a9fed_000000002048.png,1,1.0,1.0,1,1,FAULTY,FAULTY,True,0.17822265625
/kaggle/working/processed/d92d7bd8-6836-4c8e-bc58-b0e2ab322e1e_000000022740.png,1,1.0,1.0,1,1,FAULTY,FAULTY,True,0.17822265625
/kaggle/working/processed/e6c3df7b-b6eb-47ef-b525-0ca72f87c37c_000000028368.png,1,1.0,0.38452148,1,1,FAULTY,FAULTY,True,0.17822265625
/kaggle/working/processed/8b2e2b3e-d4d6-4445-a8df-043493f685f2_000000012275.png,1,1.0,0.95996094,1,1,FAULTY,FAULTY,True,0.17822265625
/kaggle/working/processed/01a106ee-0833-4820-b3f4-997420bf9602_000000000996.png,0,1.0,0.08496094,0,0,GOOD,GOOD,True,0.17822265625
/kaggle/working/processed/43b72e89-43b1-41a9-8226-a55fdb681187_000000005258.png,1,1.0,1.0,1,1,FAULTY,FAULTY,True,0.17822265625
/kaggle/working/processed/62da69f1-07f9-4080-8065-3c618d75c81e_000000002291.png,1,1.0,0.69628906,1,1,FAULTY,FAULTY,True,0.17822265625
/kaggle/working/processed/d6cb539a-fd3d-4aad-90ba-27d459784207_000000010160.png,0,1.0,0.093688965,0,0,GOOD,GOOD,True,0.17822265625
/kaggle/working/processed/f7d2ed4b-9c75-4473-8191-8e8c730a3e5d_000000028623.png,0,6.0,0.171875,0,0,GOOD,GOOD,True,0.17822265625
/kaggle/working/processed/f3c6def9-f4c8-4ec4-a6a7-55327a12c832_000000026962.png,0,1.0,0.13928223,0,0,GOOD,GOOD,True,0.17822265625
/kaggle/working/processed/f72613bc-231a-443e-85e9-5e698b51ec77_000000020008.png,0,1.0,0.10192871,0,0,GOOD,GOOD,True,0.17822265625
/kaggle/working/processed/c050801c-1129-4882-9f3f-66324d3ac435_000000025420.png,1,1.0,0.9995117,1,1,FAULTY,FAULTY,True,0.17822265625
/kaggle/working/processed/cc39abd0-2ee2-4b0c-9475-c7244368b8f1_000000012347.png,0,1.0,0.062805176,0,0,GOOD,GOOD,True,0.17822265625
/kaggle/working/processed/6fcdf8ea-dd61-40da-ac64-43da0701cbb1_000000013287.png,0,1.0,0.026611328,0,0,GOOD,GOOD,True,0.17822265625
/kaggle/working/processed/0bf5b284-f93f-461c-8a2f-4312ae9a0569_000000015662.png,0,6.0,0.296875,1,0,FAULTY,GOOD,False,0.17822265625
/kaggle/working/processed/72c06d71-abad-4765-b0fe-b29aa432190e_000000030011.png,0,1.0,0.057373047,0,0,GOOD,GOOD,True,0.17822265625
/kaggle/working/processed/33ed69cf-4b89-4d14-b60d-c8e0c0cdf9fa_000000028747.png,1,1.0,0.84765625,1,1,FAULTY,FAULTY,True,0.17822265625
/kaggle/working/processed/0039799a-5c7e-476f-bd8c-2ce80fd087c7_000000006296.png,0,6.0,0.48364258,1,0,FAULTY,GOOD,False,0.17822265625
/kaggle/working/processed/70127635-e0cb-4314-84f7-a385d5ee1ecd_000000027647.png,0,6.0,0.36450195,1,0,FAULTY,GOOD,False,0.17822265625
/kaggle/working/processed/0279d94a-8662-4e3f-9e3e-27f0dcb6ea2c_000000031857.png,0,6.0,0.22375488,1,0,FAULTY,GOOD,False,0.17822265625
/kaggle/working/processed/752b9376-732a-4e06-8468-15c3e379ae9b_000000014888.png,1,1.0,0.97998047,1,1,FAULTY,FAULTY,True,0.17822265625
/kaggle/working/processed/ba694008-b8fc-453f-b44e-17f33ff41e50_000000030032.png,0,6.0,0.16687012,0,0,GOOD,GOOD,True,0.17822265625
/kaggle/working/processed/9298cc6f-0bde-4c5a-86f1-6d715f4c6056_000000025411.png,0,1.0,0.118774414,0,0,GOOD,GOOD,True,0.17822265625
/kaggle/working/processed/5ebb98ee-bbd1-485d-a2fd-700f63459952_000000015400.png,1,1.0,0.9951172,1,1,FAULTY,FAULTY,True,0.17822265625
/kaggle/working/processed/2cebc5e6-d94a-4969-a58a-fea9fa65ecb8_000000015179.png,1,1.0,0.99853516,1,1,FAULTY,FAULTY,True,0.17822265625
/kaggle/working/processed/d79b44d1-df7d-401a-896f-0285baa1dbe3_000000006050.png,1,1.0,1.0,1,1,FAULTY,FAULTY,True,0.17822265625
/kaggle/working/processed/5deb9602-b7fc-467f-b8fa-b33ee0111a82_000000014985.png,0,1.0,0.07159424,0,0,GOOD,GOOD,True,0.17822265625
/kaggle/working/processed/b029884c-f079-475c-b002-7240fb14e964_000000033695.png,1,1.0,0.9946289,1,1,FAULTY,FAULTY,True,0.17822265625
/kaggle/working/processed/19ea1d5f-e493-4cd6-9fef-569ddea615cc_000000008578.png,1,1.0,0.9995117,1,1,FAULTY,FAULTY,True,0.17822265625
/kaggle/working/processed/851a594b-8679-49d8-a58c-bfa60f76b43a_000000004274.png,0,1.0,0.109680176,0,0,GOOD,GOOD,True,0.17822265625
/kaggle/working/processed/62a62780-39ab-4234-9dca-87200d305ec0_000000034953.png,1,1.0,0.9819336,1,1,FAULTY,FAULTY,True,0.17822265625
/kaggle/working/processed/1e905524-a8d9-4423-9db6-efc440a32dd4_000000022204.png,1,1.0,0.99560547,1,1,FAULTY,FAULTY,True,0.17822265625
/kaggle/working/processed/b3f1a280-4b67-40fc-a9c1-de2ba1664dac_000000005746.png,1,1.0,1.0,1,1,FAULTY,FAULTY,True,0.17822265625
/kaggle/working/processed/ce2d8ef4-972f-4e6e-8cb5-a69a68b75cdc_000000011310.png,0,1.0,0.04788208,0,0,GOOD,GOOD,True,0.17822265625
/kaggle/working/processed/33c81c44-0727-4b29-a78e-8e0f53e72b3f_000000030405.png,1,1.0,1.0,1,1,FAULTY,FAULTY,True,0.17822265625
/kaggle/working/processed/f787e15e-a71c-4a0c-92cc-959008ac181c_000000028658.png,1,1.0,0.99560547,1,1,FAULTY,FAULTY,True,0.17822265625
/kaggle/working/processed/b5520435-f8a7-49af-bc71-03865188a727_000000035152.png,0,6.0,0.3395996,1,0,FAULTY,GOOD,False,0.17822265625
/kaggle/working/processed/eaf6db22-82f3-4abe-8a97-85cceab24940_000000006061.png,1,1.0,0.9008789,1,1,FAULTY,FAULTY,True,0.17822265625
/kaggle/working/processed/232f3bd6-7e66-44d7-898c-79c9716af3cd_000000013401.png,0,1.0,0.06085205,0,0,GOOD,GOOD,True,0.17822265625
/kaggle/working/processed/72464750-1aac-4f5c-bdb1-754f33159fa7_000000006897.png,0,6.0,0.1496582,0,0,GOOD,GOOD,True,0.17822265625
/kaggle/working/processed/ceb1999f-219e-4f47-a4f2-ab69e8f60ed0_000000013882.png,1,1.0,0.4580078,1,1,FAULTY,FAULTY,True,0.17822265625
/kaggle/working/processed/2bb5af9d-0111-41a1-969e-c00503deda86_000000003965.png,0,1.0,0.028274536,0,0,GOOD,GOOD,True,0.17822265625
/kaggle/working/processed/8bdd6442-e633-4dd1-b773-2d6bfc5f2a89_000000035323.png,1,1.0,0.2927246,1,1,FAULTY,FAULTY,True,0.17822265625
/kaggle/working/processed/721a8f53-35cc-4d45-b04f-645cddfca86d_000000015427.png,0,1.0,0.091552734,0,0,GOOD,GOOD,True,0.17822265625
/kaggle/working/processed/c1db26ec-f218-43e9-a030-d92860daf43b_000000033664.png,1,1.0,1.0,1,1,FAULTY,FAULTY,True,0.17822265625
/kaggle/working/processed/8a94fc3c-9915-4f04-8a3c-744d3bbdc0f5_000000010437.png,0,1.0,0.085998535,0,0,GOOD,GOOD,True,0.17822265625
/kaggle/working/processed/473cabaf-a15a-442a-abc8-b5501aceedd4_000000035260.png,0,1.0,0.050720215,0,0,GOOD,GOOD,True,0.17822265625
/kaggle/working/processed/5ce86b53-020f-4e83-a729-d1d850414de9_000000034145.png,1,1.0,0.7963867,1,1,FAULTY,FAULTY,True,0.17822265625
/kaggle/working/processed/02504362-3de7-409b-8e27-40b562844174_000000027932.png,1,1.0,0.99121094,1,1,FAULTY,FAULTY,True,0.17822265625
/kaggle/working/processed/401dc59a-da0f-4332-b28c-7d9b78d43330_000000011324.png,0,1.0,0.12261963,0,0,GOOD,GOOD,True,0.17822265625
/kaggle/working/processed/68f9e876-a476-4a36-9216-a120e47b9371_000000032119.png,0,6.0,0.30273438,1,0,FAULTY,GOOD,False,0.17822265625
/kaggle/working/processed/d057802e-c4c7-44ea-b858-9928704e5fb5_000000018878.png,0,6.0,0.43603516,1,0,FAULTY,GOOD,False,0.17822265625
/kaggle/working/processed/fb148abb-f24a-4d30-a559-6f96cdee70a9_000000010597.png,1,1.0,1.0,1,1,FAULTY,FAULTY,True,0.17822265625
/kaggle/working/processed/80a8b2f1-b71f-4dad-a59c-22984885d81e_000000019716.png,0,1.0,0.066711426,0,0,GOOD,GOOD,True,0.17822265625
/kaggle/working/processed/3c6a0d43-8192-4867-9631-951569458a56_000000011096.png,1,1.0,0.99658203,1,1,FAULTY,FAULTY,True,0.17822265625
/kaggle/working/processed/ae296d17-899e-4d6f-bb16-955716f9c00b_000000004675.png,1,1.0,1.0,1,1,FAULTY,FAULTY,True,0.17822265625
/kaggle/working/processed/3022a2de-252c-4453-8c07-e25deacd5a67_000000017940.png,0,6.0,0.41918945,1,0,FAULTY,GOOD,False,0.17822265625
/kaggle/working/processed/b2a8a7f6-670e-41dc-87b0-01ba6be2df8f_000000009200.png,0,1.0,0.053497314,0,0,GOOD,GOOD,True,0.17822265625
/kaggle/working/processed/a71566ad-1793-415d-b65b-d8ca42b181d5_000000032558.png,0,6.0,0.23596191,1,0,FAULTY,GOOD,False,0.17822265625
/kaggle/working/processed/cca5486c-bd53-40a6-9451-fdcb13894a2d_000000025550.png,1,1.0,0.4350586,1,1,FAULTY,FAULTY,True,0.17822265625
/kaggle/working/processed/c6219ebb-409b-4acf-bcda-a49af3ee3f3f_000000021275.png,0,1.0,0.16577148,0,0,GOOD,GOOD,True,0.17822265625
/kaggle/working/processed/4458d86a-3b23-461a-83b2-119015d718a6_000000014291.png,1,1.0,1.0,1,1,FAULTY,FAULTY,True,0.17822265625
/kaggle/working/processed/ccf06b25-df59-4b47-8f46-c095b5424171_000000022537.png,1,1.0,0.9663086,1,1,FAULTY,FAULTY,True,0.17822265625
/kaggle/working/processed/bf825642-f074-4bbd-9289-b7228b77011a_000000033200.png,1,1.0,0.9995117,1,1,FAULTY,FAULTY,True,0.17822265625
/kaggle/working/processed/e601b672-bc83-4f30-8312-b0ac2a568f5e_000000020511.png,0,1.0,0.1550293,0,0,GOOD,GOOD,True,0.17822265625
/kaggle/working/processed/bedd8f83-86c0-4d8e-9b59-902055fa35df_000000027553.png,1,1.0,0.89404297,1,1,FAULTY,FAULTY,True,0.17822265625
/kaggle/working/processed/ee26df12-61f5-456a-9b30-d8ab35114571_000000022788.png,0,1.0,0.10632324,0,0,GOOD,GOOD,True,0.17822265625
/kaggle/working/processed/53338cd8-db02-4318-af4e-2e68490a63cd_000000014666.png,0,1.0,0.04232788,0,0,GOOD,GOOD,True,0.17822265625
/kaggle/working/processed/9d591771-ccdb-4a1c-9abd-6b5446c36ce2_000000035034.png,1,1.0,1.0,1,1,FAULTY,FAULTY,True,0.17822265625
/kaggle/working/processed/290c1b7d-9722-4b13-a4ce-522e2ec708fa_000000014807.png,0,6.0,0.19348145,1,0,FAULTY,GOOD,False,0.17822265625
/kaggle/working/processed/e40ff785-a3de-4ca6-a164-74db6c7b650c_000000018429.png,0,6.0,0.5625,1,0,FAULTY,GOOD,False,0.17822265625
/kaggle/working/processed/05772bf5-e1dc-4c60-9c0f-260f56da9ecb_000000019170.png,1,1.0,1.0,1,1,FAULTY,FAULTY,True,0.17822265625
/kaggle/working/processed/c26f4b3d-deb2-4f05-a8ba-943d01febbca_000000013761.png,1,1.0,1.0,1,1,FAULTY,FAULTY,True,0.17822265625
/kaggle/working/processed/82612f64-0d4d-4ebb-ad9e-5891f5030cc6_000000030382.png,0,6.0,0.3310547,1,0,FAULTY,GOOD,False,0.17822265625
/kaggle/working/processed/54513169-b2c5-4de3-9610-9699b1c784b1_000000032904.png,0,6.0,0.14611816,0,0,GOOD,GOOD,True,0.17822265625
/kaggle/working/processed/a734d634-cb0c-4f4f-b39f-ec72cae32727_000000019148.png,1,1.0,0.9970703,1,1,FAULTY,FAULTY,True,0.17822265625
/kaggle/working/processed/c88a1da7-91eb-4d40-8fca-300f2c46dab8_000000006931.png,1,1.0,1.0,1,1,FAULTY,FAULTY,True,0.17822265625
/kaggle/working/processed/f1519c25-45a6-41b4-bc32-b40e46d4d171_000000001926.png,0,1.0,0.18640137,1,0,FAULTY,GOOD,False,0.17822265625
/kaggle/working/processed/f7699368-ff95-4579-8cfd-4f3625bfb96f_000000013565.png,0,1.0,0.088012695,0,0,GOOD,GOOD,True,0.17822265625
/kaggle/working/processed/edc482a7-dae4-4b1d-ac64-316b3e60b518_000000027638.png,0,1.0,0.066467285,0,0,GOOD,GOOD,True,0.17822265625
/kaggle/working/processed/535f8ee0-b63d-4dbb-80ba-4e55504a9b9c_000000034636.png,0,1.0,0.15026855,0,0,GOOD,GOOD,True,0.17822265625
/kaggle/working/processed/3d6d2573-eb7a-420d-8919-62e0b08a7fcb_000000030094.png,1,1.0,0.6850586,1,1,FAULTY,FAULTY,True,0.17822265625
/kaggle/working/processed/5ecb564e-80c9-4011-9921-16909f0f6e9e_000000021587.png,1,4.0,0.1529541,0,1,GOOD,FAULTY,False,0.17822265625
/kaggle/working/processed/e44dd3bc-1793-42db-a8d9-eb933906d7db_000000028821.png,1,1.0,0.9482422,1,1,FAULTY,FAULTY,True,0.17822265625
/kaggle/working/processed/727c1014-0530-4a88-9557-ed90bb15e1d2_000000025103.png,1,1.0,0.43725586,1,1,FAULTY,FAULTY,True,0.17822265625
/kaggle/working/processed/62c5107d-536f-4354-bc63-4d6985a51406_000000001734.png,1,1.0,0.99560547,1,1,FAULTY,FAULTY,True,0.17822265625
/kaggle/working/processed/bc283bd3-24e3-45bc-85ca-e447c291409f_000000025930.png,1,1.0,0.43676758,1,1,FAULTY,FAULTY,True,0.17822265625
/kaggle/working/processed/2940d44e-c620-4972-85a9-a05eb95cbe7a_000000022990.png,0,1.0,0.040100098,0,0,GOOD,GOOD,True,0.17822265625
/kaggle/working/processed/7fc4df1e-39cb-41ab-a764-59af280b53fe_000000031177.png,1,1.0,0.39379883,1,1,FAULTY,FAULTY,True,0.17822265625
/kaggle/working/processed/5fe81900-fb87-43fd-8e7e-1abd920db3c8_000000033930.png,1,1.0,0.9995117,1,1,FAULTY,FAULTY,True,0.17822265625
/kaggle/working/processed/90eb00b7-4882-4a7e-a8f1-70a682a0606e_000000024176.png,1,1.0,0.9946289,1,1,FAULTY,FAULTY,True,0.17822265625
/kaggle/working/processed/2bea4150-b643-4dfd-b50c-4803f560e130_000000013829.png,0,1.0,0.10522461,0,0,GOOD,GOOD,True,0.17822265625
/kaggle/working/processed/9065de83-9456-4375-9e1a-5f14b26b9722_000000026144.png,1,1.0,0.9995117,1,1,FAULTY,FAULTY,True,0.17822265625
/kaggle/working/processed/a9f12330-924f-47db-bb70-27f0158213b1_000000030445.png,1,1.0,0.3642578,1,1,FAULTY,FAULTY,True,0.17822265625
/kaggle/working/processed/b0979468-1782-4fd1-8e6d-647c641026ac_000000026035.png,1,1.0,0.98828125,1,1,FAULTY,FAULTY,True,0.17822265625
/kaggle/working/processed/20482163-cae6-4fd5-929a-ea0b05f91bf5_000000008233.png,0,1.0,0.16491699,0,0,GOOD,GOOD,True,0.17822265625
/kaggle/working/processed/c079451c-6e71-4a5b-b760-5848203ef602_000000013902.png,1,1.0,0.7114258,1,1,FAULTY,FAULTY,True,0.17822265625
/kaggle/working/processed/94c1f14f-0814-4586-8b7f-ced55476df88_000000002009.png,0,6.0,0.3466797,1,0,FAULTY,GOOD,False,0.17822265625
/kaggle/working/processed/fc813167-2196-4e9d-9710-b828b6cfd788_000000017549.png,0,1.0,0.10760498,0,0,GOOD,GOOD,True,0.17822265625
/kaggle/working/processed/e1a708b0-d05c-4927-a185-19f5455d53e0_000000025772.png,1,1.0,0.7944336,1,1,FAULTY,FAULTY,True,0.17822265625
/kaggle/working/processed/3da313b8-cfb1-4dda-9e2d-9df17eefbef9_000000015077.png,0,6.0,0.13977051,0,0,GOOD,GOOD,True,0.17822265625
/kaggle/working/processed/8ce0801b-0a11-412e-ab4a-ac09301897c0_000000030729.png,1,1.0,1.0,1,1,FAULTY,FAULTY,True,0.17822265625
/kaggle/working/processed/1b4a7677-974b-4002-9c07-fede123ea8ce_000000033341.png,1,1.0,1.0,1,1,FAULTY,FAULTY,True,0.17822265625
/kaggle/working/processed/3e8f058c-9603-4f69-a0f2-d00180d6adff_000000024347.png,1,1.0,0.9707031,1,1,FAULTY,FAULTY,True,0.17822265625
/kaggle/working/processed/fa386b9b-2e3b-4284-ab63-5dd76be19b4c_000000033834.png,1,1.0,0.99365234,1,1,FAULTY,FAULTY,True,0.17822265625
/kaggle/working/processed/726bba83-701b-4f7f-b8cb-6dae15c6af86_000000014404.png,0,6.0,0.12976074,0,0,GOOD,GOOD,True,0.17822265625
/kaggle/working/processed/3c8e43ba-6fe5-4ef3-9127-7c0a84ef995b_000000002709.png,1,1.0,0.47631836,1,1,FAULTY,FAULTY,True,0.17822265625
/kaggle/working/processed/eb42840b-27ae-4c07-8ea0-bee214f5ab63_000000019260.png,1,1.0,1.0,1,1,FAULTY,FAULTY,True,0.17822265625
/kaggle/working/processed/fc26b954-023d-4887-8f97-b55caf5468b5_000000026823.png,0,1.0,0.0680542,0,0,GOOD,GOOD,True,0.17822265625
/kaggle/working/processed/4f35f322-575c-4df1-9ef6-8429734a26e6_000000033356.png,1,1.0,0.9370117,1,1,FAULTY,FAULTY,True,0.17822265625
/kaggle/working/processed/93894f9e-265a-4bd3-9132-a2a45dea1a1b_000000035108.png,1,1.0,0.99853516,1,1,FAULTY,FAULTY,True,0.17822265625
/kaggle/working/processed/0c72135e-fff3-4d8c-be03-006bd3fdc3d7_000000026496.png,1,1.0,0.8964844,1,1,FAULTY,FAULTY,True,0.17822265625
/kaggle/working/processed/0e0b8965-4618-4d81-a178-78b9c43bc5db_000000034804.png,1,1.0,0.92041016,1,1,FAULTY,FAULTY,True,0.17822265625
/kaggle/working/processed/18283cad-0c88-47a6-9d10-b667faa46424_000000020726.png,1,1.0,0.98339844,1,1,FAULTY,FAULTY,True,0.17822265625
/kaggle/working/processed/819a4ef0-ee08-4e23-8eae-6342b59fc48d_000000022970.png,1,1.0,0.9326172,1,1,FAULTY,FAULTY,True,0.17822265625
/kaggle/working/processed/5fba4a2e-1ca1-4a98-b1e6-e03a468bb76e_000000011506.png,0,6.0,0.37304688,1,0,FAULTY,GOOD,False,0.17822265625
/kaggle/working/processed/1277d9c8-5d99-4d3e-bc7c-6599b8858ff1_000000008027.png,0,1.0,0.043701172,0,0,GOOD,GOOD,True,0.17822265625
/kaggle/working/processed/4050f177-fe11-4d18-aa6f-098dd3d2b417_000000000685.png,0,6.0,0.20373535,1,0,FAULTY,GOOD,False,0.17822265625
/kaggle/working/processed/9a9447d5-47ec-48ee-91c3-af13bcd206bf_000000034196.png,1,1.0,0.9980469,1,1,FAULTY,FAULTY,True,0.17822265625
/kaggle/working/processed/692f4aa9-0a43-4ea2-ade6-8d4ae0628e7d_000000001701.png,0,6.0,0.1171875,0,0,GOOD,GOOD,True,0.17822265625
/kaggle/working/processed/872f9e82-8225-4aa2-a1f9-d81ea5ec4898_000000004445.png,1,1.0,0.9995117,1,1,FAULTY,FAULTY,True,0.17822265625
/kaggle/working/processed/da9bd325-aaf0-4209-a93c-02413b246969_000000027939.png,1,1.0,0.2932129,1,1,FAULTY,FAULTY,True,0.17822265625
/kaggle/working/processed/169fae4f-bdc5-4bbe-8927-0d3e0e965844_000000029853.png,0,1.0,0.06585693,0,0,GOOD,GOOD,True,0.17822265625
/kaggle/working/processed/d17b6126-27b0-4dfa-94e2-09c895302f47_000000034819.png,1,1.0,0.9975586,1,1,FAULTY,FAULTY,True,0.17822265625
/kaggle/working/processed/57829738-51b9-4cc4-8339-67d45f45608c_000000011966.png,1,1.0,1.0,1,1,FAULTY,FAULTY,True,0.17822265625
/kaggle/working/processed/168fceb7-2886-4eb4-b4b8-b01eb57bf589_000000027273.png,1,1.0,0.9238281,1,1,FAULTY,FAULTY,True,0.17822265625
/kaggle/working/processed/acdcda6f-85f6-43ba-9956-6ca8e2b55e68_000000003508.png,1,1.0,0.9995117,1,1,FAULTY,FAULTY,True,0.17822265625
/kaggle/working/processed/cf6220d6-de34-4ddd-9567-d55166fa9b60_000000029520.png,1,1.0,0.9975586,1,1,FAULTY,FAULTY,True,0.17822265625
/kaggle/working/processed/3124f84c-d7b1-4ede-ad5a-1c566335e2a8_000000007810.png,0,6.0,0.19677734,1,0,FAULTY,GOOD,False,0.17822265625
/kaggle/working/processed/3ca029d8-663e-46b6-94ce-ea31dbabc665_000000032616.png,1,1.0,1.0,1,1,FAULTY,FAULTY,True,0.17822265625
/kaggle/working/processed/7a998199-d197-47d4-aa15-d9c015789595_000000029689.png,1,1.0,0.98339844,1,1,FAULTY,FAULTY,True,0.17822265625
/kaggle/working/processed/e8c014f5-8dcd-4d5e-a083-52de3b9a0f52_000000009507.png,1,1.0,0.9946289,1,1,FAULTY,FAULTY,True,0.17822265625
/kaggle/working/processed/5b7c06ea-b8cf-4435-bef0-d7f9c579b45d_000000027609.png,0,1.0,0.14501953,0,0,GOOD,GOOD,True,0.17822265625
/kaggle/working/processed/2a5a4475-b78f-4415-9845-f7c0ef9b182b_000000002917.png,0,1.0,0.12670898,0,0,GOOD,GOOD,True,0.17822265625
/kaggle/working/processed/3cbe4fc2-1c40-49cc-bfff-38689d46df65_000000000290.png,0,6.0,0.43115234,1,0,FAULTY,GOOD,False,0.17822265625
/kaggle/working/processed/0c7d0e54-9828-4a81-a092-a576ca3d0894_000000007772.png,0,1.0,0.23425293,1,0,FAULTY,GOOD,False,0.17822265625
/kaggle/working/processed/09804bea-7d5f-4c70-98ec-17540faa14d4_000000032890.png,1,1.0,0.99853516,1,1,FAULTY,FAULTY,True,0.17822265625
/kaggle/working/processed/862209d9-fa48-4888-a205-618339ac5d3d_000000012209.png,0,1.0,0.09741211,0,0,GOOD,GOOD,True,0.17822265625
/kaggle/working/processed/260d6233-181e-4bf5-a542-21dee547388f_000000033346.png,0,1.0,0.09436035,0,0,GOOD,GOOD,True,0.17822265625
/kaggle/working/processed/cbbed887-14c9-4de2-a6f8-1dcf5088cbdd_000000004798.png,1,1.0,1.0,1,1,FAULTY,FAULTY,True,0.17822265625
/kaggle/working/processed/86c1708d-2516-4b54-a73b-32cf865e548d_000000032317.png,1,1.0,1.0,1,1,FAULTY,FAULTY,True,0.17822265625
/kaggle/working/processed/5201a6fb-ab64-4e12-a8dd-08b8f391259f_000000002175.png,1,1.0,0.97314453,1,1,FAULTY,FAULTY,True,0.17822265625
/kaggle/working/processed/ea22525c-eb9f-497b-932b-ce4ac65490a2_000000035265.png,1,4.0,0.06866455,0,1,GOOD,FAULTY,False,0.17822265625
/kaggle/working/processed/24778731-7f1f-41c4-bc17-39d1f2dd9eb5_000000003679.png,1,1.0,0.99853516,1,1,FAULTY,FAULTY,True,0.17822265625
/kaggle/working/processed/2c489f15-629a-46d1-8f10-0533ac73c975_000000010297.png,1,1.0,0.95410156,1,1,FAULTY,FAULTY,True,0.17822265625
/kaggle/working/processed/2b14e8e6-189a-4f92-9ec9-b654ceef681a_000000031201.png,1,1.0,0.7050781,1,1,FAULTY,FAULTY,True,0.17822265625
/kaggle/working/processed/b3c8b0df-2c49-4a12-bec0-314c7024d709_000000017712.png,1,1.0,1.0,1,1,FAULTY,FAULTY,True,0.17822265625
/kaggle/working/processed/419bceeb-f00b-4de5-954d-e2fc34819129_000000024847.png,1,1.0,0.99853516,1,1,FAULTY,FAULTY,True,0.17822265625
/kaggle/working/processed/3d5422d1-267e-472a-aab9-b4304cb7342f_000000031053.png,0,6.0,0.22265625,1,0,FAULTY,GOOD,False,0.17822265625
/kaggle/working/processed/6db8994a-89a5-4bee-b0bd-fe77d13d5821_000000010206.png,0,1.0,0.09875488,0,0,GOOD,GOOD,True,0.17822265625
/kaggle/working/processed/a78148fe-8c9a-4c2f-ba88-a368ba85bb72_000000019117.png,0,6.0,0.53271484,1,0,FAULTY,GOOD,False,0.17822265625
/kaggle/working/processed/ffa89515-5a7b-4b4f-bd39-4acc5020550a_000000028741.png,1,1.0,0.99121094,1,1,FAULTY,FAULTY,True,0.17822265625
/kaggle/working/processed/79cc9f44-6c2c-4fe4-9113-7990a5724092_000000029560.png,0,6.0,0.4597168,1,0,FAULTY,GOOD,False,0.17822265625
/kaggle/working/processed/a6521499-f687-4ced-9487-22c7c10c25df_000000025137.png,1,1.0,0.9970703,1,1,FAULTY,FAULTY,True,0.17822265625
/kaggle/working/processed/4fa7b41a-451e-479a-ac04-fa03a42ce8b6_000000028109.png,1,1.0,1.0,1,1,FAULTY,FAULTY,True,0.17822265625
/kaggle/working/processed/59dd52bc-772a-4552-9f74-a14bba12062f_000000024450.png,0,6.0,0.11932373,0,0,GOOD,GOOD,True,0.17822265625
/kaggle/working/processed/e464c5f6-113f-4bdd-8f4d-c806bba47a3e_000000003634.png,1,4.0,0.06878662,0,1,GOOD,FAULTY,False,0.17822265625
/kaggle/working/processed/15b6da54-4dc3-422d-8363-92ef04bfb76b_000000033281.png,0,1.0,0.114990234,0,0,GOOD,GOOD,True,0.17822265625
/kaggle/working/processed/0b2367a1-a339-4544-9181-79ff0fb29ac9_000000032684.png,0,1.0,0.13696289,0,0,GOOD,GOOD,True,0.17822265625
/kaggle/working/processed/7a89174e-3c74-4c06-88a6-c56ec446a88c_000000029330.png,0,1.0,0.23901367,1,0,FAULTY,GOOD,False,0.17822265625
/kaggle/working/processed/2ba82734-3891-4832-82ec-becf8e169f8c_000000014324.png,1,1.0,0.9995117,1,1,FAULTY,FAULTY,True,0.17822265625
/kaggle/working/processed/61d55fe0-3303-46cb-a2e3-2ed7c77fb76c_000000021159.png,1,1.0,0.9995117,1,1,FAULTY,FAULTY,True,0.17822265625
/kaggle/working/processed/7e72506d-cc0b-4e67-927d-cc1c8ca40a3a_000000032485.png,1,1.0,0.9794922,1,1,FAULTY,FAULTY,True,0.17822265625
/kaggle/working/processed/4ef08e4e-dfcf-4959-a7c6-854fb33771c7_000000000329.png,1,1.0,0.97265625,1,1,FAULTY,FAULTY,True,0.17822265625
/kaggle/working/processed/41578bcc-c592-40dd-94a3-70068ea565b3_000000024729.png,0,1.0,0.12249756,0,0,GOOD,GOOD,True,0.17822265625
/kaggle/working/processed/24658c7c-dbcb-419e-be6f-c5cd2f84860f_000000001314.png,0,1.0,0.061309814,0,0,GOOD,GOOD,True,0.17822265625
/kaggle/working/processed/e6c1390b-024a-4808-ae7c-69d7fc346e7d_000000025853.png,1,1.0,1.0,1,1,FAULTY,FAULTY,True,0.17822265625
/kaggle/working/processed/19a1e180-ca6e-4751-815b-4ff64ae35c35_000000000363.png,0,1.0,0.103027344,0,0,GOOD,GOOD,True,0.17822265625
/kaggle/working/processed/1a0fc876-f5f1-40c5-a538-2421a54b408a_000000012241.png,1,1.0,1.0,1,1,FAULTY,FAULTY,True,0.17822265625
/kaggle/working/processed/d3a071f8-916f-4f7b-b05c-f5512b841b8d_000000013864.png,1,1.0,0.9995117,1,1,FAULTY,FAULTY,True,0.17822265625
/kaggle/working/processed/7565ae82-14cc-4708-b0f2-c86935454def_000000030900.png,1,1.0,0.6333008,1,1,FAULTY,FAULTY,True,0.17822265625
/kaggle/working/processed/f04c28a6-55a3-4a85-a3bc-9653a2ae2c7f_000000006411.png,1,1.0,0.98291016,1,1,FAULTY,FAULTY,True,0.17822265625
/kaggle/working/processed/8101e4eb-c472-42ae-9126-ee0fb16f093e_000000032220.png,1,1.0,0.5029297,1,1,FAULTY,FAULTY,True,0.17822265625
/kaggle/working/processed/2de156b2-0c68-45ef-afda-3f1158bc3399_000000024725.png,1,1.0,0.77685547,1,1,FAULTY,FAULTY,True,0.17822265625
/kaggle/working/processed/a2aed9af-40ef-4056-84ac-c3d957c5eaf0_000000023089.png,1,1.0,0.5522461,1,1,FAULTY,FAULTY,True,0.17822265625
/kaggle/working/processed/fcb36532-f54c-4bf7-b531-1982f7b29bfd_000000012734.png,1,1.0,0.9995117,1,1,FAULTY,FAULTY,True,0.17822265625
/kaggle/working/processed/c5fe6583-bb9f-4395-95c2-01fe850241b8_000000010144.png,1,1.0,0.6713867,1,1,FAULTY,FAULTY,True,0.17822265625
/kaggle/working/processed/a93c1f07-fe32-466c-9b4f-6a27823b9145_000000016731.png,1,1.0,0.98046875,1,1,FAULTY,FAULTY,True,0.17822265625
/kaggle/working/processed/1c9bd8e2-ad1b-4621-bd0e-1b2f30cb0873_000000001804.png,0,1.0,0.09399414,0,0,GOOD,GOOD,True,0.17822265625
/kaggle/working/processed/5e00eaa3-da90-4346-a038-dcf77e5974f0_000000029063.png,0,6.0,0.17102051,0,0,GOOD,GOOD,True,0.17822265625
/kaggle/working/processed/a9d20da4-2795-4a6c-92b5-ca414c592bc1_000000027827.png,1,1.0,0.99121094,1,1,FAULTY,FAULTY,True,0.17822265625
/kaggle/working/processed/da971ddc-922f-41c3-9893-ab9b14320922_000000007918.png,1,1.0,1.0,1,1,FAULTY,FAULTY,True,0.17822265625
/kaggle/working/processed/af313ba8-4831-42af-b5f3-6f4e28808a10_000000018632.png,1,1.0,0.6328125,1,1,FAULTY,FAULTY,True,0.17822265625
/kaggle/working/processed/d02fe901-d2f3-4098-a856-71087feff5a7_000000015338.png,1,1.0,1.0,1,1,FAULTY,FAULTY,True,0.17822265625
/kaggle/working/processed/f0dc14ed-83ca-4dec-b219-3b832c399b56_000000003570.png,1,1.0,0.74072266,1,1,FAULTY,FAULTY,True,0.17822265625
/kaggle/working/processed/94a8283f-638f-4d71-8d99-fe9d76093d8f_000000022178.png,0,1.0,0.2006836,1,0,FAULTY,GOOD,False,0.17822265625
/kaggle/working/processed/0b32badc-7678-453c-9200-76fb448ed187_000000025642.png,0,1.0,0.066467285,0,0,GOOD,GOOD,True,0.17822265625
/kaggle/working/processed/d7157d5c-8037-4af4-8540-9469fb8f146b_000000020791.png,1,1.0,0.95654297,1,1,FAULTY,FAULTY,True,0.17822265625
/kaggle/working/processed/56e37c4d-ac43-4275-9dd6-8f8699ad032d_000000025841.png,0,1.0,0.107421875,0,0,GOOD,GOOD,True,0.17822265625
/kaggle/working/processed/f5ba6d0d-f45a-4197-a919-78fa00423cdb_000000019608.png,1,1.0,0.31201172,1,1,FAULTY,FAULTY,True,0.17822265625
/kaggle/working/processed/c4af2c8e-1a21-4c1c-bb06-9d6301f5c56d_000000023571.png,0,6.0,0.13085938,0,0,GOOD,GOOD,True,0.17822265625
/kaggle/working/processed/b7287894-9b3b-496d-880e-df1087ee7137_000000019347.png,0,1.0,0.13208008,0,0,GOOD,GOOD,True,0.17822265625
/kaggle/working/processed/b4da1901-243a-4fb6-8fea-909002fc62aa_000000017655.png,1,1.0,1.0,1,1,FAULTY,FAULTY,True,0.17822265625
/kaggle/working/processed/e4ada449-64b9-4d46-9c57-65e0da1bff98_000000018895.png,1,1.0,0.46655273,1,1,FAULTY,FAULTY,True,0.17822265625
/kaggle/working/processed/c9195468-61a2-47e5-8b82-5ef67f989304_000000026579.png,0,1.0,0.015487671,0,0,GOOD,GOOD,True,0.17822265625
/kaggle/working/processed/83328854-b3ee-4cb5-8825-e7d3d9492225_000000033390.png,1,1.0,0.90234375,1,1,FAULTY,FAULTY,True,0.17822265625
/kaggle/working/processed/1a068707-0dc4-4ff3-aca4-3bad55b4016a_000000000043.png,1,1.0,0.97802734,1,1,FAULTY,FAULTY,True,0.17822265625
/kaggle/working/processed/9e530524-1b33-4129-a51d-8f5dc93901d5_000000020035.png,0,6.0,0.2692871,1,0,FAULTY,GOOD,False,0.17822265625
/kaggle/working/processed/fcd22870-b351-4be7-bd72-593bc7d91209_000000006386.png,0,1.0,0.06756592,0,0,GOOD,GOOD,True,0.17822265625
/kaggle/working/processed/91ec9a05-7440-4b60-8a24-672591bdf109_000000024020.png,1,1.0,0.9902344,1,1,FAULTY,FAULTY,True,0.17822265625
/kaggle/working/processed/ffea1d70-3f9d-4cbc-8a69-ae699cc6f0f1_000000034579.png,0,6.0,0.15673828,0,0,GOOD,GOOD,True,0.17822265625
/kaggle/working/processed/7a5b54c7-e8a6-463f-b4f2-fad5eeef04e8_000000008198.png,1,1.0,0.99853516,1,1,FAULTY,FAULTY,True,0.17822265625
/kaggle/working/processed/9623cd54-2fe7-427a-935c-e9513cca1816_000000030109.png,1,1.0,1.0,1,1,FAULTY,FAULTY,True,0.17822265625
/kaggle/working/processed/639c089a-5341-4bae-b2ee-d2f05f910e11_000000022701.png,0,6.0,0.26635742,1,0,FAULTY,GOOD,False,0.17822265625
/kaggle/working/processed/4bd2090e-bec6-48d4-8ba7-6dbb27d02abe_000000009371.png,0,1.0,0.23474121,1,0,FAULTY,GOOD,False,0.17822265625
/kaggle/working/processed/523fd42a-0a83-4a91-aee2-c51e93b5da57_000000006835.png,0,6.0,0.11437988,0,0,GOOD,GOOD,True,0.17822265625
/kaggle/working/processed/73b6d2a9-a6e4-45a1-8ec0-bc77a21e13ce_000000011571.png,1,1.0,0.9995117,1,1,FAULTY,FAULTY,True,0.17822265625
/kaggle/working/processed/e8d60f69-f1a3-4044-864d-3cf642d44584_000000006606.png,0,1.0,0.05126953,0,0,GOOD,GOOD,True,0.17822265625
/kaggle/working/processed/bb1f4412-bc75-46d8-827f-3f951ce7b0e0_000000018773.png,0,1.0,0.20483398,1,0,FAULTY,GOOD,False,0.17822265625
/kaggle/working/processed/b394533b-c360-4667-8569-c4703d699472_000000024340.png,0,1.0,0.07965088,0,0,GOOD,GOOD,True,0.17822265625
/kaggle/working/processed/a41b384b-69e6-4d7d-9dec-d4b3f34f569e_000000017261.png,0,1.0,0.20422363,1,0,FAULTY,GOOD,False,0.17822265625
/kaggle/working/processed/7f171359-890d-4a1b-afd9-1a643cd1134c_000000023507.png,0,1.0,0.092041016,0,0,GOOD,GOOD,True,0.17822265625
/kaggle/working/processed/c4b8c003-0ae8-4e50-bd0b-390fa2fecec9_000000000784.png,1,1.0,0.6069336,1,1,FAULTY,FAULTY,True,0.17822265625
/kaggle/working/processed/0a6db1b0-8fa6-4604-8e3e-c833d6a2facb_000000021032.png,0,6.0,0.35839844,1,0,FAULTY,GOOD,False,0.17822265625
/kaggle/working/processed/e3f0eab6-b157-4847-a3e9-dd3969ca0d95_000000032692.png,1,1.0,0.40063477,1,1,FAULTY,FAULTY,True,0.17822265625
/kaggle/working/processed/13fa0d8c-bbdc-434f-a263-8f9ac9f45d0f_000000026015.png,1,1.0,0.4663086,1,1,FAULTY,FAULTY,True,0.17822265625
/kaggle/working/processed/f866b7ac-6192-47bc-bd1b-12b38c87d873_000000015367.png,0,1.0,0.12512207,0,0,GOOD,GOOD,True,0.17822265625
/kaggle/working/processed/8cb71a45-4d0b-4b7f-93bc-6f0e84ae0e4e_000000006623.png,1,1.0,1.0,1,1,FAULTY,FAULTY,True,0.17822265625
/kaggle/working/processed/518003ae-2c69-4767-bfcb-f893c9cf114d_000000004414.png,1,1.0,0.52734375,1,1,FAULTY,FAULTY,True,0.17822265625
/kaggle/working/processed/a81cc15a-be34-4934-9975-063ae116ddd3_000000022556.png,1,1.0,0.68408203,1,1,FAULTY,FAULTY,True,0.17822265625
/kaggle/working/processed/a0fae618-b6bf-42a7-8735-bc3fbd0a3251_000000027990.png,1,1.0,0.9995117,1,1,FAULTY,FAULTY,True,0.17822265625
/kaggle/working/processed/21edfd33-c611-4678-b063-2df3a5bc0afc_000000019039.png,1,1.0,0.9892578,1,1,FAULTY,FAULTY,True,0.17822265625
/kaggle/working/processed/8d8669c9-a25a-4037-9c11-6cbd96cda2e3_000000031058.png,1,1.0,0.97509766,1,1,FAULTY,FAULTY,True,0.17822265625
/kaggle/working/processed/2082f82b-1874-427a-9f25-11bc8291b6dc_000000014813.png,0,6.0,0.375,1,0,FAULTY,GOOD,False,0.17822265625
/kaggle/working/processed/142613a5-f7a7-4da8-bded-c2581db5edc1_000000028683.png,1,1.0,0.99072266,1,1,FAULTY,FAULTY,True,0.17822265625
/kaggle/working/processed/ada38054-dde9-42c3-ae56-41e2c097ed74_000000019227.png,0,1.0,0.057495117,0,0,GOOD,GOOD,True,0.17822265625
/kaggle/working/processed/f825e104-c4e7-4d81-8c02-fc28ed4c9580_000000033710.png,0,1.0,0.140625,0,0,GOOD,GOOD,True,0.17822265625
/kaggle/working/processed/70b844dd-1f37-447d-9248-c6c41aac30b6_000000013828.png,1,1.0,0.3996582,1,1,FAULTY,FAULTY,True,0.17822265625
/kaggle/working/processed/18125161-40d3-4a53-9253-ff0dbc3ad097_000000012765.png,1,1.0,0.99902344,1,1,FAULTY,FAULTY,True,0.17822265625
/kaggle/working/processed/ac8d62c4-e4bc-421c-bcc5-fea337e1afef_000000024628.png,0,1.0,0.11694336,0,0,GOOD,GOOD,True,0.17822265625
/kaggle/working/processed/b50be0dd-aca2-4f8f-aeb2-c3ccd1309e80_000000019966.png,1,1.0,0.95166016,1,1,FAULTY,FAULTY,True,0.17822265625
/kaggle/working/processed/dc3af0ce-35bb-4b2e-843e-1247b5f5c52d_000000025038.png,1,4.0,0.15942383,0,1,GOOD,FAULTY,False,0.17822265625
/kaggle/working/processed/a4bf0513-1cfe-4ddc-a54f-acf81c7ef104_000000006131.png,1,1.0,0.9921875,1,1,FAULTY,FAULTY,True,0.17822265625
/kaggle/working/processed/758b5e64-6d15-4562-b8b9-390a01f3f655_000000019030.png,0,1.0,0.09088135,0,0,GOOD,GOOD,True,0.17822265625
/kaggle/working/processed/ecfdd3db-faef-479e-9175-7567911a184d_000000004211.png,0,6.0,0.4494629,1,0,FAULTY,GOOD,False,0.17822265625
/kaggle/working/processed/89789338-f350-4b86-9bc0-9160a7df58a5_000000017826.png,1,1.0,0.97753906,1,1,FAULTY,FAULTY,True,0.17822265625
/kaggle/working/processed/f83dd332-79bb-4308-94a3-c03b2852a56b_000000002647.png,1,1.0,0.9926758,1,1,FAULTY,FAULTY,True,0.17822265625
/kaggle/working/processed/2b0ddffc-7ad8-4b63-bcc0-a8008a67d03b_000000032500.png,1,1.0,0.97021484,1,1,FAULTY,FAULTY,True,0.17822265625
/kaggle/working/processed/ad5e25e2-7792-4dbe-840b-5619017e59b1_000000024152.png,1,1.0,0.9707031,1,1,FAULTY,FAULTY,True,0.17822265625
/kaggle/working/processed/f5bbab88-3318-4426-959d-37ed30a1b663_000000033446.png,1,1.0,0.5883789,1,1,FAULTY,FAULTY,True,0.17822265625
/kaggle/working/processed/f5d4661c-f0fc-40da-860b-f70d5a25cb3a_000000034816.png,1,1.0,0.99316406,1,1,FAULTY,FAULTY,True,0.17822265625
/kaggle/working/processed/dd4379c0-0ecb-4667-bd7b-22b94ab66108_000000014490.png,0,1.0,0.09234619,0,0,GOOD,GOOD,True,0.17822265625
/kaggle/working/processed/00bdf0a0-2d37-4001-9c72-e42b2f41ff45_000000026421.png,0,6.0,0.49291992,1,0,FAULTY,GOOD,False,0.17822265625
/kaggle/working/processed/3a7cb3a4-c0d3-4c63-8cc4-ee34049b1cdf_000000012609.png,1,1.0,0.9951172,1,1,FAULTY,FAULTY,True,0.17822265625
/kaggle/working/processed/92d4ee9f-f6c0-43f8-807a-ef7b62cfffc7_000000035084.png,1,1.0,1.0,1,1,FAULTY,FAULTY,True,0.17822265625
/kaggle/working/processed/6aed7037-89c2-4ba8-976c-194c2a220c43_000000006637.png,1,1.0,0.9868164,1,1,FAULTY,FAULTY,True,0.17822265625
/kaggle/working/processed/59785b64-8486-4e65-9c38-587c063b981d_000000014196.png,0,1.0,0.04876709,0,0,GOOD,GOOD,True,0.17822265625
/kaggle/working/processed/7ce7556d-08a7-483a-9e32-59149e1da210_000000028964.png,1,1.0,0.9638672,1,1,FAULTY,FAULTY,True,0.17822265625
/kaggle/working/processed/e79c872f-8be4-45f1-9d60-349d9b81fc62_000000010076.png,0,6.0,0.114746094,0,0,GOOD,GOOD,True,0.17822265625
/kaggle/working/processed/dfdda21d-fb79-4a65-8c56-0f458db8cb93_000000021294.png,1,4.0,0.13439941,0,1,GOOD,FAULTY,False,0.17822265625
/kaggle/working/processed/e62a55b1-df5f-407b-81e0-214d3aaf03f5_000000001816.png,1,1.0,0.9819336,1,1,FAULTY,FAULTY,True,0.17822265625
/kaggle/working/processed/e9196868-a6c3-4550-a470-e504d0fce050_000000003778.png,1,1.0,0.9975586,1,1,FAULTY,FAULTY,True,0.17822265625
/kaggle/working/processed/258cad16-18c3-496b-bfa7-006d627d00ec_000000015101.png,1,1.0,0.99072266,1,1,FAULTY,FAULTY,True,0.17822265625
/kaggle/working/processed/ce9e3805-6117-4778-8b17-e94166aa1809_000000000399.png,0,1.0,0.09320068,0,0,GOOD,GOOD,True,0.17822265625
/kaggle/working/processed/3ddd1a0f-6d20-42c0-a75e-5108d1f883c5_000000009128.png,0,6.0,0.10687256,0,0,GOOD,GOOD,True,0.17822265625
/kaggle/working/processed/e42ea981-913f-413c-84ca-f3a13f5fd1c2_000000012340.png,1,1.0,0.9995117,1,1,FAULTY,FAULTY,True,0.17822265625
/kaggle/working/processed/983b8fe2-0c58-4951-8c50-327115af0b55_000000019647.png,1,1.0,0.87353516,1,1,FAULTY,FAULTY,True,0.17822265625
/kaggle/working/processed/2352ce24-43ef-4928-a5f8-ae407138e27a_000000013948.png,0,1.0,0.033599854,0,0,GOOD,GOOD,True,0.17822265625
/kaggle/working/processed/19167ccb-084f-4f04-968c-db06068cc4b4_000000005467.png,1,1.0,0.9980469,1,1,FAULTY,FAULTY,True,0.17822265625
/kaggle/working/processed/c9605f63-f348-48a2-baa6-de01b2227acc_000000019025.png,1,1.0,0.9506836,1,1,FAULTY,FAULTY,True,0.17822265625
/kaggle/working/processed/fe7c8d1e-3d9e-4dfa-9b0f-df8221704617_000000033842.png,0,1.0,0.05166626,0,0,GOOD,GOOD,True,0.17822265625
/kaggle/working/processed/eda3d083-bac5-4e58-a6cb-b1efdb40a4a8_000000000380.png,0,1.0,0.14257812,0,0,GOOD,GOOD,True,0.17822265625
/kaggle/working/processed/fa45a967-f2ef-4521-8f00-2ac2a85fb0c6_000000023348.png,1,1.0,0.57714844,1,1,FAULTY,FAULTY,True,0.17822265625
/kaggle/working/processed/e31476d2-b235-4f41-a8e0-cf518d8bef4b_000000030457.png,1,1.0,0.9824219,1,1,FAULTY,FAULTY,True,0.17822265625
/kaggle/working/processed/5dd7cebb-2961-494c-8cd3-9e43d9395606_000000015317.png,0,1.0,0.1484375,0,0,GOOD,GOOD,True,0.17822265625
/kaggle/working/processed/0726c639-d744-400c-b79f-387243ae628a_000000026341.png,1,1.0,0.9995117,1,1,FAULTY,FAULTY,True,0.17822265625
/kaggle/working/processed/49f1c7ec-681b-4390-93ee-5918e7582105_000000017135.png,1,1.0,1.0,1,1,FAULTY,FAULTY,True,0.17822265625
/kaggle/working/processed/9b59e53d-aa22-4b09-92ac-67ff299a81db_000000018641.png,1,1.0,0.9394531,1,1,FAULTY,FAULTY,True,0.17822265625
/kaggle/working/processed/4e30ec6d-945e-4a6d-8f6a-9fa1c978cf37_000000004679.png,0,6.0,0.29077148,1,0,FAULTY,GOOD,False,0.17822265625
/kaggle/working/processed/1165518f-1005-48c9-8ca5-1152af815c33_000000011937.png,1,1.0,1.0,1,1,FAULTY,FAULTY,True,0.17822265625
/kaggle/working/processed/13147756-89c5-4e87-b64d-adff19b9c61c_000000024994.png,1,1.0,1.0,1,1,FAULTY,FAULTY,True,0.17822265625
/kaggle/working/processed/b6443015-abdb-4b8a-a9c8-2132a8ed2151_000000027653.png,1,1.0,0.35766602,1,1,FAULTY,FAULTY,True,0.17822265625
/kaggle/working/processed/1b33eb25-29e2-4c39-bcf8-d737e70cde41_000000014772.png,1,1.0,0.9863281,1,1,FAULTY,FAULTY,True,0.17822265625
/kaggle/working/processed/e24d3dce-fc3b-4743-8291-7bbf5023dee0_000000028920.png,0,1.0,0.09234619,0,0,GOOD,GOOD,True,0.17822265625
/kaggle/working/processed/cbb1e2a0-cdba-4af6-8cac-cca249640134_000000005934.png,0,1.0,0.17529297,0,0,GOOD,GOOD,True,0.17822265625
/kaggle/working/processed/2bbf704d-07d2-4a6a-8d68-89fa7073b973_000000013059.png,0,1.0,0.096191406,0,0,GOOD,GOOD,True,0.17822265625
/kaggle/working/processed/ec2f99d8-781d-4f35-8a81-9f176c0703aa_000000010048.png,0,1.0,0.19494629,1,0,FAULTY,GOOD,False,0.17822265625
/kaggle/working/processed/75a54a44-a28c-43a4-af5b-9a3b0a3e8cc6_000000001490.png,1,1.0,0.7265625,1,1,FAULTY,FAULTY,True,0.17822265625
/kaggle/working/processed/58a61c0a-406c-48c2-bae1-880892051314_000000021554.png,1,4.0,0.18920898,1,1,FAULTY,FAULTY,True,0.17822265625
/kaggle/working/processed/717eeabf-105d-4125-9a8f-0968162ba44b_000000007358.png,1,1.0,0.57958984,1,1,FAULTY,FAULTY,True,0.17822265625
/kaggle/working/processed/f7024cc3-b703-4660-9989-3e48aa61487f_000000020310.png,1,1.0,0.9970703,1,1,FAULTY,FAULTY,True,0.17822265625
/kaggle/working/processed/330eb201-19cc-41ee-9bb9-da30808277e6_000000015306.png,0,1.0,0.16186523,0,0,GOOD,GOOD,True,0.17822265625
/kaggle/working/processed/3e9e8d8c-97b9-4e16-8a5e-2162959582f6_000000005375.png,1,1.0,1.0,1,1,FAULTY,FAULTY,True,0.17822265625
/kaggle/working/processed/bdac81f3-3433-4fb8-9a7c-c1c06dc72e8b_000000013844.png,0,6.0,0.22741699,1,0,FAULTY,GOOD,False,0.17822265625
/kaggle/working/processed/3ccc644b-3fc3-4249-8d76-d056537e3a8c_000000020842.png,1,1.0,0.7001953,1,1,FAULTY,FAULTY,True,0.17822265625
/kaggle/working/processed/970dbb52-f67d-4291-8d95-bebc431809da_000000007194.png,1,1.0,1.0,1,1,FAULTY,FAULTY,True,0.17822265625
/kaggle/working/processed/fd4574b9-8cd5-4243-b7e0-ef1dd6528007_000000024516.png,0,1.0,0.050811768,0,0,GOOD,GOOD,True,0.17822265625
/kaggle/working/processed/c39008b1-6893-4124-942e-b9358243c518_000000012040.png,1,1.0,0.92285156,1,1,FAULTY,FAULTY,True,0.17822265625
/kaggle/working/processed/d041168c-2028-4cb6-868c-6d9dfc275d07_000000025762.png,0,6.0,0.15026855,0,0,GOOD,GOOD,True,0.17822265625
/kaggle/working/processed/443b8096-d6aa-4145-8ac9-6fce37b573b1_000000030562.png,1,1.0,0.52197266,1,1,FAULTY,FAULTY,True,0.17822265625
/kaggle/working/processed/49ab96f4-175b-4076-b260-645600f6f946_000000013525.png,1,1.0,1.0,1,1,FAULTY,FAULTY,True,0.17822265625
/kaggle/working/processed/35f840a1-a548-43c1-a9b9-42aa9bde2481_000000021468.png,0,1.0,0.0118255615,0,0,GOOD,GOOD,True,0.17822265625
/kaggle/working/processed/6e477425-5ddf-4b45-b755-ff1800f4fbfb_000000022622.png,0,6.0,0.40698242,1,0,FAULTY,GOOD,False,0.17822265625
/kaggle/working/processed/b245338a-b0a8-498f-bbd4-7f3eaf766e3d_000000001390.png,0,6.0,0.5595703,1,0,FAULTY,GOOD,False,0.17822265625
/kaggle/working/processed/09dadc2c-422c-4715-9ec0-caa8a043c66b_000000028820.png,1,1.0,0.99902344,1,1,FAULTY,FAULTY,True,0.17822265625
/kaggle/working/processed/dc1eadb1-100d-45ed-bc98-8df21c7594cd_000000019743.png,1,1.0,0.9995117,1,1,FAULTY,FAULTY,True,0.17822265625
/kaggle/working/processed/514ff46c-f9ae-477f-8bfe-724ea79bbe07_000000026959.png,1,1.0,1.0,1,1,FAULTY,FAULTY,True,0.17822265625
/kaggle/working/processed/686e9850-a79a-49ff-aaf1-906de08fb754_000000012395.png,1,1.0,0.99902344,1,1,FAULTY,FAULTY,True,0.17822265625
/kaggle/working/processed/400a54f6-3cc5-4061-944b-db95b4924ad4_000000035083.png,0,1.0,0.16723633,0,0,GOOD,GOOD,True,0.17822265625
/kaggle/working/processed/7f6f41d9-8cec-49b7-861e-d746e8c6ca8e_000000011686.png,1,1.0,0.9404297,1,1,FAULTY,FAULTY,True,0.17822265625
/kaggle/working/processed/50e05d04-5136-4c74-8f92-b4932ee240a4_000000014662.png,0,6.0,0.36523438,1,0,FAULTY,GOOD,False,0.17822265625
/kaggle/working/processed/acfd5a5a-4938-4b8d-91e4-0ec9c8f5cd17_000000001586.png,1,1.0,0.99609375,1,1,FAULTY,FAULTY,True,0.17822265625
/kaggle/working/processed/a36605e8-7c8f-40c5-855c-6ebe7782bcd8_000000034664.png,0,6.0,0.40771484,1,0,FAULTY,GOOD,False,0.17822265625
/kaggle/working/processed/cbc3251e-131c-46a8-9a84-b88601792adf_000000015740.png,0,1.0,0.025375366,0,0,GOOD,GOOD,True,0.17822265625
/kaggle/working/processed/2cc281b3-01a6-478e-b67a-d1335532770d_000000000181.png,1,1.0,1.0,1,1,FAULTY,FAULTY,True,0.17822265625
/kaggle/working/processed/2361a646-df22-4752-a279-c2b425e7a193_000000032813.png,0,6.0,0.38867188,1,0,FAULTY,GOOD,False,0.17822265625
/kaggle/working/processed/7896351a-3dd9-4a32-9977-3f1e03d6916a_000000002409.png,0,1.0,0.1171875,0,0,GOOD,GOOD,True,0.17822265625
/kaggle/working/processed/437af88f-be41-4997-9976-6d8f32af4b78_000000018193.png,0,1.0,0.13623047,0,0,GOOD,GOOD,True,0.17822265625
/kaggle/working/processed/32234365-ecb9-42e8-a06d-5a80e64fa6b6_000000008000.png,0,6.0,0.30029297,1,0,FAULTY,GOOD,False,0.17822265625
/kaggle/working/processed/7e9fe024-d918-4801-b4e1-59ca94c8892e_000000026229.png,1,1.0,0.5644531,1,1,FAULTY,FAULTY,True,0.17822265625
/kaggle/working/processed/9f744884-7f08-4a73-a989-a9d91cb19c49_000000011051.png,1,1.0,0.99853516,1,1,FAULTY,FAULTY,True,0.17822265625
/kaggle/working/processed/4a96defa-b1c7-456e-ab0c-b85fb5f4e462_000000030003.png,1,1.0,0.68066406,1,1,FAULTY,FAULTY,True,0.17822265625
/kaggle/working/processed/e8c8d915-37e7-4ab2-82d4-0a251603bed9_000000022087.png,1,4.0,0.20751953,1,1,FAULTY,FAULTY,True,0.17822265625
/kaggle/working/processed/a6cdb04a-2ae6-456a-bf65-bdef8e3156bc_000000027998.png,0,1.0,0.04345703,0,0,GOOD,GOOD,True,0.17822265625
/kaggle/working/processed/63325869-c7d9-436d-bffc-fe8dc8aafde5_000000028352.png,1,1.0,0.9995117,1,1,FAULTY,FAULTY,True,0.17822265625
/kaggle/working/processed/47b51984-a60a-48e9-9806-52d177cbd4b7_000000034339.png,1,1.0,0.95751953,1,1,FAULTY,FAULTY,True,0.17822265625
/kaggle/working/processed/37b4f910-de03-4d0c-b09e-bae5694e8fe3_000000001297.png,0,6.0,0.16027832,0,0,GOOD,GOOD,True,0.17822265625
/kaggle/working/processed/f13d0850-597c-47a0-8f81-edaefc8ca3bc_000000031955.png,1,1.0,0.9921875,1,1,FAULTY,FAULTY,True,0.17822265625
/kaggle/working/processed/f799e79e-b106-4381-8890-4cbfe7254c1b_000000019502.png,1,1.0,0.9995117,1,1,FAULTY,FAULTY,True,0.17822265625
/kaggle/working/processed/18085873-18c2-4622-9923-26c445468c2e_000000005313.png,0,6.0,0.48583984,1,0,FAULTY,GOOD,False,0.17822265625
/kaggle/working/processed/d82c32cf-ffd9-466f-9898-e7a68e7e7692_000000030779.png,0,6.0,0.55126953,1,0,FAULTY,GOOD,False,0.17822265625
/kaggle/working/processed/1daf8833-6b60-422d-bb22-1f5ff1b1da4c_000000003133.png,0,1.0,0.109313965,0,0,GOOD,GOOD,True,0.17822265625
/kaggle/working/processed/4e9cc82c-536d-4c43-8252-f48424b3af19_000000011334.png,1,1.0,0.9272461,1,1,FAULTY,FAULTY,True,0.17822265625
/kaggle/working/processed/78d199be-9114-4d0b-9f53-03e76e50ddc8_000000017619.png,0,6.0,0.7714844,1,0,FAULTY,GOOD,False,0.17822265625
/kaggle/working/processed/7eeaa2be-88b7-431a-9acc-38e107a53835_000000001710.png,1,1.0,0.9980469,1,1,FAULTY,FAULTY,True,0.17822265625
/kaggle/working/processed/00de455b-79d7-4918-bebf-08162951d94d_000000019465.png,0,1.0,0.10760498,0,0,GOOD,GOOD,True,0.17822265625
/kaggle/working/processed/927f80df-7d17-454f-b3ec-3eedc90edf97_000000016266.png,1,1.0,0.91064453,1,1,FAULTY,FAULTY,True,0.17822265625
/kaggle/working/processed/c34412de-a581-41b4-afde-96ec2196cbec_000000031052.png,1,1.0,1.0,1,1,FAULTY,FAULTY,True,0.17822265625
/kaggle/working/processed/064b56a3-4da4-4d4e-b5cb-652487e65b55_000000030709.png,1,1.0,0.9926758,1,1,FAULTY,FAULTY,True,0.17822265625
/kaggle/working/processed/49277ea5-e254-47e7-852e-59ea3973ff40_000000008904.png,0,6.0,0.15234375,0,0,GOOD,GOOD,True,0.17822265625
/kaggle/working/processed/87634f8a-7ab9-4beb-b54f-c56392afdc0e_000000015359.png,1,1.0,0.9970703,1,1,FAULTY,FAULTY,True,0.17822265625
/kaggle/working/processed/03a7fcb9-bd4e-4142-9dcf-57408f260160_000000004566.png,1,1.0,0.9819336,1,1,FAULTY,FAULTY,True,0.17822265625
/kaggle/working/processed/06aadb9d-1d93-47d3-afdd-10f3414b5c6a_000000016229.png,1,1.0,0.99902344,1,1,FAULTY,FAULTY,True,0.17822265625
/kaggle/working/processed/e90fca3c-8dbc-4a4e-bd1b-e90a0d5b93f8_000000003868.png,1,1.0,0.72998047,1,1,FAULTY,FAULTY,True,0.17822265625
/kaggle/working/processed/9500383d-e005-441f-bf1a-144f6dcdc1e2_000000021056.png,1,1.0,0.94677734,1,1,FAULTY,FAULTY,True,0.17822265625
/kaggle/working/processed/d6f53ba4-c1b1-4e9e-8910-ecec82de1ea6_000000017070.png,0,1.0,0.06744385,0,0,GOOD,GOOD,True,0.17822265625
/kaggle/working/processed/40250ecb-3247-493f-9bf7-c8c900eae307_000000004795.png,0,6.0,0.40576172,1,0,FAULTY,GOOD,False,0.17822265625
/kaggle/working/processed/903750b0-1f8c-40a2-a765-e7ca882ae2d2_000000032764.png,0,6.0,0.3395996,1,0,FAULTY,GOOD,False,0.17822265625
/kaggle/working/processed/8f986342-527f-4702-bebb-e482722dac7b_000000027403.png,1,1.0,0.99560547,1,1,FAULTY,FAULTY,True,0.17822265625
/kaggle/working/processed/95340867-d5c9-4215-87e5-b00ec116070c_000000012512.png,1,1.0,0.6928711,1,1,FAULTY,FAULTY,True,0.17822265625
/kaggle/working/processed/ccbf60c9-a406-46f6-99b9-fd3f2a74a1a1_000000013526.png,1,1.0,0.7182617,1,1,FAULTY,FAULTY,True,0.17822265625
/kaggle/working/processed/ac79ff3e-6fa5-47e2-85e8-55ab272fe6dd_000000030097.png,1,1.0,0.99902344,1,1,FAULTY,FAULTY,True,0.17822265625
/kaggle/working/processed/d64bcc8c-85f3-4fe0-bc37-ab83795190cc_000000018539.png,1,1.0,0.98876953,1,1,FAULTY,FAULTY,True,0.17822265625
/kaggle/working/processed/d6c7c332-dd4f-41b2-af78-92891b9a8955_000000013801.png,0,1.0,0.17590332,0,0,GOOD,GOOD,True,0.17822265625
/kaggle/working/processed/f31a0bef-5b87-46bb-a205-7b743f85f797_000000007749.png,1,1.0,0.67871094,1,1,FAULTY,FAULTY,True,0.17822265625
/kaggle/working/processed/0c0bb61f-0880-42a0-9200-ff88647a19a0_000000014982.png,0,6.0,0.16430664,0,0,GOOD,GOOD,True,0.17822265625
/kaggle/working/processed/d5353ac6-ecd6-4a92-a208-2466fb7e3261_000000010740.png,0,6.0,0.08178711,0,0,GOOD,GOOD,True,0.17822265625
/kaggle/working/processed/b84c9c40-52cc-46ee-b992-eb3e84ecd96c_000000004031.png,0,6.0,0.26879883,1,0,FAULTY,GOOD,False,0.17822265625
/kaggle/working/processed/e2c8eefa-d247-4efe-8b4b-bdd62c839ab5_000000001103.png,1,1.0,0.99609375,1,1,FAULTY,FAULTY,True,0.17822265625
/kaggle/working/processed/19801dbd-8be0-4936-85d7-408eac08e09e_000000028158.png,1,1.0,0.98876953,1,1,FAULTY,FAULTY,True,0.17822265625
/kaggle/working/processed/bf3c9779-9979-431d-8c40-7c8601a471e5_000000013952.png,0,1.0,0.113586426,0,0,GOOD,GOOD,True,0.17822265625
/kaggle/working/processed/f168ffc9-99f7-4a7a-ad8f-ae590c71afca_000000027391.png,0,6.0,0.15356445,0,0,GOOD,GOOD,True,0.17822265625
/kaggle/working/processed/5a3107c6-7d15-4223-8080-ecc94260683d_000000031529.png,1,1.0,0.6821289,1,1,FAULTY,FAULTY,True,0.17822265625
/kaggle/working/processed/77bef3cf-0fcd-4f8b-a5d7-e6ec6c342c6f_000000001608.png,0,6.0,0.38378906,1,0,FAULTY,GOOD,False,0.17822265625
/kaggle/working/processed/5740d181-1f4b-4d73-9784-509ab73575c5_000000002739.png,1,1.0,0.69628906,1,1,FAULTY,FAULTY,True,0.17822265625
/kaggle/working/processed/d201af47-c5a9-46e5-ae58-c44ec90ef57e_000000008923.png,0,6.0,0.5732422,1,0,FAULTY,GOOD,False,0.17822265625
/kaggle/working/processed/3556cff4-caa0-466b-9ea3-d702042f5f40_000000012848.png,0,1.0,0.016220093,0,0,GOOD,GOOD,True,0.17822265625
/kaggle/working/processed/899663bf-447c-487e-9980-2d4bd92c0fb0_000000031370.png,0,1.0,0.11065674,0,0,GOOD,GOOD,True,0.17822265625
/kaggle/working/processed/6ff23178-5dbd-4da9-8251-902bb6dbfb9c_000000018965.png,0,1.0,0.12854004,0,0,GOOD,GOOD,True,0.17822265625
/kaggle/working/processed/0eea2595-d4f7-4324-9b9d-c4accfc4f21b_000000027470.png,1,1.0,0.95654297,1,1,FAULTY,FAULTY,True,0.17822265625
/kaggle/working/processed/21ccaaed-48a7-4ceb-b538-b719b1253fe0_000000027204.png,0,1.0,0.17272949,0,0,GOOD,GOOD,True,0.17822265625
/kaggle/working/processed/dac9360a-aaa4-4189-9d67-b0b9aca2f680_000000029717.png,1,1.0,1.0,1,1,FAULTY,FAULTY,True,0.17822265625
/kaggle/working/processed/784d0238-bf7c-4d64-9faf-85d992da86a8_000000005203.png,1,1.0,0.9897461,1,1,FAULTY,FAULTY,True,0.17822265625
/kaggle/working/processed/c84f18dc-84b8-4970-9f13-24991c9a1e92_000000019919.png,0,1.0,0.07196045,0,0,GOOD,GOOD,True,0.17822265625
/kaggle/working/processed/5a64cdf1-90f7-4723-a67d-513090a2c4fa_000000034414.png,1,1.0,0.9897461,1,1,FAULTY,FAULTY,True,0.17822265625
/kaggle/working/processed/5843fb40-6b1d-464d-ac72-08f4dd28a5d0_000000006352.png,1,1.0,0.9916992,1,1,FAULTY,FAULTY,True,0.17822265625
/kaggle/working/processed/3f97bb97-3462-4ce5-86d1-1f19c2c12f05_000000024448.png,1,1.0,0.94873047,1,1,FAULTY,FAULTY,True,0.17822265625
/kaggle/working/processed/db6bb8b7-7eb2-486a-a95f-cf40747c8f39_000000009057.png,0,1.0,0.15942383,0,0,GOOD,GOOD,True,0.17822265625
/kaggle/working/processed/da9c6b7a-0797-4271-b6e7-1deaa3ee204a_000000020072.png,0,6.0,0.2331543,1,0,FAULTY,GOOD,False,0.17822265625
/kaggle/working/processed/1fa56e8b-b8c0-4af4-9dc0-0b61f0c8893b_000000001524.png,1,1.0,0.97558594,1,1,FAULTY,FAULTY,True,0.17822265625
/kaggle/working/processed/acc62185-a593-469d-9aea-c92b6076a6a4_000000016186.png,0,1.0,0.10284424,0,0,GOOD,GOOD,True,0.17822265625
/kaggle/working/processed/2bc10890-5acd-439d-a541-2f5233e0b81f_000000020476.png,1,1.0,0.9970703,1,1,FAULTY,FAULTY,True,0.17822265625
/kaggle/working/processed/ecd91702-a517-4e7b-b30c-8678a398f27f_000000015819.png,1,1.0,1.0,1,1,FAULTY,FAULTY,True,0.17822265625
/kaggle/working/processed/ac3f293c-bb09-4fc2-9499-cb2c722f094f_000000010798.png,1,1.0,1.0,1,1,FAULTY,FAULTY,True,0.17822265625
/kaggle/working/processed/0fe005ae-da9c-4b5b-9c17-0e83fb1a7422_000000007845.png,1,1.0,1.0,1,1,FAULTY,FAULTY,True,0.17822265625
/kaggle/working/processed/ec5b0612-841c-4f64-bafb-e74d0cacfc1d_000000020682.png,1,1.0,0.9926758,1,1,FAULTY,FAULTY,True,0.17822265625
/kaggle/working/processed/508a5010-8039-4d9c-926d-79ef25dbbe3f_000000023633.png,1,1.0,0.7548828,1,1,FAULTY,FAULTY,True,0.17822265625
/kaggle/working/processed/24b7dc63-ca7f-42aa-a5b6-b26d679f0a67_000000030842.png,0,1.0,0.10760498,0,0,GOOD,GOOD,True,0.17822265625
/kaggle/working/processed/9b75db71-5f4e-482d-bf0f-326dc132b990_000000027654.png,1,1.0,1.0,1,1,FAULTY,FAULTY,True,0.17822265625
/kaggle/working/processed/c7676e4a-8c2c-4cad-96e9-4743657d7e25_000000008438.png,0,6.0,0.11279297,0,0,GOOD,GOOD,True,0.17822265625
/kaggle/working/processed/41ec029e-25d1-4107-8445-4b1fec8409ed_000000031507.png,1,1.0,1.0,1,1,FAULTY,FAULTY,True,0.17822265625
/kaggle/working/processed/d3ff91e5-b855-418d-b268-7b4373c911b6_000000025710.png,0,6.0,0.1217041,0,0,GOOD,GOOD,True,0.17822265625
/kaggle/working/processed/1d275f8f-bb84-4647-9f10-df0efb460c4a_000000017005.png,1,1.0,0.9980469,1,1,FAULTY,FAULTY,True,0.17822265625
/kaggle/working/processed/32c486a0-623d-4ac5-ae22-adb97cd8b1fd_000000022489.png,1,1.0,0.8569336,1,1,FAULTY,FAULTY,True,0.17822265625
/kaggle/working/processed/2c8206c6-616e-4e1a-a6e3-896f3d8a4d85_000000021452.png,0,1.0,0.066589355,0,0,GOOD,GOOD,True,0.17822265625
/kaggle/working/processed/59fa8468-4552-4204-b6e1-1241c669d760_000000006993.png,1,1.0,1.0,1,1,FAULTY,FAULTY,True,0.17822265625
/kaggle/working/processed/d151e0cb-e0f3-4057-8533-ee72a89fd8bf_000000024434.png,1,1.0,0.97802734,1,1,FAULTY,FAULTY,True,0.17822265625
/kaggle/working/processed/e8dab934-a5ee-4d19-a774-83f062922e7d_000000009782.png,1,1.0,0.9770508,1,1,FAULTY,FAULTY,True,0.17822265625
/kaggle/working/processed/199678a3-a5af-4370-b0a2-a64c0502c3ef_000000028433.png,0,1.0,0.12420654,0,0,GOOD,GOOD,True,0.17822265625
/kaggle/working/processed/47dc33a2-da12-45e6-a3f9-7e4e20a557bd_000000009806.png,0,6.0,0.45825195,1,0,FAULTY,GOOD,False,0.17822265625
/kaggle/working/processed/9a4a0c6c-4e26-4aba-8d59-f6dfe609fb21_000000000004.png,1,1.0,0.92529297,1,1,FAULTY,FAULTY,True,0.17822265625
/kaggle/working/processed/c679d2ad-00a0-4982-b573-a23cb01ffc1a_000000032213.png,1,1.0,1.0,1,1,FAULTY,FAULTY,True,0.17822265625
/kaggle/working/processed/0b56fa9a-1999-4f17-aa2f-2453dc8e5e5c_000000024595.png,0,6.0,0.3864746,1,0,FAULTY,GOOD,False,0.17822265625
/kaggle/working/processed/0e91aad3-4f70-4843-a97b-bc90780d718e_000000014425.png,0,1.0,0.08312988,0,0,GOOD,GOOD,True,0.17822265625
/kaggle/working/processed/3e4e3862-eb0d-4939-b8bb-d7dc96254693_000000000714.png,1,1.0,0.9033203,1,1,FAULTY,FAULTY,True,0.17822265625
/kaggle/working/processed/eb8bc21a-f957-476e-aaad-5d65d34dbfc8_000000033149.png,1,1.0,0.98535156,1,1,FAULTY,FAULTY,True,0.17822265625
/kaggle/working/processed/802abe20-7f40-4aff-a5b8-9cb39e39d47d_000000015700.png,0,1.0,0.105773926,0,0,GOOD,GOOD,True,0.17822265625
/kaggle/working/processed/89ded440-09fb-4d29-a209-4ce2d65f827a_000000010066.png,0,1.0,0.19934082,1,0,FAULTY,GOOD,False,0.17822265625
/kaggle/working/processed/b23d2fd3-494e-43ce-8ded-85fe2dbb492b_000000028029.png,0,1.0,0.18823242,1,0,FAULTY,GOOD,False,0.17822265625
/kaggle/working/processed/3cd4ec8f-64ee-4253-923d-0a14eae50730_000000031115.png,1,1.0,0.99560547,1,1,FAULTY,FAULTY,True,0.17822265625
/kaggle/working/processed/3e780a7c-da59-4475-84f3-43098bf57dc4_000000008361.png,0,1.0,0.052520752,0,0,GOOD,GOOD,True,0.17822265625
/kaggle/working/processed/6d0ccf57-3931-4974-beb5-49c7928cbbdd_000000032760.png,0,1.0,0.07476807,0,0,GOOD,GOOD,True,0.17822265625
/kaggle/working/processed/a159fc5d-fee3-45f7-a51a-f90b62d57fe5_000000018180.png,1,1.0,0.70166016,1,1,FAULTY,FAULTY,True,0.17822265625
/kaggle/working/processed/89d4306e-41e4-497e-8bd6-43685a0f7d41_000000004314.png,1,1.0,0.98339844,1,1,FAULTY,FAULTY,True,0.17822265625
/kaggle/working/processed/7a538bd0-a5ed-4e38-a5d9-f130c077e082_000000018293.png,0,1.0,0.14257812,0,0,GOOD,GOOD,True,0.17822265625
/kaggle/working/processed/4f584b6e-1d02-4782-b5cc-35e8074a00da_000000029827.png,1,1.0,0.99609375,1,1,FAULTY,FAULTY,True,0.17822265625
/kaggle/working/processed/1fbdc6fe-8dea-46a2-9ba5-4ee4fa9141c8_000000027874.png,1,1.0,0.78759766,1,1,FAULTY,FAULTY,True,0.17822265625
/kaggle/working/processed/edb63304-cfa3-4488-8c2f-dc3e2a8b5f67_000000002552.png,1,1.0,1.0,1,1,FAULTY,FAULTY,True,0.17822265625
/kaggle/working/processed/8d5eefa2-f9db-4b1f-a159-b645e11fcb96_000000012424.png,1,1.0,1.0,1,1,FAULTY,FAULTY,True,0.17822265625
/kaggle/working/processed/c643c022-fd0e-43cd-8053-2216afbfc3c6_000000022006.png,0,6.0,0.6381836,1,0,FAULTY,GOOD,False,0.17822265625
/kaggle/working/processed/59814132-41f3-480d-bc0a-cb12ed15a32a_000000002688.png,1,1.0,0.99853516,1,1,FAULTY,FAULTY,True,0.17822265625
/kaggle/working/processed/9b298a6b-9f16-4b27-a594-6a439a892468_000000033332.png,0,6.0,0.63183594,1,0,FAULTY,GOOD,False,0.17822265625
/kaggle/working/processed/432e3f21-ba36-4ed1-9671-9401372df00a_000000001292.png,0,1.0,0.055725098,0,0,GOOD,GOOD,True,0.17822265625
/kaggle/working/processed/ae4d24de-59d4-421e-96d7-1a254e44fd22_000000015686.png,1,1.0,1.0,1,1,FAULTY,FAULTY,True,0.17822265625
/kaggle/working/processed/4a5dfd49-d769-4e71-b55c-e15dd74fed2a_000000002853.png,0,6.0,0.38085938,1,0,FAULTY,GOOD,False,0.17822265625
/kaggle/working/processed/0c6e4f71-be12-4b02-b7f0-2cbd83a14c31_000000016564.png,0,6.0,0.1505127,0,0,GOOD,GOOD,True,0.17822265625
/kaggle/working/processed/7c71ffac-1082-4ced-b2b0-6531bec72d74_000000006421.png,0,1.0,0.092041016,0,0,GOOD,GOOD,True,0.17822265625
/kaggle/working/processed/2c439a06-e1d0-42eb-ac63-6340486ec5df_000000024390.png,0,6.0,0.2758789,1,0,FAULTY,GOOD,False,0.17822265625
/kaggle/working/processed/939f2f84-1bff-4c2a-93b7-ac9b82d2366d_000000034598.png,0,6.0,0.296875,1,0,FAULTY,GOOD,False,0.17822265625
/kaggle/working/processed/bcf5f32c-ff35-4a64-9c2e-7dc5b31f62b9_000000026242.png,1,1.0,1.0,1,1,FAULTY,FAULTY,True,0.17822265625
/kaggle/working/processed/9c7995ae-c608-4842-a1d5-f2cf2ba1476d_000000014578.png,0,6.0,0.10467529,0,0,GOOD,GOOD,True,0.17822265625
/kaggle/working/processed/2ea76537-b61d-4854-955f-b8e79eae1653_000000035263.png,0,1.0,0.07611084,0,0,GOOD,GOOD,True,0.17822265625
/kaggle/working/processed/a86e68c1-17bc-4b93-80f8-1749d81e2b45_000000011987.png,1,1.0,0.2956543,1,1,FAULTY,FAULTY,True,0.17822265625
/kaggle/working/processed/e85d2663-9a46-46a3-975c-73551a552d89_000000031158.png,0,1.0,0.17285156,0,0,GOOD,GOOD,True,0.17822265625
/kaggle/working/processed/c1e96892-a790-41d9-bc03-5f75b7ef1b9b_000000021394.png,0,1.0,0.05987549,0,0,GOOD,GOOD,True,0.17822265625
/kaggle/working/processed/c97ba933-ca2d-4080-9481-1d31a96c3898_000000007707.png,1,1.0,0.98535156,1,1,FAULTY,FAULTY,True,0.17822265625
/kaggle/working/processed/da4cce09-fb57-4b35-a3ad-a4b5ed63e013_000000001876.png,1,1.0,0.9355469,1,1,FAULTY,FAULTY,True,0.17822265625
/kaggle/working/processed/ed00dd37-bb28-46f0-89b8-2a4228ebcbd3_000000019113.png,1,1.0,0.9941406,1,1,FAULTY,FAULTY,True,0.17822265625
/kaggle/working/processed/03da9429-2f1e-4e35-867f-2c894f5ccf32_000000007565.png,0,1.0,0.08770752,0,0,GOOD,GOOD,True,0.17822265625
/kaggle/working/processed/fc4707cd-1666-4b95-a779-739114c8721e_000000019195.png,1,1.0,0.9921875,1,1,FAULTY,FAULTY,True,0.17822265625
/kaggle/working/processed/8e5bdf47-2015-4bf5-8086-0358434f8ea4_000000018223.png,1,1.0,1.0,1,1,FAULTY,FAULTY,True,0.17822265625
/kaggle/working/processed/7cf4bbdb-f684-44c2-b420-24a1827c7808_000000015829.png,0,1.0,0.16992188,0,0,GOOD,GOOD,True,0.17822265625
/kaggle/working/processed/e6962170-6d3f-4d28-99a7-c5ae7cab7360_000000033425.png,0,6.0,0.15893555,0,0,GOOD,GOOD,True,0.17822265625
/kaggle/working/processed/4809b79f-4f8c-4d74-a20c-873c8897d048_000000020101.png,1,1.0,0.8881836,1,1,FAULTY,FAULTY,True,0.17822265625
/kaggle/working/processed/ab14b3c7-ef30-4759-8731-b6de5733b42c_000000019198.png,0,6.0,0.36254883,1,0,FAULTY,GOOD,False,0.17822265625
/kaggle/working/processed/faf559c3-a298-4e53-a396-beef4d2bb046_000000032802.png,1,1.0,0.96533203,1,1,FAULTY,FAULTY,True,0.17822265625
/kaggle/working/processed/d9b0a5ad-37d5-42f6-bd4f-317cbcb6f3b7_000000023643.png,0,1.0,0.14575195,0,0,GOOD,GOOD,True,0.17822265625
/kaggle/working/processed/718324a3-398b-41ae-a530-0867f42bbd4b_000000002889.png,1,1.0,0.96435547,1,1,FAULTY,FAULTY,True,0.17822265625
/kaggle/working/processed/f6eb3b00-ffd7-4446-b0eb-96c3786f610a_000000010239.png,0,1.0,0.2130127,1,0,FAULTY,GOOD,False,0.17822265625
/kaggle/working/processed/b9a98472-1136-4880-91ef-f8632fa61ad0_000000008800.png,1,1.0,0.9921875,1,1,FAULTY,FAULTY,True,0.17822265625
/kaggle/working/processed/edddb7ed-cd30-47df-a643-ae7651993951_000000005230.png,0,1.0,0.13220215,0,0,GOOD,GOOD,True,0.17822265625
/kaggle/working/processed/2b2935ab-4503-462e-8222-8996023bf6ac_000000004840.png,1,1.0,0.9794922,1,1,FAULTY,FAULTY,True,0.17822265625
/kaggle/working/processed/211b5434-cddb-447c-9fae-84c2e8e3fa91_000000023390.png,0,6.0,0.33129883,1,0,FAULTY,GOOD,False,0.17822265625
/kaggle/working/processed/f1b442ee-9ff7-4890-93c5-a648f1848d49_000000001777.png,0,6.0,0.48950195,1,0,FAULTY,GOOD,False,0.17822265625
/kaggle/working/processed/49bf20c4-f485-495c-8172-fc61cb8389f5_000000016091.png,1,1.0,0.9736328,1,1,FAULTY,FAULTY,True,0.17822265625
/kaggle/working/processed/79ac77e0-ac55-4b7c-81b7-f61ac0e6e2c2_000000026785.png,0,6.0,0.34814453,1,0,FAULTY,GOOD,False,0.17822265625
/kaggle/working/processed/9f9ca505-2403-48d2-9fdd-6f1d19e163d5_000000009662.png,1,1.0,0.97998047,1,1,FAULTY,FAULTY,True,0.17822265625
/kaggle/working/processed/d8daf648-1c7b-4db0-9eee-570077d56081_000000029963.png,1,1.0,0.9501953,1,1,FAULTY,FAULTY,True,0.17822265625
/kaggle/working/processed/6dfcc35e-c71c-45c8-9066-fcab4d482764_000000023268.png,1,1.0,1.0,1,1,FAULTY,FAULTY,True,0.17822265625
/kaggle/working/processed/902a2a9e-61a1-4d3a-884e-416f11837ecc_000000033766.png,1,1.0,1.0,1,1,FAULTY,FAULTY,True,0.17822265625
/kaggle/working/processed/40f88141-3b58-4c07-9d57-e52efe393045_000000008218.png,1,1.0,0.9970703,1,1,FAULTY,FAULTY,True,0.17822265625
/kaggle/working/processed/df676969-78c7-457d-8b1a-261ebf8b744a_000000003461.png,1,1.0,0.98095703,1,1,FAULTY,FAULTY,True,0.17822265625
/kaggle/working/processed/6dbf675b-386a-49bd-83f5-7aeda41027a6_000000006043.png,1,1.0,0.93310547,1,1,FAULTY,FAULTY,True,0.17822265625
/kaggle/working/processed/1f8305fe-57f8-49e6-9f3e-d1ea93d6cee3_000000009038.png,0,6.0,0.16821289,0,0,GOOD,GOOD,True,0.17822265625
/kaggle/working/processed/18f9e98e-f021-4e7b-a198-8b628c090668_000000005538.png,1,1.0,1.0,1,1,FAULTY,FAULTY,True,0.17822265625
/kaggle/working/processed/f68f5800-794a-4d15-8c1c-23bdfe1b2b6b_000000010074.png,1,1.0,0.74121094,1,1,FAULTY,FAULTY,True,0.17822265625
/kaggle/working/processed/4edd37d0-48f9-44e9-869c-f2cafc0c04f6_000000016603.png,1,1.0,0.9248047,1,1,FAULTY,FAULTY,True,0.17822265625
/kaggle/working/processed/abc2bef7-1961-48d3-85c9-5aee8b40166f_000000025086.png,1,1.0,0.5786133,1,1,FAULTY,FAULTY,True,0.17822265625
/kaggle/working/processed/2807a22f-e000-4dec-92ca-c2463c678508_000000025617.png,1,1.0,1.0,1,1,FAULTY,FAULTY,True,0.17822265625
/kaggle/working/processed/efe20301-77ba-4b38-bd35-dc4a2f29b139_000000032527.png,1,1.0,0.48950195,1,1,FAULTY,FAULTY,True,0.17822265625
/kaggle/working/processed/0b6477b4-5e11-4b86-892c-ec1651a02700_000000006368.png,1,1.0,0.9814453,1,1,FAULTY,FAULTY,True,0.17822265625
/kaggle/working/processed/a569cf99-84bc-45d7-852d-cd523fe05ad8_000000027948.png,1,1.0,0.53027344,1,1,FAULTY,FAULTY,True,0.17822265625
/kaggle/working/processed/50acf9df-12fe-4a5b-b32d-3aa25342aa7d_000000021465.png,0,6.0,0.16052246,0,0,GOOD,GOOD,True,0.17822265625
/kaggle/working/processed/4bf4761a-8104-45e1-8938-0f040af97680_000000014625.png,1,1.0,0.99316406,1,1,FAULTY,FAULTY,True,0.17822265625
/kaggle/working/processed/1db156ba-89b3-4638-a467-6aff29e6eade_000000020080.png,1,1.0,0.47998047,1,1,FAULTY,FAULTY,True,0.17822265625
/kaggle/working/processed/75616d1a-82de-4291-af11-d248aaf62437_000000016888.png,1,1.0,0.9995117,1,1,FAULTY,FAULTY,True,0.17822265625
/kaggle/working/processed/9011a83d-df54-4a34-a96a-fc20be8da71e_000000022842.png,1,1.0,0.5541992,1,1,FAULTY,FAULTY,True,0.17822265625
/kaggle/working/processed/d44117d2-967b-4e7d-85a6-e01d704ceeef_000000002055.png,1,1.0,1.0,1,1,FAULTY,FAULTY,True,0.17822265625
/kaggle/working/processed/6030caeb-b400-4e2e-805e-c6a0ba103344_000000029634.png,0,1.0,0.11376953,0,0,GOOD,GOOD,True,0.17822265625
/kaggle/working/processed/4366ac6a-9ee0-40a1-86aa-fbf98bd143d4_000000017022.png,1,1.0,0.89697266,1,1,FAULTY,FAULTY,True,0.17822265625
/kaggle/working/processed/2d7d5ab8-70a6-4759-b5c3-50f8c111b75a_000000017564.png,1,1.0,0.66796875,1,1,FAULTY,FAULTY,True,0.17822265625
/kaggle/working/processed/4bf26171-9921-4106-84b1-af1c8ef4f24a_000000000049.png,0,1.0,0.076660156,0,0,GOOD,GOOD,True,0.17822265625
/kaggle/working/processed/34c50862-802e-4607-b436-eb6209b82b75_000000001873.png,0,1.0,0.11755371,0,0,GOOD,GOOD,True,0.17822265625
/kaggle/working/processed/27b0689f-6779-419b-a596-1bae2c05a102_000000022001.png,1,1.0,0.5498047,1,1,FAULTY,FAULTY,True,0.17822265625
/kaggle/working/processed/618eaff8-89b6-4e24-9e27-56c7d3eed593_000000006199.png,0,1.0,0.08569336,0,0,GOOD,GOOD,True,0.17822265625
/kaggle/working/processed/dfbb30dc-e8f7-4f60-addb-3fbcc3f6b6c6_000000024582.png,0,1.0,0.11553955,0,0,GOOD,GOOD,True,0.17822265625
/kaggle/working/processed/7f4fc5fe-6d9c-4ffc-ba77-6d5f2302d876_000000012698.png,1,1.0,0.9995117,1,1,FAULTY,FAULTY,True,0.17822265625
/kaggle/working/processed/67ff38ce-da0e-4834-982a-0c139a774e2b_000000012845.png,0,1.0,0.16503906,0,0,GOOD,GOOD,True,0.17822265625
/kaggle/working/processed/94a5e756-2465-436f-a6f3-52d913f5e842_000000030501.png,0,1.0,0.15466309,0,0,GOOD,GOOD,True,0.17822265625
/kaggle/working/processed/33b675a0-192d-467b-972d-052400f37bc6_000000018486.png,0,1.0,0.13146973,0,0,GOOD,GOOD,True,0.17822265625
/kaggle/working/processed/6588ba73-bed5-41b7-ba9a-ae2e3526f5e3_000000022236.png,1,1.0,0.9995117,1,1,FAULTY,FAULTY,True,0.17822265625
/kaggle/working/processed/4823a497-62a8-41d7-b9be-fa0e9116ec6b_000000007776.png,0,6.0,0.19226074,1,0,FAULTY,GOOD,False,0.17822265625
/kaggle/working/processed/708e678e-4ea1-452e-b555-ad7081f13268_000000004896.png,1,1.0,0.99853516,1,1,FAULTY,FAULTY,True,0.17822265625
/kaggle/working/processed/6a8acaa0-6413-45fb-b8be-befea803d3f0_000000002914.png,0,6.0,0.3322754,1,0,FAULTY,GOOD,False,0.17822265625
/kaggle/working/processed/ca8d9cdd-167a-4e3d-9470-064278c1fdbc_000000026122.png,1,1.0,0.9580078,1,1,FAULTY,FAULTY,True,0.17822265625
/kaggle/working/processed/ba545d2f-4b44-419a-bef9-29809e26e501_000000025590.png,1,1.0,1.0,1,1,FAULTY,FAULTY,True,0.17822265625
/kaggle/working/processed/d71495b2-3223-466d-bada-08e86ebac9e2_000000010479.png,1,1.0,1.0,1,1,FAULTY,FAULTY,True,0.17822265625
/kaggle/working/processed/59418fdf-996c-4907-bbf8-9c58b3b3b076_000000019533.png,1,1.0,0.9975586,1,1,FAULTY,FAULTY,True,0.17822265625
/kaggle/working/processed/d3600b89-efef-428c-a587-a386cdd1aaf8_000000014071.png,0,1.0,0.056030273,0,0,GOOD,GOOD,True,0.17822265625
/kaggle/working/processed/e9ab9fcf-cb83-4749-9b58-590a36364c7a_000000023346.png,1,1.0,0.99609375,1,1,FAULTY,FAULTY,True,0.17822265625
/kaggle/working/processed/0891061f-86aa-425c-ab91-cbf86195a713_000000024685.png,0,1.0,0.13891602,0,0,GOOD,GOOD,True,0.17822265625
/kaggle/working/processed/51de8064-60d2-42b4-9d1a-7fc693c5c763_000000031999.png,1,1.0,0.99609375,1,1,FAULTY,FAULTY,True,0.17822265625
/kaggle/working/processed/f193208e-7bf8-4167-8859-aa284ffc6d98_000000034651.png,1,1.0,0.5180664,1,1,FAULTY,FAULTY,True,0.17822265625
/kaggle/working/processed/c156a453-923d-4618-b734-9f22e39f4410_000000017001.png,1,1.0,0.99902344,1,1,FAULTY,FAULTY,True,0.17822265625
/kaggle/working/processed/2c2d9768-2454-4d6d-b19e-9f2b71764f5d_000000004237.png,1,1.0,0.9975586,1,1,FAULTY,FAULTY,True,0.17822265625
/kaggle/working/processed/99a0ac3e-5636-4413-a3cc-0f293c098f86_000000029697.png,1,1.0,0.8774414,1,1,FAULTY,FAULTY,True,0.17822265625
/kaggle/working/processed/fe552533-82a8-415a-abaa-da458d0b1f29_000000004770.png,1,1.0,0.99902344,1,1,FAULTY,FAULTY,True,0.17822265625
/kaggle/working/processed/1662b327-498d-4849-b4cb-a312524b952a_000000019657.png,1,1.0,0.9111328,1,1,FAULTY,FAULTY,True,0.17822265625
/kaggle/working/processed/daa1bd9e-d828-48e7-878a-26ef369acd4d_000000017122.png,0,1.0,0.15917969,0,0,GOOD,GOOD,True,0.17822265625
/kaggle/working/processed/64f60f9e-6ffb-4f0a-beb4-22088134efd1_000000025627.png,0,1.0,0.0960083,0,0,GOOD,GOOD,True,0.17822265625
/kaggle/working/processed/5b625b58-b03e-42f0-85a5-165104136125_000000018181.png,1,1.0,1.0,1,1,FAULTY,FAULTY,True,0.17822265625
/kaggle/working/processed/db8f6cb1-77a9-4b01-9c36-d8cbe679a13d_000000020613.png,1,1.0,0.9995117,1,1,FAULTY,FAULTY,True,0.17822265625
/kaggle/working/processed/e17a4b47-fdad-45a3-8472-b3c4afbe6a9c_000000026835.png,1,1.0,0.91308594,1,1,FAULTY,FAULTY,True,0.17822265625
/kaggle/working/processed/29f02930-31d5-4b8e-9e3a-41af0a93e195_000000013481.png,1,1.0,1.0,1,1,FAULTY,FAULTY,True,0.17822265625
/kaggle/working/processed/f5243b63-d4c7-4f51-a501-5702b51169ae_000000027658.png,0,1.0,0.1583252,0,0,GOOD,GOOD,True,0.17822265625
/kaggle/working/processed/29bd62fb-7bba-4f5b-9854-2952fe80b42f_000000022345.png,1,1.0,0.83203125,1,1,FAULTY,FAULTY,True,0.17822265625
/kaggle/working/processed/56b6d3b3-aae5-4bac-8893-4f057eceafab_000000018111.png,1,1.0,0.9980469,1,1,FAULTY,FAULTY,True,0.17822265625
/kaggle/working/processed/2f79bea8-ebce-40e4-be1b-1b9861179c27_000000032445.png,0,1.0,0.1005249,0,0,GOOD,GOOD,True,0.17822265625
/kaggle/working/processed/f090291a-a66e-4bb4-af18-0918ad96173b_000000004624.png,1,1.0,0.98535156,1,1,FAULTY,FAULTY,True,0.17822265625
/kaggle/working/processed/88df19a0-deb2-4c73-9505-d2ab08eedcd1_000000011379.png,1,1.0,0.9970703,1,1,FAULTY,FAULTY,True,0.17822265625
/kaggle/working/processed/d4e6f73b-87b4-4b6e-b211-ed0746548644_000000001132.png,1,1.0,0.5761719,1,1,FAULTY,FAULTY,True,0.17822265625
/kaggle/working/processed/a142e253-c525-48ee-bc47-7fad103c3702_000000026309.png,0,1.0,0.08300781,0,0,GOOD,GOOD,True,0.17822265625
/kaggle/working/processed/3bd0779e-3042-4a6d-998b-adff7f266e57_000000012426.png,1,1.0,0.77197266,1,1,FAULTY,FAULTY,True,0.17822265625
/kaggle/working/processed/7ffd6bac-b915-4df3-8b2e-2ba6e563aca3_000000032923.png,1,1.0,1.0,1,1,FAULTY,FAULTY,True,0.17822265625
/kaggle/working/processed/951039d5-259f-4847-be9a-fdb3b3b9c802_000000005740.png,1,1.0,0.98779297,1,1,FAULTY,FAULTY,True,0.17822265625
/kaggle/working/processed/539e3b3a-44da-44bd-b048-c0b80a599124_000000028630.png,1,1.0,0.89453125,1,1,FAULTY,FAULTY,True,0.17822265625
/kaggle/working/processed/d7244745-527f-4bba-b744-91db44f60682_000000012993.png,1,1.0,0.9995117,1,1,FAULTY,FAULTY,True,0.17822265625
/kaggle/working/processed/049ded7a-ee23-49f1-922d-5e1e748f18fa_000000023675.png,0,1.0,0.1005249,0,0,GOOD,GOOD,True,0.17822265625
/kaggle/working/processed/188ecde0-e21f-475e-a260-ef59bf7bc1f1_000000018709.png,1,1.0,0.9868164,1,1,FAULTY,FAULTY,True,0.17822265625
/kaggle/working/processed/a333eae4-954d-4dac-86fc-5726c7a86828_000000029684.png,0,1.0,0.054901123,0,0,GOOD,GOOD,True,0.17822265625
/kaggle/working/processed/2118f14e-c6bf-4617-8e84-85d55dad0faa_000000008806.png,0,6.0,0.41479492,1,0,FAULTY,GOOD,False,0.17822265625
/kaggle/working/processed/f57d8b54-236a-47a7-ac1e-bd1b57b12927_000000030850.png,1,1.0,0.7836914,1,1,FAULTY,FAULTY,True,0.17822265625
/kaggle/working/processed/5f27b459-0479-4cf2-8a38-246ff8e9fcad_000000016744.png,0,1.0,0.07171631,0,0,GOOD,GOOD,True,0.17822265625
/kaggle/working/processed/5a8d1adc-152e-46b2-bdd2-a318d05158a1_000000015142.png,1,1.0,1.0,1,1,FAULTY,FAULTY,True,0.17822265625
/kaggle/working/processed/5a11b226-056c-4479-927a-688e0cd20634_000000029887.png,1,1.0,1.0,1,1,FAULTY,FAULTY,True,0.17822265625
/kaggle/working/processed/9914b7e0-894c-48ac-ba90-a4c613b4a661_000000000279.png,1,1.0,1.0,1,1,FAULTY,FAULTY,True,0.17822265625
/kaggle/working/processed/bbca1d5c-e80b-4a29-9392-b56da5ff5966_000000029527.png,0,1.0,0.08526611,0,0,GOOD,GOOD,True,0.17822265625
/kaggle/working/processed/cafe6190-d62d-4c98-bb4f-d59db7a93e39_000000032252.png,1,1.0,0.9980469,1,1,FAULTY,FAULTY,True,0.17822265625
/kaggle/working/processed/ffc0a880-2854-44e8-bdb2-66d14aa6cfd2_000000010525.png,1,1.0,1.0,1,1,FAULTY,FAULTY,True,0.17822265625
/kaggle/working/processed/f5b099fe-dafe-4b82-b0e4-29d6da4cb8de_000000033809.png,1,1.0,0.98095703,1,1,FAULTY,FAULTY,True,0.17822265625
/kaggle/working/processed/ffbf4e8e-54fa-4568-8425-ea147ac6480d_000000017488.png,0,1.0,0.09301758,0,0,GOOD,GOOD,True,0.17822265625
/kaggle/working/processed/276472d1-994d-4b0b-a2cb-df6dcb66cecd_000000029556.png,1,1.0,0.29296875,1,1,FAULTY,FAULTY,True,0.17822265625
/kaggle/working/processed/83a49f1f-c6c7-4aa6-9cec-c78097cef466_000000034044.png,1,1.0,1.0,1,1,FAULTY,FAULTY,True,0.17822265625
/kaggle/working/processed/8b45be30-9555-4a55-baa2-c3c76917f9b7_000000004392.png,1,1.0,1.0,1,1,FAULTY,FAULTY,True,0.17822265625
/kaggle/working/processed/6b83c29d-8852-4f4d-a23b-8fc6d4cc8e13_000000004802.png,1,1.0,0.9277344,1,1,FAULTY,FAULTY,True,0.17822265625
/kaggle/working/processed/ab7aac86-4b92-4b7a-b3a3-2184375108cc_000000027127.png,0,1.0,0.047088623,0,0,GOOD,GOOD,True,0.17822265625
/kaggle/working/processed/46ba4791-dead-433b-9450-eb20ea26d766_000000013039.png,1,1.0,0.87890625,1,1,FAULTY,FAULTY,True,0.17822265625
/kaggle/working/processed/1482cc81-9f67-4038-a90a-6957a3091036_000000034631.png,1,1.0,1.0,1,1,FAULTY,FAULTY,True,0.17822265625
/kaggle/working/processed/1a76fca8-ef38-48df-b98c-822328f80b9d_000000003871.png,1,1.0,0.69921875,1,1,FAULTY,FAULTY,True,0.17822265625
/kaggle/working/processed/ef65c4f6-1a1a-4b6e-acc5-a528e4c284a5_000000003647.png,1,1.0,0.9951172,1,1,FAULTY,FAULTY,True,0.17822265625
/kaggle/working/processed/3c1bf8a0-68f3-4b9c-a1da-0b6a5fcbabef_000000015904.png,0,1.0,0.053710938,0,0,GOOD,GOOD,True,0.17822265625
/kaggle/working/processed/23d0f6bd-9ee5-4d56-9852-d89297eb335a_000000011265.png,1,1.0,1.0,1,1,FAULTY,FAULTY,True,0.17822265625
/kaggle/working/processed/688435a5-9707-4041-bee8-e773c3b6effd_000000004605.png,1,1.0,0.9916992,1,1,FAULTY,FAULTY,True,0.17822265625
/kaggle/working/processed/64b463b9-ca18-4b61-a03c-0d8ed7770374_000000008205.png,1,1.0,1.0,1,1,FAULTY,FAULTY,True,0.17822265625
/kaggle/working/processed/2cfb4583-41f0-46b7-a71b-ae8bf3456b64_000000029429.png,1,1.0,1.0,1,1,FAULTY,FAULTY,True,0.17822265625
/kaggle/working/processed/7d3b05b2-aacf-42af-93d6-c4bcc329919f_000000015433.png,1,1.0,1.0,1,1,FAULTY,FAULTY,True,0.17822265625
/kaggle/working/processed/d4c871ae-27f3-420d-a611-fa02085ad3cc_000000020607.png,0,6.0,0.76953125,1,0,FAULTY,GOOD,False,0.17822265625
/kaggle/working/processed/d0ffd349-9d53-43a8-afbb-b4e98ac953e9_000000025241.png,0,6.0,0.33935547,1,0,FAULTY,GOOD,False,0.17822265625
/kaggle/working/processed/2263221a-b3b0-429d-b280-6a16b8d6c470_000000026997.png,0,6.0,0.093322754,0,0,GOOD,GOOD,True,0.17822265625
/kaggle/working/processed/12733f90-b5cc-4d76-bff2-1c65e3f17300_000000008532.png,1,1.0,0.9741211,1,1,FAULTY,FAULTY,True,0.17822265625
/kaggle/working/processed/f36cc525-0cbf-476a-8823-0637586d7c0c_000000033467.png,1,1.0,0.99658203,1,1,FAULTY,FAULTY,True,0.17822265625
/kaggle/working/processed/aed83f28-5dec-43c6-9358-54ec8f410e3d_000000013003.png,1,1.0,0.21862793,1,1,FAULTY,FAULTY,True,0.17822265625
/kaggle/working/processed/b254c302-8a45-4bab-a1f6-bcdd7418deb5_000000016159.png,1,1.0,0.9995117,1,1,FAULTY,FAULTY,True,0.17822265625
/kaggle/working/processed/1e5e7cad-5a7e-41fd-9ab2-1b2ed6aa77e1_000000008411.png,0,1.0,0.13220215,0,0,GOOD,GOOD,True,0.17822265625
/kaggle/working/processed/7b1da64b-8d94-497d-b21f-1d1d07ec90e5_000000018389.png,1,1.0,0.99902344,1,1,FAULTY,FAULTY,True,0.17822265625
/kaggle/working/processed/9d708bfe-2b7c-4e64-a2e8-d35ecaf9de2e_000000002122.png,0,6.0,0.39770508,1,0,FAULTY,GOOD,False,0.17822265625
/kaggle/working/processed/3998ca8a-f102-471e-9db6-dae30b10ed38_000000016327.png,0,6.0,0.18566895,1,0,FAULTY,GOOD,False,0.17822265625
/kaggle/working/processed/c6475157-5b82-4d18-bc63-c0b98b55644c_000000005400.png,1,1.0,0.8208008,1,1,FAULTY,FAULTY,True,0.17822265625
/kaggle/working/processed/b9dd5e7e-e542-47e7-8fe0-ae9fedb06b86_000000006728.png,0,1.0,0.039276123,0,0,GOOD,GOOD,True,0.17822265625
/kaggle/working/processed/4b46f119-b1c7-4cfa-acb7-58cb983c10f0_000000022263.png,0,1.0,0.1430664,0,0,GOOD,GOOD,True,0.17822265625
/kaggle/working/processed/3f8e5827-74c8-4f9e-9213-2f3e9eaf8451_000000014751.png,1,1.0,0.9995117,1,1,FAULTY,FAULTY,True,0.17822265625
/kaggle/working/processed/daa9a3c4-bf8b-492d-afe0-74ed5ae40b5e_000000015601.png,0,6.0,0.18530273,1,0,FAULTY,GOOD,False,0.17822265625
/kaggle/working/processed/14565027-ed8d-4436-9758-a4c7bacf19ca_000000026185.png,0,1.0,0.18701172,1,0,FAULTY,GOOD,False,0.17822265625
/kaggle/working/processed/e3c29faa-c453-4b57-afbe-8c1f2a33af98_000000015855.png,0,6.0,0.10357666,0,0,GOOD,GOOD,True,0.17822265625
/kaggle/working/processed/8003cf79-f638-4779-9e19-7c989ad9742c_000000000346.png,1,1.0,0.9980469,1,1,FAULTY,FAULTY,True,0.17822265625
/kaggle/working/processed/dcc669b0-8234-487d-8e86-245ea539e924_000000000353.png,1,4.0,0.13085938,0,1,GOOD,FAULTY,False,0.17822265625
/kaggle/working/processed/37f9816a-b531-4231-af5d-bdfdebe59985_000000019330.png,1,1.0,1.0,1,1,FAULTY,FAULTY,True,0.17822265625
/kaggle/working/processed/a9372154-b008-413c-b3a3-55edf3169ea0_000000035230.png,1,1.0,0.44921875,1,1,FAULTY,FAULTY,True,0.17822265625
/kaggle/working/processed/c6b86480-6647-485d-b5aa-94a9823e571a_000000026244.png,1,1.0,0.9199219,1,1,FAULTY,FAULTY,True,0.17822265625
/kaggle/working/processed/c396014a-b290-48d9-b990-bb99433a1dd4_000000031788.png,1,1.0,1.0,1,1,FAULTY,FAULTY,True,0.17822265625
/kaggle/working/processed/8fff9436-f6b9-42b0-a831-ba1f1d9d4d4e_000000033173.png,0,1.0,0.123168945,0,0,GOOD,GOOD,True,0.17822265625
/kaggle/working/processed/455e9b92-6999-4638-8349-deaf7faf01f5_000000012561.png,0,1.0,0.05291748,0,0,GOOD,GOOD,True,0.17822265625
/kaggle/working/processed/572dde92-6189-47d2-93df-0ed99fea6b06_000000024922.png,1,1.0,0.89990234,1,1,FAULTY,FAULTY,True,0.17822265625
/kaggle/working/processed/742837b0-4a0b-47d5-b052-0a9d2b7d7fea_000000020889.png,0,1.0,0.08496094,0,0,GOOD,GOOD,True,0.17822265625
/kaggle/working/processed/e010bef2-910b-4904-ba97-92eab5b53099_000000025329.png,0,1.0,0.19824219,1,0,FAULTY,GOOD,False,0.17822265625
/kaggle/working/processed/d7116c63-67f5-40b3-9c62-b83412b8b737_000000021984.png,1,1.0,1.0,1,1,FAULTY,FAULTY,True,0.17822265625
/kaggle/working/processed/3d408ec5-f5c1-4c72-a40b-12efc094ba5a_000000018712.png,1,1.0,0.9995117,1,1,FAULTY,FAULTY,True,0.17822265625
/kaggle/working/processed/0b8bc983-97d7-40f8-8998-7a67730142f0_000000020065.png,1,1.0,0.44262695,1,1,FAULTY,FAULTY,True,0.17822265625
/kaggle/working/processed/5d718b88-f87d-43a7-aeef-bdbd8a97c4db_000000010250.png,0,1.0,0.1048584,0,0,GOOD,GOOD,True,0.17822265625
/kaggle/working/processed/5a9c54cd-2908-4c24-8a99-85f04423ce16_000000015222.png,0,1.0,0.083862305,0,0,GOOD,GOOD,True,0.17822265625
/kaggle/working/processed/d0108e44-86c7-440c-8c1b-64f4e9406265_000000003520.png,0,6.0,0.46289062,1,0,FAULTY,GOOD,False,0.17822265625
/kaggle/working/processed/37940cd7-1b91-4349-ab91-277f8c58f563_000000006853.png,1,1.0,1.0,1,1,FAULTY,FAULTY,True,0.17822265625
/kaggle/working/processed/064527e3-9252-4149-90aa-32b327569b86_000000013871.png,1,1.0,0.97753906,1,1,FAULTY,FAULTY,True,0.17822265625
/kaggle/working/processed/a62e994b-774a-4f4a-b2df-d24732403b1f_000000011443.png,0,1.0,0.09637451,0,0,GOOD,GOOD,True,0.17822265625
/kaggle/working/processed/3512ba4b-e463-4f3f-9f22-d6958c0b6df1_000000029551.png,1,1.0,0.9995117,1,1,FAULTY,FAULTY,True,0.17822265625
/kaggle/working/processed/495b7b77-b08a-4e8e-90a4-c444c9ebc0c0_000000014563.png,1,1.0,0.31689453,1,1,FAULTY,FAULTY,True,0.17822265625
/kaggle/working/processed/9c107ad5-d513-4896-8b38-a72a4e4848bc_000000018350.png,0,1.0,0.095336914,0,0,GOOD,GOOD,True,0.17822265625
/kaggle/working/processed/996a4dea-a68b-4c74-a8ac-272d025e665d_000000014760.png,0,6.0,0.23596191,1,0,FAULTY,GOOD,False,0.17822265625
/kaggle/working/processed/1ec29c29-4eda-4b87-8eec-c2c4eddb0d3c_000000016011.png,1,1.0,0.99658203,1,1,FAULTY,FAULTY,True,0.17822265625
/kaggle/working/processed/0c7f2bec-aa50-4313-86d7-bd02bfc51f61_000000014609.png,1,1.0,1.0,1,1,FAULTY,FAULTY,True,0.17822265625
/kaggle/working/processed/29c4fb5f-ffd2-4a1b-bb24-5e4f2a89801a_000000032440.png,0,6.0,0.3630371,1,0,FAULTY,GOOD,False,0.17822265625
/kaggle/working/processed/b988bd09-9b93-45ed-a79c-541e079c76f0_000000010046.png,0,6.0,0.27001953,1,0,FAULTY,GOOD,False,0.17822265625
/kaggle/working/processed/8a5e8032-63c2-42a6-8d3c-0f1bef1b8087_000000035184.png,0,1.0,0.028060913,0,0,GOOD,GOOD,True,0.17822265625
/kaggle/working/processed/4353ea73-8408-49e3-9bc9-3445a7ceee95_000000025851.png,1,1.0,0.83740234,1,1,FAULTY,FAULTY,True,0.17822265625
/kaggle/working/processed/75b22fe3-2299-42ef-9879-bd5f57271a91_000000017185.png,1,1.0,0.9692383,1,1,FAULTY,FAULTY,True,0.17822265625
/kaggle/working/processed/9926ca71-d594-4163-87e8-c54d48f06ed4_000000006841.png,1,1.0,0.8808594,1,1,FAULTY,FAULTY,True,0.17822265625
/kaggle/working/processed/f5c3d3b8-274f-4a34-ba94-ed47a0c4b5cf_000000004057.png,1,1.0,1.0,1,1,FAULTY,FAULTY,True,0.17822265625
/kaggle/working/processed/3d935ebc-a481-40ef-9c68-395290f83d50_000000021400.png,1,1.0,0.9995117,1,1,FAULTY,FAULTY,True,0.17822265625
/kaggle/working/processed/c5735004-356d-49ee-a7f6-e1f3eafe95dd_000000026226.png,0,1.0,0.114746094,0,0,GOOD,GOOD,True,0.17822265625
/kaggle/working/processed/9f0f8c93-d844-4fc8-a810-f6f9d490a8fc_000000024788.png,1,1.0,0.9277344,1,1,FAULTY,FAULTY,True,0.17822265625
/kaggle/working/processed/6b59e942-d3d4-4ce7-b383-cc1b45bbc361_000000025722.png,1,1.0,0.6230469,1,1,FAULTY,FAULTY,True,0.17822265625
/kaggle/working/processed/94c41d85-f46c-4eaa-9626-06b2ebd9f776_000000031097.png,1,1.0,0.9663086,1,1,FAULTY,FAULTY,True,0.17822265625
/kaggle/working/processed/4fc56632-dca1-4b8d-b2ee-e6585b58652e_000000001642.png,1,1.0,0.97509766,1,1,FAULTY,FAULTY,True,0.17822265625
/kaggle/working/processed/03957732-237a-4b0b-a80a-e7d1246f2771_000000028861.png,1,1.0,1.0,1,1,FAULTY,FAULTY,True,0.17822265625
/kaggle/working/processed/eeeb16db-09f0-4f8e-be79-52f6a16614f9_000000033417.png,1,1.0,0.3083496,1,1,FAULTY,FAULTY,True,0.17822265625
/kaggle/working/processed/f5d5c105-cd85-47b5-aef0-15e00c7803c5_000000017852.png,1,1.0,0.6582031,1,1,FAULTY,FAULTY,True,0.17822265625
/kaggle/working/processed/2563403b-715e-49ce-82d5-df19da069605_000000014484.png,1,1.0,0.99121094,1,1,FAULTY,FAULTY,True,0.17822265625
/kaggle/working/processed/5bf47c60-3f05-42a4-9e64-8795e44edd59_000000024067.png,0,6.0,0.17004395,0,0,GOOD,GOOD,True,0.17822265625
/kaggle/working/processed/0174d441-0775-491b-9f43-2a97fc3ed13e_000000034496.png,0,1.0,0.08062744,0,0,GOOD,GOOD,True,0.17822265625
/kaggle/working/processed/8f7a36f0-76a3-43d6-a4e7-f328ea58e86b_000000034211.png,1,1.0,0.99902344,1,1,FAULTY,FAULTY,True,0.17822265625
/kaggle/working/processed/1852eef3-11fe-4c7b-a3d3-46d164e7d669_000000004784.png,0,1.0,0.11395264,0,0,GOOD,GOOD,True,0.17822265625
/kaggle/working/processed/aff34744-a5ab-4e84-8277-5f0b25b6deb0_000000010243.png,1,1.0,0.78027344,1,1,FAULTY,FAULTY,True,0.17822265625
/kaggle/working/processed/4a22510c-78ea-470b-aba0-f4cf7d46d76b_000000031402.png,0,1.0,0.18029785,1,0,FAULTY,GOOD,False,0.17822265625
/kaggle/working/processed/42f6499e-ea77-42f2-83e6-b77bd4015bd4_000000013297.png,1,1.0,0.98583984,1,1,FAULTY,FAULTY,True,0.17822265625
/kaggle/working/processed/182b76d7-76b6-4e6f-8201-0162376f9240_000000032653.png,1,1.0,0.9819336,1,1,FAULTY,FAULTY,True,0.17822265625
/kaggle/working/processed/618f777e-c20e-4b40-a038-e6299d694bae_000000009195.png,1,1.0,0.9863281,1,1,FAULTY,FAULTY,True,0.17822265625
/kaggle/working/processed/cb699460-60e4-4fdb-ac2a-82764a0e25d4_000000013825.png,0,1.0,0.10211182,0,0,GOOD,GOOD,True,0.17822265625
/kaggle/working/processed/ac715b3b-efec-4adf-939c-4e0b798c72ad_000000023082.png,0,1.0,0.0793457,0,0,GOOD,GOOD,True,0.17822265625
/kaggle/working/processed/0a4b3799-57b5-4ad1-8a8c-2e6bbf6df5d3_000000029454.png,0,6.0,0.16516113,0,0,GOOD,GOOD,True,0.17822265625
/kaggle/working/processed/4f6427dc-edd7-4423-a4cd-c7c1b2d78d87_000000002764.png,1,1.0,0.99902344,1,1,FAULTY,FAULTY,True,0.17822265625
/kaggle/working/processed/bc90b345-3ec6-4e21-965a-fcf1d231303a_000000020259.png,0,1.0,0.18115234,1,0,FAULTY,GOOD,False,0.17822265625
/kaggle/working/processed/840a7a62-d233-4329-aa24-756abe778de0_000000010476.png,0,1.0,0.032470703,0,0,GOOD,GOOD,True,0.17822265625
/kaggle/working/processed/12937823-10ad-45c3-bbeb-0afd6731d0fc_000000032227.png,0,1.0,0.1295166,0,0,GOOD,GOOD,True,0.17822265625
/kaggle/working/processed/0ff41c6b-431f-4f63-9995-ebc90e529479_000000016614.png,0,1.0,0.074523926,0,0,GOOD,GOOD,True,0.17822265625
/kaggle/working/processed/0adb5725-96e1-4fc3-bbd7-d53748942d35_000000021575.png,0,1.0,0.13635254,0,0,GOOD,GOOD,True,0.17822265625
/kaggle/working/processed/13a2a43b-b161-4236-b802-bdbfe9ddb0d8_000000028153.png,1,1.0,1.0,1,1,FAULTY,FAULTY,True,0.17822265625
/kaggle/working/processed/170c1cb9-3bdb-49e2-8066-ce42ec1300ed_000000005036.png,0,6.0,0.2763672,1,0,FAULTY,GOOD,False,0.17822265625
/kaggle/working/processed/2f389b47-060a-4cee-98eb-00b05d8c9fda_000000026917.png,1,1.0,1.0,1,1,FAULTY,FAULTY,True,0.17822265625
/kaggle/working/processed/051278f7-0df8-4737-bc95-32851da6ce71_000000023764.png,1,1.0,1.0,1,1,FAULTY,FAULTY,True,0.17822265625
/kaggle/working/processed/36a4200f-9477-4d2e-bb31-3c8e29db40fd_000000017207.png,1,1.0,0.36523438,1,1,FAULTY,FAULTY,True,0.17822265625
/kaggle/working/processed/7b8c2d7d-5850-433d-8b29-0228958f8394_000000003953.png,0,1.0,0.06573486,0,0,GOOD,GOOD,True,0.17822265625
/kaggle/working/processed/ac9f536f-3fb3-4612-a18c-9581dac88f37_000000011402.png,1,1.0,0.9980469,1,1,FAULTY,FAULTY,True,0.17822265625
/kaggle/working/processed/b4b8b00a-32b7-4ef4-bcde-d8db108a8647_000000010922.png,0,1.0,0.080200195,0,0,GOOD,GOOD,True,0.17822265625
/kaggle/working/processed/39e2d211-5f2d-4819-a6f7-fc05e8cf7dee_000000000509.png,0,6.0,0.3359375,1,0,FAULTY,GOOD,False,0.17822265625
/kaggle/working/processed/5c07b164-c62a-4bb1-939d-005028a70ec8_000000020758.png,0,1.0,0.06854248,0,0,GOOD,GOOD,True,0.17822265625
/kaggle/working/processed/e16851ef-7676-48e2-b5ab-16de95a5c17b_000000006416.png,1,1.0,0.99658203,1,1,FAULTY,FAULTY,True,0.17822265625
/kaggle/working/processed/0ce57bfc-022d-4c69-bda9-4adf811b1e16_000000034960.png,1,1.0,1.0,1,1,FAULTY,FAULTY,True,0.17822265625
/kaggle/working/processed/b7e9e04e-c454-4a7a-b327-82971e92d60a_000000022985.png,0,1.0,0.103759766,0,0,GOOD,GOOD,True,0.17822265625
/kaggle/working/processed/0a270dc4-1dec-420d-b49d-9b99a0e99798_000000029362.png,0,1.0,0.08496094,0,0,GOOD,GOOD,True,0.17822265625
/kaggle/working/processed/97bdc947-a03e-4fde-9ba0-2ae965f15012_000000016992.png,1,1.0,0.9995117,1,1,FAULTY,FAULTY,True,0.17822265625
/kaggle/working/processed/632c2107-198b-423b-90d5-5757741a2cc9_000000008383.png,1,1.0,0.9589844,1,1,FAULTY,FAULTY,True,0.17822265625
/kaggle/working/processed/ef1e78bb-9b3c-4596-848d-ca9a0f4c2a11_000000027775.png,1,1.0,0.9995117,1,1,FAULTY,FAULTY,True,0.17822265625
/kaggle/working/processed/0a6c5e66-3320-4a44-8989-e4f11f541cbc_000000013455.png,1,1.0,0.9921875,1,1,FAULTY,FAULTY,True,0.17822265625
/kaggle/working/processed/b66c3a00-024e-4051-ad5e-1a3dd4ddd37a_000000034490.png,0,1.0,0.097229004,0,0,GOOD,GOOD,True,0.17822265625
/kaggle/working/processed/e1b914e0-a982-4834-81b4-3514083b21b7_000000024133.png,0,1.0,0.15734863,0,0,GOOD,GOOD,True,0.17822265625
/kaggle/working/processed/f32ca26f-0e27-489f-825a-4d58ad35b9f4_000000023669.png,1,1.0,0.95214844,1,1,FAULTY,FAULTY,True,0.17822265625
/kaggle/working/processed/225888ef-c360-4bb8-895d-f72339e1a68c_000000017469.png,0,6.0,0.34814453,1,0,FAULTY,GOOD,False,0.17822265625
/kaggle/working/processed/82af57e5-3ae1-4cb8-9a90-2852a2a29ca5_000000004351.png,1,1.0,0.9995117,1,1,FAULTY,FAULTY,True,0.17822265625
/kaggle/working/processed/7438ddfd-f44a-49b0-9a24-e30f035c8704_000000026058.png,1,1.0,0.9995117,1,1,FAULTY,FAULTY,True,0.17822265625
/kaggle/working/processed/c4df0001-e54e-4fe6-b54e-5d1e883938d5_000000009053.png,1,1.0,0.9941406,1,1,FAULTY,FAULTY,True,0.17822265625
/kaggle/working/processed/726f6a6c-a852-4d34-96ad-fc60305b3bfb_000000031644.png,0,1.0,0.15844727,0,0,GOOD,GOOD,True,0.17822265625
/kaggle/working/processed/ae0b2057-364b-4dca-ad91-a26105dc2e65_000000013102.png,1,1.0,0.5649414,1,1,FAULTY,FAULTY,True,0.17822265625
/kaggle/working/processed/b6c92d70-f557-47af-a810-51a10018e7b0_000000016256.png,0,1.0,0.13439941,0,0,GOOD,GOOD,True,0.17822265625
/kaggle/working/processed/1c59381f-ae00-40d0-a56b-9a0d6f4ba180_000000018903.png,1,1.0,0.9946289,1,1,FAULTY,FAULTY,True,0.17822265625
/kaggle/working/processed/fd3bf62c-5b0e-441c-ab15-b6643fb2d208_000000029820.png,1,1.0,0.99658203,1,1,FAULTY,FAULTY,True,0.17822265625
/kaggle/working/processed/767f266d-bb30-402b-9a26-d38214dba25c_000000017784.png,0,1.0,0.066467285,0,0,GOOD,GOOD,True,0.17822265625
/kaggle/working/processed/0a69ddeb-58ef-4945-9ff1-2c9a021c9ecd_000000008874.png,0,1.0,0.103759766,0,0,GOOD,GOOD,True,0.17822265625
/kaggle/working/processed/c62dd63a-6179-42f4-8529-2180e04f73fe_000000026110.png,1,1.0,0.97509766,1,1,FAULTY,FAULTY,True,0.17822265625
/kaggle/working/processed/58236976-d1d5-457b-a51e-d3a18697e155_000000012493.png,1,1.0,0.79248047,1,1,FAULTY,FAULTY,True,0.17822265625
/kaggle/working/processed/bda715fd-01f3-4ce4-842e-a3031e59ff33_000000027893.png,1,1.0,0.9926758,1,1,FAULTY,FAULTY,True,0.17822265625
/kaggle/working/processed/085fe9f0-5a5b-4488-929e-e89cba6ead7c_000000030254.png,0,1.0,0.080078125,0,0,GOOD,GOOD,True,0.17822265625
/kaggle/working/processed/10b59d6f-6e9f-4319-86e0-b10da1f18fe4_000000015732.png,0,1.0,0.07019043,0,0,GOOD,GOOD,True,0.17822265625
/kaggle/working/processed/f86c6113-0b0b-4178-8b26-4452bcea9c06_000000033831.png,1,1.0,0.44458008,1,1,FAULTY,FAULTY,True,0.17822265625
/kaggle/working/processed/841fc4b7-d11b-4517-a433-40e53977b45e_000000028320.png,1,1.0,1.0,1,1,FAULTY,FAULTY,True,0.17822265625
/kaggle/working/processed/f189ea2f-aa27-426d-a9c8-3f8ce830310b_000000026049.png,0,1.0,0.17211914,0,0,GOOD,GOOD,True,0.17822265625
/kaggle/working/processed/31274f95-de8a-45c1-9578-533e365f8334_000000024585.png,1,1.0,0.9980469,1,1,FAULTY,FAULTY,True,0.17822265625
/kaggle/working/processed/e4bf88c2-5534-4396-bdb7-7b4fc98312e5_000000016925.png,0,6.0,0.15588379,0,0,GOOD,GOOD,True,0.17822265625
/kaggle/working/processed/8339a43b-41e3-44fb-b984-8368e973d373_000000012243.png,0,6.0,0.08770752,0,0,GOOD,GOOD,True,0.17822265625
/kaggle/working/processed/1d1ce994-5ff4-4760-8d79-108a2199ff67_000000023308.png,1,1.0,1.0,1,1,FAULTY,FAULTY,True,0.17822265625
/kaggle/working/processed/9ec37581-e818-4e2a-80ca-b4c068dd877c_000000003537.png,0,1.0,0.18457031,1,0,FAULTY,GOOD,False,0.17822265625
/kaggle/working/processed/6e23efea-c76a-4075-943e-89dc41ef0255_000000034449.png,0,6.0,0.25756836,1,0,FAULTY,GOOD,False,0.17822265625
/kaggle/working/processed/593b4c67-5ec1-498d-b81a-650525742f46_000000005462.png,1,1.0,0.45166016,1,1,FAULTY,FAULTY,True,0.17822265625
/kaggle/working/processed/b9c00b69-0fbe-42bd-af36-e57c386ae7a9_000000001133.png,1,1.0,0.9995117,1,1,FAULTY,FAULTY,True,0.17822265625
/kaggle/working/processed/4981dfa6-3bff-4af8-845b-b75ca246441c_000000019129.png,1,1.0,0.76123047,1,1,FAULTY,FAULTY,True,0.17822265625
/kaggle/working/processed/513a3f13-3565-4b67-889e-ae351c1261ce_000000005134.png,1,1.0,0.64404297,1,1,FAULTY,FAULTY,True,0.17822265625
/kaggle/working/processed/a78645ab-ad90-42d5-ad0d-acbb7febe763_000000010736.png,1,1.0,1.0,1,1,FAULTY,FAULTY,True,0.17822265625
/kaggle/working/processed/139a948a-fa44-4cbc-9c46-dd622444d2c3_000000030888.png,1,1.0,0.9951172,1,1,FAULTY,FAULTY,True,0.17822265625
/kaggle/working/processed/6f9c93c0-88a4-45fe-a80b-173620cf6653_000000012604.png,0,1.0,0.14489746,0,0,GOOD,GOOD,True,0.17822265625
/kaggle/working/processed/d15a5c3c-94b9-454b-b9b5-bbeb2d745dbb_000000018969.png,0,6.0,0.1161499,0,0,GOOD,GOOD,True,0.17822265625
/kaggle/working/processed/9c82addb-b760-4109-bea5-84338153289f_000000014368.png,1,1.0,0.92089844,1,1,FAULTY,FAULTY,True,0.17822265625
/kaggle/working/processed/778cfec2-ae96-4907-8e89-aa0e9f005695_000000002691.png,0,1.0,0.06890869,0,0,GOOD,GOOD,True,0.17822265625
/kaggle/working/processed/c8696dac-d9ec-4b1d-becb-943da91e5965_000000020197.png,0,1.0,0.0770874,0,0,GOOD,GOOD,True,0.17822265625
/kaggle/working/processed/d54245b2-7f9c-4c15-a457-6b86abf953b7_000000010210.png,1,1.0,0.9785156,1,1,FAULTY,FAULTY,True,0.17822265625
/kaggle/working/processed/c8156b4d-db33-4513-a61f-302fd81da150_000000005280.png,1,1.0,0.41552734,1,1,FAULTY,FAULTY,True,0.17822265625
/kaggle/working/processed/c1935fe2-b2ef-4342-8599-aa8eb68a5f39_000000004663.png,1,1.0,1.0,1,1,FAULTY,FAULTY,True,0.17822265625
/kaggle/working/processed/f61573f6-491a-49a5-88fa-91c4eef655cb_000000027701.png,0,1.0,0.18579102,1,0,FAULTY,GOOD,False,0.17822265625
/kaggle/working/processed/08dd06b9-08aa-468b-bd7d-37c3d1d31908_000000034438.png,1,1.0,1.0,1,1,FAULTY,FAULTY,True,0.17822265625
/kaggle/working/processed/623210fa-9604-4e8d-93b0-2bb317b54453_000000008329.png,1,1.0,0.29052734,1,1,FAULTY,FAULTY,True,0.17822265625
/kaggle/working/processed/0c5f7b23-ca5f-4e28-be35-90b2e3215359_000000015208.png,0,1.0,0.17663574,0,0,GOOD,GOOD,True,0.17822265625
/kaggle/working/processed/f8d9cb05-852c-4def-8d14-1401b6bc44a5_000000035137.png,0,6.0,0.28271484,1,0,FAULTY,GOOD,False,0.17822265625
/kaggle/working/processed/03d05d36-4b1d-4160-b7b1-5b547010bf07_000000005541.png,1,1.0,0.9892578,1,1,FAULTY,FAULTY,True,0.17822265625
/kaggle/working/processed/6d8e03a4-0070-414f-a82b-4ff8d3f965c3_000000033238.png,1,1.0,0.9995117,1,1,FAULTY,FAULTY,True,0.17822265625
/kaggle/working/processed/510d7ddc-bc4b-4501-9b4d-bbe84705197f_000000032858.png,0,1.0,0.08929443,0,0,GOOD,GOOD,True,0.17822265625
/kaggle/working/processed/271bcb33-30a9-475f-839c-a5841cc0adbd_000000022325.png,1,1.0,0.97265625,1,1,FAULTY,FAULTY,True,0.17822265625
/kaggle/working/processed/4b06a30a-1cf5-4345-af32-c7b9d3385de8_000000026241.png,0,6.0,0.5019531,1,0,FAULTY,GOOD,False,0.17822265625
/kaggle/working/processed/0330f59c-4399-41ad-9906-4d464462da8d_000000019093.png,1,1.0,1.0,1,1,FAULTY,FAULTY,True,0.17822265625
/kaggle/working/processed/b42eb857-d409-4831-a115-0064933e082e_000000030135.png,1,1.0,0.85058594,1,1,FAULTY,FAULTY,True,0.17822265625
/kaggle/working/processed/ef794ef0-5b5d-4834-8f53-6edab676d669_000000026073.png,1,1.0,0.9814453,1,1,FAULTY,FAULTY,True,0.17822265625
/kaggle/working/processed/bef36396-4eee-48da-94a5-d4e174a557b8_000000018174.png,0,6.0,0.5175781,1,0,FAULTY,GOOD,False,0.17822265625
/kaggle/working/processed/e78ad543-2678-474c-aa02-8a81a941cad3_000000021850.png,1,1.0,0.9916992,1,1,FAULTY,FAULTY,True,0.17822265625
/kaggle/working/processed/82dfd699-a719-43ca-94e9-1f905e278131_000000025589.png,0,6.0,0.3425293,1,0,FAULTY,GOOD,False,0.17822265625
/kaggle/working/processed/2ce79467-4366-4434-99f0-b0bc2fbbd5be_000000034311.png,1,1.0,0.99609375,1,1,FAULTY,FAULTY,True,0.17822265625
/kaggle/working/processed/881c6f2e-bbfb-49c1-805d-97f2aa80ed1b_000000026942.png,1,1.0,0.6123047,1,1,FAULTY,FAULTY,True,0.17822265625
/kaggle/working/processed/9403f3bf-0c8d-4750-89d7-66f7e8244f05_000000027176.png,0,1.0,0.083740234,0,0,GOOD,GOOD,True,0.17822265625
/kaggle/working/processed/4efcd4d4-ea4c-4fca-b189-9050a4af8c90_000000023951.png,0,6.0,0.52978516,1,0,FAULTY,GOOD,False,0.17822265625
/kaggle/working/processed/b2eefe82-0024-4467-a26e-260136b12160_000000011269.png,1,1.0,1.0,1,1,FAULTY,FAULTY,True,0.17822265625
/kaggle/working/processed/31cedefc-2eb4-4ec8-9122-5b3969f16ebe_000000007379.png,1,1.0,0.99072266,1,1,FAULTY,FAULTY,True,0.17822265625
/kaggle/working/processed/366e81ae-6c1e-435a-a172-c68dde16cbbc_000000017667.png,1,1.0,1.0,1,1,FAULTY,FAULTY,True,0.17822265625
/kaggle/working/processed/4964255a-6bdd-4028-9d1e-d866d94a7ea7_000000000491.png,1,1.0,0.8964844,1,1,FAULTY,FAULTY,True,0.17822265625
/kaggle/working/processed/d01028c5-0a1b-4d20-a8bc-55ca9a55140b_000000008999.png,0,6.0,0.4921875,1,0,FAULTY,GOOD,False,0.17822265625
/kaggle/working/processed/c7cb7fb8-73c7-40a2-8109-3a3895606686_000000012539.png,0,1.0,0.114990234,0,0,GOOD,GOOD,True,0.17822265625
/kaggle/working/processed/84a040dc-55f1-4641-9ded-a67eb7eb36fa_000000033531.png,1,1.0,1.0,1,1,FAULTY,FAULTY,True,0.17822265625
/kaggle/working/processed/35380e39-d4c1-4dcc-bcf8-63051f4cc88a_000000025953.png,0,6.0,0.16101074,0,0,GOOD,GOOD,True,0.17822265625
/kaggle/working/processed/8c882fbc-c88b-4ee1-a589-67a02d34d752_000000016957.png,1,1.0,0.9790039,1,1,FAULTY,FAULTY,True,0.17822265625
/kaggle/working/processed/b3f2717a-9a64-465f-9337-6c825c0e18de_000000020532.png,0,6.0,0.13232422,0,0,GOOD,GOOD,True,0.17822265625
/kaggle/working/processed/9e459244-9143-4da2-bfc9-108b0b35531a_000000008827.png,1,1.0,0.97216797,1,1,FAULTY,FAULTY,True,0.17822265625
/kaggle/working/processed/679204ff-20e6-471b-829a-28c4f039b85f_000000027180.png,0,1.0,0.16247559,0,0,GOOD,GOOD,True,0.17822265625
/kaggle/working/processed/2160ac49-8b13-4897-97d7-c056017eb54d_000000013817.png,1,1.0,0.99658203,1,1,FAULTY,FAULTY,True,0.17822265625
/kaggle/working/processed/8ed4c573-d1ec-45d8-a7d7-c44669d54396_000000028115.png,0,1.0,0.04812622,0,0,GOOD,GOOD,True,0.17822265625
/kaggle/working/processed/dc290f4e-d8cb-4f0e-93e6-3c57d9899f39_000000026348.png,1,1.0,0.97216797,1,1,FAULTY,FAULTY,True,0.17822265625
/kaggle/working/processed/5939d397-9af0-4436-a6d3-ca08627bb18f_000000012554.png,1,1.0,0.9868164,1,1,FAULTY,FAULTY,True,0.17822265625
/kaggle/working/processed/de852a41-585a-4174-ab09-f0567133221a_000000029779.png,1,1.0,0.47680664,1,1,FAULTY,FAULTY,True,0.17822265625
/kaggle/working/processed/a510c78a-c6b2-4501-8786-1b876110104c_000000029243.png,1,1.0,1.0,1,1,FAULTY,FAULTY,True,0.17822265625
/kaggle/working/processed/e581b156-50f7-4cea-adfa-78acc460932e_000000029422.png,1,1.0,1.0,1,1,FAULTY,FAULTY,True,0.17822265625
/kaggle/working/processed/aa40f00f-5ffb-470d-9f7d-36e1705f670d_000000034733.png,0,6.0,0.31079102,1,0,FAULTY,GOOD,False,0.17822265625
/kaggle/working/processed/2176f30e-589a-4e27-9105-8c5971e8ad57_000000020888.png,0,6.0,0.49194336,1,0,FAULTY,GOOD,False,0.17822265625
/kaggle/working/processed/1a803290-605e-455d-9684-2ae3903da725_000000010789.png,0,1.0,0.13183594,0,0,GOOD,GOOD,True,0.17822265625
/kaggle/working/processed/073e1d32-0061-48f6-80ea-a88b4d952702_000000007322.png,0,1.0,0.13806152,0,0,GOOD,GOOD,True,0.17822265625
/kaggle/working/processed/9d1845f9-dc70-4d45-809d-048e658f7fc2_000000026915.png,1,1.0,0.9995117,1,1,FAULTY,FAULTY,True,0.17822265625
/kaggle/working/processed/a95e3a11-b74c-48f1-a141-091d9652c094_000000029854.png,1,1.0,0.99658203,1,1,FAULTY,FAULTY,True,0.17822265625
/kaggle/working/processed/a55768fc-e719-4c5d-a1e4-2f1e40f7f9d8_000000019052.png,1,1.0,0.9980469,1,1,FAULTY,FAULTY,True,0.17822265625
/kaggle/working/processed/f29443c2-7f71-4743-a963-5fe82c282dc1_000000012819.png,1,1.0,0.98876953,1,1,FAULTY,FAULTY,True,0.17822265625
/kaggle/working/processed/9b01047b-1712-4b44-a117-a578065bbdd0_000000026928.png,0,1.0,0.05593872,0,0,GOOD,GOOD,True,0.17822265625
/kaggle/working/processed/ad72ccad-f2eb-41f4-943f-98726976ef4a_000000007788.png,1,1.0,1.0,1,1,FAULTY,FAULTY,True,0.17822265625
/kaggle/working/processed/07a5ed59-00e7-4256-bc27-28be4b28db52_000000015237.png,1,1.0,0.9970703,1,1,FAULTY,FAULTY,True,0.17822265625
/kaggle/working/processed/51d8cbef-c801-453e-b150-f749664c6570_000000003317.png,1,1.0,1.0,1,1,FAULTY,FAULTY,True,0.17822265625
/kaggle/working/processed/082c4ec7-1d5f-40cd-8d49-2f1c9fbb91cd_000000007071.png,1,1.0,0.9057617,1,1,FAULTY,FAULTY,True,0.17822265625
/kaggle/working/processed/6872e1a3-cc62-4d5f-b345-293a7909aed9_000000019551.png,1,1.0,0.9995117,1,1,FAULTY,FAULTY,True,0.17822265625
/kaggle/working/processed/c3b9e787-4f36-47c1-a3ba-b7696337cea7_000000033239.png,0,6.0,0.12042236,0,0,GOOD,GOOD,True,0.17822265625
/kaggle/working/processed/1a9c64b6-6bd6-430d-aba1-9223ea767f83_000000032529.png,1,1.0,0.9995117,1,1,FAULTY,FAULTY,True,0.17822265625
/kaggle/working/processed/d27997e7-95cd-4535-97c6-e15ca5aa0f1a_000000013066.png,0,1.0,0.044677734,0,0,GOOD,GOOD,True,0.17822265625
/kaggle/working/processed/c134b523-96e5-4c5c-bf3d-2bc935c530ab_000000018182.png,1,1.0,0.90283203,1,1,FAULTY,FAULTY,True,0.17822265625
/kaggle/working/processed/48a35373-082a-4d53-b304-f651ffc913e8_000000026991.png,0,6.0,0.8955078,1,0,FAULTY,GOOD,False,0.17822265625
/kaggle/working/processed/a8681454-e141-4613-9023-2dfadc320fe4_000000018767.png,1,1.0,1.0,1,1,FAULTY,FAULTY,True,0.17822265625
/kaggle/working/processed/5ccf9b41-5b94-4df3-a25b-470c7726e4ac_000000019999.png,0,6.0,0.31347656,1,0,FAULTY,GOOD,False,0.17822265625
/kaggle/working/processed/507bf522-a6e5-4f8b-9635-27cd2cc1073d_000000034609.png,1,1.0,0.7817383,1,1,FAULTY,FAULTY,True,0.17822265625
/kaggle/working/processed/0204c35c-114d-4d26-abe8-8834b4820253_000000015922.png,1,1.0,0.9975586,1,1,FAULTY,FAULTY,True,0.17822265625
/kaggle/working/processed/c42c6da0-4cf5-4c18-ad67-bdbdadcc2984_000000027855.png,1,1.0,0.98779297,1,1,FAULTY,FAULTY,True,0.17822265625
/kaggle/working/processed/b52b6cef-6635-48b9-bb59-b83cb1986ea0_000000008540.png,0,6.0,0.3425293,1,0,FAULTY,GOOD,False,0.17822265625
/kaggle/working/processed/7a102786-c39a-4e01-98ee-0da7db96c3f5_000000014643.png,1,1.0,1.0,1,1,FAULTY,FAULTY,True,0.17822265625
/kaggle/working/processed/6df57911-4cec-4bde-a2d8-fd13d3ab4a6a_000000020416.png,0,1.0,0.083862305,0,0,GOOD,GOOD,True,0.17822265625
/kaggle/working/processed/a5fc0b78-e442-4dfc-9b33-9bf1b0d57908_000000010385.png,1,1.0,0.99365234,1,1,FAULTY,FAULTY,True,0.17822265625
/kaggle/working/processed/5b0e9da8-68b2-4d1d-b253-50e8cc2e18e6_000000022645.png,0,1.0,0.08343506,0,0,GOOD,GOOD,True,0.17822265625
/kaggle/working/processed/89b6a95b-7dd7-4099-9df5-d5562329714a_000000019369.png,1,1.0,0.99902344,1,1,FAULTY,FAULTY,True,0.17822265625
/kaggle/working/processed/af50cba2-1071-4d3c-9ca6-dc15bb22befd_000000027150.png,1,1.0,0.81689453,1,1,FAULTY,FAULTY,True,0.17822265625
/kaggle/working/processed/e1fce442-33a8-4da2-8132-519bd92c606d_000000015104.png,0,6.0,0.8725586,1,0,FAULTY,GOOD,False,0.17822265625
/kaggle/working/processed/120464fa-7ce4-4210-a370-a56995a13d1e_000000000600.png,0,1.0,0.14257812,0,0,GOOD,GOOD,True,0.17822265625
/kaggle/working/processed/e9d25645-6a13-4b48-89a7-6b91c11bff27_000000027128.png,0,6.0,0.72265625,1,0,FAULTY,GOOD,False,0.17822265625
/kaggle/working/processed/7112b420-4513-475e-b7a4-857800c8763d_000000025969.png,0,6.0,0.18713379,1,0,FAULTY,GOOD,False,0.17822265625
/kaggle/working/processed/589a27d4-ede7-47b5-b2c7-8f5dac55893d_000000030081.png,0,6.0,0.17468262,0,0,GOOD,GOOD,True,0.17822265625
/kaggle/working/processed/fcab03c6-08a2-4cb4-a9de-d1825fdaacb9_000000025447.png,0,6.0,0.44213867,1,0,FAULTY,GOOD,False,0.17822265625
/kaggle/working/processed/0c5df778-1099-49bc-98ac-008c506c4131_000000017526.png,1,1.0,1.0,1,1,FAULTY,FAULTY,True,0.17822265625
/kaggle/working/processed/002b0830-0c1b-44c4-8e23-fa8f30c91d8e_000000006343.png,1,1.0,0.9785156,1,1,FAULTY,FAULTY,True,0.17822265625
/kaggle/working/processed/d316239a-85d6-49e7-9026-b6d674812dc2_000000025359.png,0,6.0,0.16040039,0,0,GOOD,GOOD,True,0.17822265625
/kaggle/working/processed/fdd2cb89-5063-4bac-9ff0-f81cadd888b0_000000034763.png,0,1.0,0.09667969,0,0,GOOD,GOOD,True,0.17822265625
/kaggle/working/processed/7b50c758-5074-4c71-ac28-0421563ced0e_000000010513.png,1,1.0,0.94384766,1,1,FAULTY,FAULTY,True,0.17822265625
/kaggle/working/processed/e80139fc-802f-46e8-bc92-b6ce2483c667_000000010011.png,1,1.0,0.99902344,1,1,FAULTY,FAULTY,True,0.17822265625
/kaggle/working/processed/ca6bf72a-e88b-41a2-9d6d-4c28bf85967d_000000007290.png,1,1.0,1.0,1,1,FAULTY,FAULTY,True,0.17822265625
/kaggle/working/processed/b552c4fd-efff-4973-b187-5aeb491ce397_000000012345.png,1,1.0,0.9995117,1,1,FAULTY,FAULTY,True,0.17822265625
/kaggle/working/processed/9ea55c4d-665a-4e10-a0e8-21c1bfdd6d50_000000034638.png,1,1.0,0.9970703,1,1,FAULTY,FAULTY,True,0.17822265625
/kaggle/working/processed/fba8fa21-58de-4f82-94b8-18cf8df6d92e_000000001537.png,1,1.0,1.0,1,1,FAULTY,FAULTY,True,0.17822265625
/kaggle/working/processed/e3bc22f1-ecbc-49fa-a786-cb00b8229cff_000000009424.png,0,6.0,0.26538086,1,0,FAULTY,GOOD,False,0.17822265625
/kaggle/working/processed/af6be01c-cdb8-466c-a001-9d4a88b64ac3_000000025683.png,1,1.0,0.61621094,1,1,FAULTY,FAULTY,True,0.17822265625
/kaggle/working/processed/296e6ebf-a96f-42bc-aeaa-3246e8599142_000000014243.png,1,1.0,1.0,1,1,FAULTY,FAULTY,True,0.17822265625
/kaggle/working/processed/1f2d2bc6-ecf2-421b-851a-9574e622a0f6_000000011921.png,0,6.0,0.27954102,1,0,FAULTY,GOOD,False,0.17822265625
/kaggle/working/processed/984f4117-9f35-422b-91c8-386da0e49602_000000000515.png,0,6.0,0.31835938,1,0,FAULTY,GOOD,False,0.17822265625
/kaggle/working/processed/611d0871-b64c-4810-896e-f9684dd66f73_000000015393.png,0,6.0,0.08343506,0,0,GOOD,GOOD,True,0.17822265625
/kaggle/working/processed/e6415584-acc5-4ac5-b8f2-35cf027e006a_000000008318.png,1,1.0,1.0,1,1,FAULTY,FAULTY,True,0.17822265625
/kaggle/working/processed/0c3e15f7-965c-4427-82e8-56e8094ec84d_000000002750.png,0,1.0,0.087890625,0,0,GOOD,GOOD,True,0.17822265625
/kaggle/working/processed/e981b060-61ca-430c-a70d-32980e9a031d_000000003158.png,0,1.0,0.12756348,0,0,GOOD,GOOD,True,0.17822265625
/kaggle/working/processed/be67e101-69e3-4d3e-853f-de109bd7d4d5_000000001967.png,1,1.0,0.68066406,1,1,FAULTY,FAULTY,True,0.17822265625
/kaggle/working/processed/95ae3b48-b9ec-425c-afe8-9cba142e707f_000000026969.png,0,1.0,0.05899048,0,0,GOOD,GOOD,True,0.17822265625
/kaggle/working/processed/c57dc491-3206-41b2-a6ef-b640954a8bcd_000000013461.png,1,1.0,0.9995117,1,1,FAULTY,FAULTY,True,0.17822265625
/kaggle/working/processed/22584745-b677-4771-b9bc-58963035f0fe_000000008316.png,0,1.0,0.092041016,0,0,GOOD,GOOD,True,0.17822265625
/kaggle/working/processed/5b9933e3-988d-4655-9eb4-8e6e8fcbb971_000000016223.png,1,1.0,0.9980469,1,1,FAULTY,FAULTY,True,0.17822265625
/kaggle/working/processed/e525e3c7-b0bd-4bc1-aad8-cb59eb611d3f_000000018361.png,1,1.0,0.36743164,1,1,FAULTY,FAULTY,True,0.17822265625
/kaggle/working/processed/492fa310-3ad0-4dd2-905a-112067c9a926_000000026675.png,0,1.0,0.11798096,0,0,GOOD,GOOD,True,0.17822265625
/kaggle/working/processed/eb5b5160-8cee-4ecd-aae9-483f636443cf_000000000947.png,0,1.0,0.05331421,0,0,GOOD,GOOD,True,0.17822265625
/kaggle/working/processed/8ef61804-6b67-45ec-b2ab-bef8dfcfa8de_000000015015.png,1,1.0,0.93603516,1,1,FAULTY,FAULTY,True,0.17822265625
/kaggle/working/processed/b5e25194-86b6-4f8b-b499-2b6c0fda1f30_000000023525.png,0,1.0,0.0803833,0,0,GOOD,GOOD,True,0.17822265625
/kaggle/working/processed/6d497f1c-5cda-4499-8fef-d1073cf23938_000000035001.png,1,4.0,0.08728027,0,1,GOOD,FAULTY,False,0.17822265625
/kaggle/working/processed/07b90f75-c5d8-4816-92d6-fd3084e29082_000000002821.png,1,1.0,0.8613281,1,1,FAULTY,FAULTY,True,0.17822265625
/kaggle/working/processed/941c8fe1-1c6f-4d0d-9c6c-bf56dc83df82_000000002011.png,0,1.0,0.050598145,0,0,GOOD,GOOD,True,0.17822265625
/kaggle/working/processed/bf83dc0d-1822-4c5b-8094-832f1bb4b5ef_000000011783.png,0,1.0,0.034240723,0,0,GOOD,GOOD,True,0.17822265625
/kaggle/working/processed/4eb90b39-bb53-4cbe-b446-9396333c8def_000000013859.png,0,6.0,0.2529297,1,0,FAULTY,GOOD,False,0.17822265625
/kaggle/working/processed/d80a2657-ae73-4f2b-ac13-78bf99fded8b_000000009400.png,1,1.0,0.9941406,1,1,FAULTY,FAULTY,True,0.17822265625
/kaggle/working/processed/98e5d9cb-2fac-4e53-9d33-7ce75f0d2c4f_000000002334.png,1,1.0,0.9628906,1,1,FAULTY,FAULTY,True,0.17822265625
/kaggle/working/processed/40dfad73-e1f9-4ad0-8cc5-15778445fd96_000000018300.png,0,1.0,0.06817627,0,0,GOOD,GOOD,True,0.17822265625
/kaggle/working/processed/2665faad-061d-42f3-b386-ef7e30b6528b_000000000884.png,1,1.0,0.88427734,1,1,FAULTY,FAULTY,True,0.17822265625
/kaggle/working/processed/35c78423-2307-4723-be45-053259dcd499_000000030826.png,0,6.0,0.46289062,1,0,FAULTY,GOOD,False,0.17822265625
/kaggle/working/processed/e25df484-775c-4cf7-90ea-474429febaa7_000000012151.png,1,1.0,0.9921875,1,1,FAULTY,FAULTY,True,0.17822265625
/kaggle/working/processed/9083e643-a47e-4929-9a6e-ad63afdcfced_000000011558.png,1,1.0,0.7998047,1,1,FAULTY,FAULTY,True,0.17822265625
/kaggle/working/processed/85e99034-7a80-4563-b284-a0687faaf35b_000000025215.png,1,1.0,0.7988281,1,1,FAULTY,FAULTY,True,0.17822265625
/kaggle/working/processed/b264a6b0-93aa-491e-8d72-b401f0d589ce_000000026918.png,0,6.0,0.8540039,1,0,FAULTY,GOOD,False,0.17822265625
/kaggle/working/processed/69f8be13-526f-4c1a-ac7c-365f0cc9feb9_000000034377.png,1,1.0,0.9995117,1,1,FAULTY,FAULTY,True,0.17822265625
/kaggle/working/processed/48638e4c-132e-481a-8ab3-a0813a72ae30_000000006005.png,0,1.0,0.14819336,0,0,GOOD,GOOD,True,0.17822265625
/kaggle/working/processed/82fa1ebe-fe56-4c43-a8d6-e40cd639c3f9_000000009791.png,0,6.0,0.20324707,1,0,FAULTY,GOOD,False,0.17822265625
/kaggle/working/processed/78b9da96-777e-4a1c-b8ac-36c14ccfdbed_000000023124.png,1,1.0,0.9975586,1,1,FAULTY,FAULTY,True,0.17822265625
/kaggle/working/processed/4a525e75-0fbc-438d-a9b7-c8ec7910066d_000000015623.png,1,1.0,0.9975586,1,1,FAULTY,FAULTY,True,0.17822265625
/kaggle/working/processed/e1e1b46a-c47e-4fad-8c48-5004b4de9946_000000030506.png,1,1.0,0.9995117,1,1,FAULTY,FAULTY,True,0.17822265625
/kaggle/working/processed/c2f727df-7364-44cc-b479-ba2b71954ab0_000000028255.png,0,6.0,0.20275879,1,0,FAULTY,GOOD,False,0.17822265625
/kaggle/working/processed/98ca3377-57c6-4673-9986-97036b2defcb_000000020706.png,1,1.0,0.99853516,1,1,FAULTY,FAULTY,True,0.17822265625
/kaggle/working/processed/d3c3acc2-f112-4306-893d-756e229cfd20_000000029475.png,1,1.0,0.9995117,1,1,FAULTY,FAULTY,True,0.17822265625
/kaggle/working/processed/2e54fe20-e765-41b0-9476-604b6ccf62cc_000000001152.png,1,1.0,1.0,1,1,FAULTY,FAULTY,True,0.17822265625
/kaggle/working/processed/5bd289f7-ed1d-4f96-a69f-c32cb6fd8f5a_000000008163.png,0,1.0,0.13098145,0,0,GOOD,GOOD,True,0.17822265625
/kaggle/working/processed/85954537-5863-4931-bc0b-c9a199906e31_000000015457.png,1,1.0,0.97216797,1,1,FAULTY,FAULTY,True,0.17822265625
/kaggle/working/processed/ac9f712f-b36e-49c6-8039-1e68a61dc34f_000000019810.png,0,6.0,0.16381836,0,0,GOOD,GOOD,True,0.17822265625
/kaggle/working/processed/6ba83f14-95ba-47e9-b540-36e549376999_000000017752.png,1,1.0,0.9995117,1,1,FAULTY,FAULTY,True,0.17822265625
/kaggle/working/processed/cc42d959-520a-4cc1-93fd-e3eeb97247e5_000000005550.png,1,1.0,0.9316406,1,1,FAULTY,FAULTY,True,0.17822265625
/kaggle/working/processed/55ff50fc-107f-450d-a977-35e1fee37a34_000000004378.png,0,6.0,0.1953125,1,0,FAULTY,GOOD,False,0.17822265625
/kaggle/working/processed/6e7d72b8-0b11-4223-9068-a118f8a2cbf1_000000011570.png,1,1.0,0.9980469,1,1,FAULTY,FAULTY,True,0.17822265625
/kaggle/working/processed/7ceee710-1079-43f2-8954-d26d0f8c377e_000000006101.png,1,1.0,0.29785156,1,1,FAULTY,FAULTY,True,0.17822265625
/kaggle/working/processed/7b7e4a71-64dc-4c6b-a43e-b332de548789_000000015842.png,0,1.0,0.13562012,0,0,GOOD,GOOD,True,0.17822265625
/kaggle/working/processed/5de4c3f5-4752-4c03-a9a5-51d2825a9c3e_000000006847.png,0,1.0,0.041381836,0,0,GOOD,GOOD,True,0.17822265625
/kaggle/working/processed/fb1b270c-625f-4441-b78c-99a956d2e9d7_000000016377.png,1,1.0,0.9970703,1,1,FAULTY,FAULTY,True,0.17822265625
/kaggle/working/processed/8d771869-6a81-4b27-8a7d-902e75e4e6af_000000021893.png,1,1.0,0.98583984,1,1,FAULTY,FAULTY,True,0.17822265625
/kaggle/working/processed/baaef817-0989-47b2-ba27-6453f6ee9ec7_000000033108.png,1,1.0,1.0,1,1,FAULTY,FAULTY,True,0.17822265625
/kaggle/working/processed/9bee0ea8-30a6-4c7d-bb39-0e7826a580cc_000000018116.png,0,1.0,0.15209961,0,0,GOOD,GOOD,True,0.17822265625
/kaggle/working/processed/8a7739fa-0ae1-4da9-b17f-e6cdca3c839c_000000006838.png,1,1.0,0.8154297,1,1,FAULTY,FAULTY,True,0.17822265625
/kaggle/working/processed/3e4b04e2-f70f-4cf7-85f3-8b3fe1b4f857_000000021727.png,0,1.0,0.09741211,0,0,GOOD,GOOD,True,0.17822265625
/kaggle/working/processed/1b97ac77-6c0b-4dda-8219-ff66b9796f58_000000006524.png,0,6.0,0.44213867,1,0,FAULTY,GOOD,False,0.17822265625
/kaggle/working/processed/0a919b6b-c472-4a63-b0c7-9986c8005a89_000000031225.png,0,1.0,0.07318115,0,0,GOOD,GOOD,True,0.17822265625
/kaggle/working/processed/730005df-9715-4177-a158-884346882074_000000013302.png,1,1.0,0.54541016,1,1,FAULTY,FAULTY,True,0.17822265625
/kaggle/working/processed/36720e1d-f161-4bb1-bea0-c6ca6b41ccdf_000000008124.png,1,1.0,0.78271484,1,1,FAULTY,FAULTY,True,0.17822265625
/kaggle/working/processed/760ea3fc-a937-4035-a7ab-3b7e92618472_000000029603.png,0,6.0,0.26733398,1,0,FAULTY,GOOD,False,0.17822265625
/kaggle/working/processed/47ac0d57-9048-4a40-bffb-d9fe11df7345_000000019122.png,1,1.0,0.9916992,1,1,FAULTY,FAULTY,True,0.17822265625
/kaggle/working/processed/2bfc58bf-6729-4f3c-9d16-fce70849612d_000000007162.png,0,6.0,0.08093262,0,0,GOOD,GOOD,True,0.17822265625
/kaggle/working/processed/60227028-6032-428f-9e40-b0bd30a4c2a4_000000016304.png,1,1.0,1.0,1,1,FAULTY,FAULTY,True,0.17822265625
/kaggle/working/processed/42cad27d-fc0e-43bf-9d1c-5bad6a748b5b_000000034689.png,0,1.0,0.061187744,0,0,GOOD,GOOD,True,0.17822265625
/kaggle/working/processed/c10d3dad-e542-42b0-8f89-a05b9af535d0_000000034017.png,1,1.0,0.96728516,1,1,FAULTY,FAULTY,True,0.17822265625
/kaggle/working/processed/69da692e-87be-426c-ac29-919bcae8ffd2_000000025525.png,0,1.0,0.10522461,0,0,GOOD,GOOD,True,0.17822265625
/kaggle/working/processed/1a70dae0-c6ae-46e7-993f-d75587c7c604_000000017831.png,0,1.0,0.09350586,0,0,GOOD,GOOD,True,0.17822265625
/kaggle/working/processed/52f165fa-a4a0-4401-ba97-be0b41f1f33f_000000001083.png,0,6.0,0.12145996,0,0,GOOD,GOOD,True,0.17822265625
/kaggle/working/processed/d77a96e0-9414-4709-8fcf-8b4dddde815b_000000019706.png,1,1.0,0.9941406,1,1,FAULTY,FAULTY,True,0.17822265625
/kaggle/working/processed/efebfcba-02ca-449c-ad83-1c5995683ed6_000000005236.png,0,6.0,0.38842773,1,0,FAULTY,GOOD,False,0.17822265625
/kaggle/working/processed/c3b3bdaf-b037-478a-beee-0f63ee739a68_000000030391.png,1,1.0,1.0,1,1,FAULTY,FAULTY,True,0.17822265625
/kaggle/working/processed/9c538533-a15d-4b27-bd2a-64714de64795_000000028435.png,0,6.0,0.15771484,0,0,GOOD,GOOD,True,0.17822265625
/kaggle/working/processed/626750b2-f4f2-4b0a-b043-2d0983a15db3_000000018155.png,1,1.0,0.99365234,1,1,FAULTY,FAULTY,True,0.17822265625
/kaggle/working/processed/f8667eda-61f0-40b5-91eb-d411d0edd0fb_000000010409.png,0,6.0,0.15588379,0,0,GOOD,GOOD,True,0.17822265625
/kaggle/working/processed/c4bd08bb-6535-4f4c-a350-7e3712bc9598_000000027590.png,0,6.0,0.17883301,1,0,FAULTY,GOOD,False,0.17822265625
/kaggle/working/processed/6e283b8d-d22b-4786-b386-bb816d40ba29_000000022163.png,1,1.0,0.9355469,1,1,FAULTY,FAULTY,True,0.17822265625
/kaggle/working/processed/a3ad9cc5-1f2e-4d25-aa0b-17389bbe0fb6_000000031386.png,1,1.0,0.60498047,1,1,FAULTY,FAULTY,True,0.17822265625
/kaggle/working/processed/ca03c46b-44d6-469d-8c64-be8751cf36dd_000000033213.png,0,1.0,0.041931152,0,0,GOOD,GOOD,True,0.17822265625
/kaggle/working/processed/ab5d2312-1ad3-4adc-bb7b-7636696077b6_000000027143.png,1,1.0,0.9995117,1,1,FAULTY,FAULTY,True,0.17822265625
/kaggle/working/processed/60957907-ebe6-46b8-8780-dfea646dab58_000000032414.png,1,1.0,1.0,1,1,FAULTY,FAULTY,True,0.17822265625
/kaggle/working/processed/a067fe57-dfa8-4a52-8b30-cae62caadd8d_000000019738.png,1,1.0,1.0,1,1,FAULTY,FAULTY,True,0.17822265625
/kaggle/working/processed/592735ae-9661-4d34-89c4-998fb1c83d92_000000013414.png,1,1.0,0.98779297,1,1,FAULTY,FAULTY,True,0.17822265625
/kaggle/working/processed/fc69da35-ca13-4a9d-955c-2a8347cdb2af_000000016068.png,0,1.0,0.107055664,0,0,GOOD,GOOD,True,0.17822265625
/kaggle/working/processed/d8ac40d4-7385-476a-b1d8-2735182eec6b_000000008603.png,1,1.0,0.99316406,1,1,FAULTY,FAULTY,True,0.17822265625
/kaggle/working/processed/d3949a5d-a23a-4e67-8c29-f1242d4e800d_000000004861.png,1,1.0,0.9970703,1,1,FAULTY,FAULTY,True,0.17822265625
/kaggle/working/processed/83887ff8-2cec-40a8-bcd1-cdb1f279ae0d_000000000551.png,1,1.0,0.75097656,1,1,FAULTY,FAULTY,True,0.17822265625
/kaggle/working/processed/8b7b4228-6402-4477-885e-3de500d0cdd7_000000010918.png,1,1.0,0.9458008,1,1,FAULTY,FAULTY,True,0.17822265625
/kaggle/working/processed/bfec9459-ba76-4f57-9878-635c1bbd0dc9_000000002099.png,1,1.0,0.9995117,1,1,FAULTY,FAULTY,True,0.17822265625
/kaggle/working/processed/a085d02b-4f30-4d92-b302-0cd4b5f5dbd5_000000027631.png,1,1.0,0.9794922,1,1,FAULTY,FAULTY,True,0.17822265625
/kaggle/working/processed/4e19d2e8-d516-44e6-93ff-3f67e0e17738_000000004120.png,1,1.0,0.99609375,1,1,FAULTY,FAULTY,True,0.17822265625
/kaggle/working/processed/3f60609e-4f12-4bd7-b48e-5507761ff1d8_000000017217.png,1,1.0,0.8383789,1,1,FAULTY,FAULTY,True,0.17822265625
/kaggle/working/processed/785e864a-f581-4c94-ad46-33465c711762_000000004631.png,0,1.0,0.055603027,0,0,GOOD,GOOD,True,0.17822265625
/kaggle/working/processed/72db6394-44fc-4592-ad81-e59ddc2b45e9_000000011406.png,1,1.0,0.8154297,1,1,FAULTY,FAULTY,True,0.17822265625
/kaggle/working/processed/19044ecf-6c5d-4f65-8bf4-42242df0f93d_000000026273.png,0,1.0,0.18603516,1,0,FAULTY,GOOD,False,0.17822265625
/kaggle/working/processed/8b636a18-6e8e-4427-a0e1-03147f237342_000000009588.png,1,1.0,0.9995117,1,1,FAULTY,FAULTY,True,0.17822265625
/kaggle/working/processed/899213a0-a102-4185-8f07-3b2ef725a98d_000000006472.png,0,6.0,0.7651367,1,0,FAULTY,GOOD,False,0.17822265625
/kaggle/working/processed/5344c8b2-5bb2-4376-9666-be28e03444d3_000000000382.png,1,1.0,1.0,1,1,FAULTY,FAULTY,True,0.17822265625
/kaggle/working/processed/dca25fc3-9070-4201-8d6d-1938b5aab80d_000000022770.png,0,1.0,0.12988281,0,0,GOOD,GOOD,True,0.17822265625
/kaggle/working/processed/9fffe3c9-f0f2-47b1-af2a-3ea15c77dc36_000000025443.png,0,1.0,0.08050537,0,0,GOOD,GOOD,True,0.17822265625
/kaggle/working/processed/8e197e55-e1bf-42d8-97d4-effd8d790704_000000013892.png,1,1.0,0.99853516,1,1,FAULTY,FAULTY,True,0.17822265625
/kaggle/working/processed/552b2b38-ff04-4660-b4ce-8bc54ed6dd44_000000034707.png,1,1.0,0.99902344,1,1,FAULTY,FAULTY,True,0.17822265625
/kaggle/working/processed/2399120d-e9bb-434d-abb1-05330f47d217_000000022956.png,1,1.0,0.40942383,1,1,FAULTY,FAULTY,True,0.17822265625
/kaggle/working/processed/ef722081-3af3-4b99-b66d-79432af6e60e_000000011242.png,1,1.0,0.9946289,1,1,FAULTY,FAULTY,True,0.17822265625
/kaggle/working/processed/e6301717-c67b-485d-a803-7e62dfb6bb69_000000002100.png,1,1.0,0.9897461,1,1,FAULTY,FAULTY,True,0.17822265625
/kaggle/working/processed/5cde4d52-a42e-4349-a43e-6e4a1ede56f3_000000022814.png,0,1.0,0.0413208,0,0,GOOD,GOOD,True,0.17822265625
/kaggle/working/processed/9603fafa-525a-4e81-99da-1504d1e6cb17_000000003484.png,0,6.0,0.23901367,1,0,FAULTY,GOOD,False,0.17822265625
/kaggle/working/processed/802b6f07-119c-44ed-aa05-3d6301b2d8fd_000000012414.png,0,1.0,0.08569336,0,0,GOOD,GOOD,True,0.17822265625
/kaggle/working/processed/a1e29508-3855-4713-a9b2-27a67db71f9c_000000027869.png,0,1.0,0.105773926,0,0,GOOD,GOOD,True,0.17822265625
/kaggle/working/processed/219de0bb-81c6-4600-b401-8b0663fe653b_000000031143.png,0,6.0,0.16894531,0,0,GOOD,GOOD,True,0.17822265625
/kaggle/working/processed/9d3661fa-c5b3-41f5-a75b-1618976e6b4b_000000022024.png,0,1.0,0.099975586,0,0,GOOD,GOOD,True,0.17822265625
/kaggle/working/processed/ad12dbb6-3cc3-44c6-a57d-c5b794d50019_000000021371.png,1,1.0,0.99853516,1,1,FAULTY,FAULTY,True,0.17822265625
/kaggle/working/processed/653e8ba5-9f53-405c-9bbe-cef1f47ebfc4_000000014970.png,1,1.0,1.0,1,1,FAULTY,FAULTY,True,0.17822265625
/kaggle/working/processed/6700cef6-c3b8-4f35-9716-d002e2f17e1d_000000032742.png,1,1.0,0.9736328,1,1,FAULTY,FAULTY,True,0.17822265625
/kaggle/working/processed/83ba2d8d-72e7-4a26-93ee-25e8dbf1740a_000000015465.png,0,1.0,0.07019043,0,0,GOOD,GOOD,True,0.17822265625
/kaggle/working/processed/f42d98c5-cdec-4f01-9a1a-43d1fd9ab62b_000000035078.png,1,1.0,1.0,1,1,FAULTY,FAULTY,True,0.17822265625
/kaggle/working/processed/efb45dba-f0ad-4ab5-961d-4b3c01a46799_000000003388.png,1,1.0,0.96875,1,1,FAULTY,FAULTY,True,0.17822265625
/kaggle/working/processed/ca1ad855-eafb-4238-bf92-ba35e5e377c1_000000033098.png,1,1.0,0.9863281,1,1,FAULTY,FAULTY,True,0.17822265625
/kaggle/working/processed/38199e1e-9bbb-49f8-82d2-c97a26fd6ce3_000000022547.png,0,6.0,0.17797852,0,0,GOOD,GOOD,True,0.17822265625
/kaggle/working/processed/b6f5fc43-2719-4594-9cac-70056cbb6698_000000032851.png,1,1.0,0.9941406,1,1,FAULTY,FAULTY,True,0.17822265625
/kaggle/working/processed/10b035be-17d0-44ee-b64c-12d221102325_000000005699.png,0,1.0,0.02128601,0,0,GOOD,GOOD,True,0.17822265625
/kaggle/working/processed/a3ae1918-2626-4d67-9a17-9528c4581efd_000000012114.png,1,1.0,1.0,1,1,FAULTY,FAULTY,True,0.17822265625
/kaggle/working/processed/c6a3956d-30c4-4099-867b-01c209699295_000000004366.png,1,1.0,0.9975586,1,1,FAULTY,FAULTY,True,0.17822265625
/kaggle/working/processed/a0d7ab92-8e91-4c9a-8214-3a5cb2282281_000000025799.png,1,1.0,0.9995117,1,1,FAULTY,FAULTY,True,0.17822265625
/kaggle/working/processed/4de7d355-29d5-4b1b-af5e-94805c18e397_000000004246.png,1,1.0,0.9975586,1,1,FAULTY,FAULTY,True,0.17822265625
/kaggle/working/processed/55cec396-c495-44f9-8d27-d5217600abf4_000000016337.png,0,1.0,0.14111328,0,0,GOOD,GOOD,True,0.17822265625
/kaggle/working/processed/239e3428-42d3-4727-908d-2eef9dc08d1b_000000009292.png,0,1.0,0.04611206,0,0,GOOD,GOOD,True,0.17822265625
/kaggle/working/processed/e0f8d28d-da2a-4d46-952c-827c980c17eb_000000002045.png,1,1.0,0.9916992,1,1,FAULTY,FAULTY,True,0.17822265625
/kaggle/working/processed/33926984-cefa-40cc-89a2-b72943984937_000000019359.png,0,1.0,0.10559082,0,0,GOOD,GOOD,True,0.17822265625
/kaggle/working/processed/bd0524a6-f7e2-4d34-acaa-1c4eefebc417_000000021267.png,1,1.0,0.71435547,1,1,FAULTY,FAULTY,True,0.17822265625
/kaggle/working/processed/701914e4-702f-43dc-a2f8-9d2ffe454ecc_000000007876.png,1,1.0,1.0,1,1,FAULTY,FAULTY,True,0.17822265625
/kaggle/working/processed/f2580ff8-ba8e-44bd-a217-bd35ad495172_000000022738.png,1,1.0,0.98876953,1,1,FAULTY,FAULTY,True,0.17822265625
/kaggle/working/processed/097b2a53-cda8-4b10-aff9-cca3dd0e5ea0_000000013946.png,1,1.0,0.99853516,1,1,FAULTY,FAULTY,True,0.17822265625
/kaggle/working/processed/01bebd41-f60a-4981-85a7-4fd15e801adc_000000012394.png,1,1.0,0.46362305,1,1,FAULTY,FAULTY,True,0.17822265625
/kaggle/working/processed/f358af60-e1e0-43c3-afd1-d90e430d8f30_000000002327.png,0,1.0,0.06097412,0,0,GOOD,GOOD,True,0.17822265625
/kaggle/working/processed/092e15e1-0126-43b2-b463-9cde9d8266cf_000000001536.png,1,1.0,0.40771484,1,1,FAULTY,FAULTY,True,0.17822265625
/kaggle/working/processed/adba44ab-9df7-4d80-b724-86bf850bfd59_000000009264.png,1,1.0,0.9819336,1,1,FAULTY,FAULTY,True,0.17822265625
/kaggle/working/processed/4bd1d868-5b62-412d-9011-bf68ee3c7077_000000008900.png,1,1.0,0.80908203,1,1,FAULTY,FAULTY,True,0.17822265625
/kaggle/working/processed/4edb568d-3798-442c-b4ce-cae874b65a72_000000005518.png,0,1.0,0.04586792,0,0,GOOD,GOOD,True,0.17822265625
/kaggle/working/processed/da7da087-cc48-4e94-a016-32b328e3f319_000000013245.png,1,1.0,0.2902832,1,1,FAULTY,FAULTY,True,0.17822265625
/kaggle/working/processed/d2b46afb-8e47-4256-b8f8-86ef07d1233f_000000015959.png,1,1.0,0.44189453,1,1,FAULTY,FAULTY,True,0.17822265625
/kaggle/working/processed/4c3d442c-6e90-48fa-93c3-251aed6a5837_000000015897.png,1,1.0,0.9975586,1,1,FAULTY,FAULTY,True,0.17822265625
/kaggle/working/processed/0d7f9820-a052-41a8-a90a-7a3474f3fc5d_000000016918.png,0,1.0,0.06097412,0,0,GOOD,GOOD,True,0.17822265625
/kaggle/working/processed/760694d1-0490-41cd-9a7c-ce75e90f9604_000000018187.png,0,1.0,0.23706055,1,0,FAULTY,GOOD,False,0.17822265625
/kaggle/working/processed/29ab6195-6a57-417a-804f-38fd3186f708_000000026623.png,1,1.0,0.9941406,1,1,FAULTY,FAULTY,True,0.17822265625
/kaggle/working/processed/96fd4580-92fa-449e-8472-43639caa87b3_000000007176.png,0,6.0,0.8339844,1,0,FAULTY,GOOD,False,0.17822265625
/kaggle/working/processed/7b8d238c-f220-4315-904c-8b06f386e65e_000000008691.png,1,1.0,0.9995117,1,1,FAULTY,FAULTY,True,0.17822265625
/kaggle/working/processed/8b6cc32d-a07f-40a3-9709-611ac2c24cdf_000000032900.png,1,1.0,0.97802734,1,1,FAULTY,FAULTY,True,0.17822265625
/kaggle/working/processed/48f8d954-d7fb-4adb-8b85-ae38257345bb_000000010678.png,1,1.0,0.67529297,1,1,FAULTY,FAULTY,True,0.17822265625
/kaggle/working/processed/8031d3a2-0a8c-4d92-951a-d02cfe862879_000000023923.png,1,1.0,0.9897461,1,1,FAULTY,FAULTY,True,0.17822265625
/kaggle/working/processed/6faa14c6-2911-4c4f-9a4c-be52ab91e851_000000021897.png,0,6.0,0.43725586,1,0,FAULTY,GOOD,False,0.17822265625
/kaggle/working/processed/5656a32f-5dde-4dcc-bfbf-7bc0e5d52fab_000000008217.png,1,1.0,1.0,1,1,FAULTY,FAULTY,True,0.17822265625
/kaggle/working/processed/f697b300-e6cb-4742-abb5-459f470499f7_000000028575.png,0,1.0,0.11968994,0,0,GOOD,GOOD,True,0.17822265625
/kaggle/working/processed/a3ff2349-949b-43b0-9cd4-e5311f09001e_000000022018.png,1,1.0,0.85595703,1,1,FAULTY,FAULTY,True,0.17822265625
/kaggle/working/processed/e38f7fbe-c74c-456f-84b1-7424e433cde2_000000014740.png,0,1.0,0.081970215,0,0,GOOD,GOOD,True,0.17822265625
/kaggle/working/processed/941a8623-4840-4f48-8a55-00155b3a2f12_000000032832.png,0,6.0,0.3815918,1,0,FAULTY,GOOD,False,0.17822265625
/kaggle/working/processed/982e648c-1bb9-4b0c-9632-0e82c0cf3848_000000029328.png,0,1.0,0.14428711,0,0,GOOD,GOOD,True,0.17822265625
/kaggle/working/processed/49e06d6c-a045-49d5-8b2e-21795a07e9da_000000026119.png,0,1.0,0.1661377,0,0,GOOD,GOOD,True,0.17822265625
/kaggle/working/processed/f8eecc1e-ab8a-4796-ac1d-d02f8c2a7d04_000000008577.png,0,1.0,0.08154297,0,0,GOOD,GOOD,True,0.17822265625
/kaggle/working/processed/97dca208-8988-43fb-a8e1-a3bf18e58d3a_000000015070.png,1,1.0,1.0,1,1,FAULTY,FAULTY,True,0.17822265625
/kaggle/working/processed/7720db9a-2b2b-4bd9-85f6-3b01c3995d89_000000002203.png,1,1.0,0.6303711,1,1,FAULTY,FAULTY,True,0.17822265625
/kaggle/working/processed/8dab49c1-509f-482a-86cf-d674221a5dd5_000000010743.png,0,1.0,0.16662598,0,0,GOOD,GOOD,True,0.17822265625
/kaggle/working/processed/02014c24-32c0-4d91-882b-b3ccb92310ad_000000014076.png,0,6.0,0.119018555,0,0,GOOD,GOOD,True,0.17822265625
/kaggle/working/processed/e684bfbe-642f-43ab-9fcd-c4a7e1a83487_000000032125.png,1,1.0,0.99853516,1,1,FAULTY,FAULTY,True,0.17822265625
/kaggle/working/processed/4665372c-3f6c-43c0-9438-7cb2ed831dbb_000000011670.png,0,1.0,0.013633728,0,0,GOOD,GOOD,True,0.17822265625
/kaggle/working/processed/bb70bf21-1022-4005-a261-45f7275a3fde_000000025924.png,0,1.0,0.043121338,0,0,GOOD,GOOD,True,0.17822265625
/kaggle/working/processed/740a9a09-4d06-44d0-b358-01042ecfbb13_000000030762.png,0,6.0,0.22509766,1,0,FAULTY,GOOD,False,0.17822265625
/kaggle/working/processed/ba6bc7ab-8c91-4455-9410-8526b0f9c9cb_000000027211.png,1,1.0,1.0,1,1,FAULTY,FAULTY,True,0.17822265625
/kaggle/working/processed/b4c28945-baf9-435a-b1d7-3cec029a3b4a_000000017802.png,1,1.0,1.0,1,1,FAULTY,FAULTY,True,0.17822265625
/kaggle/working/processed/84529601-cbfc-4b85-ab28-4642f8551eda_000000021781.png,1,1.0,0.9277344,1,1,FAULTY,FAULTY,True,0.17822265625
/kaggle/working/processed/4d12b492-33a8-487d-861f-4f35fb1e70ca_000000003309.png,0,6.0,0.22033691,1,0,FAULTY,GOOD,False,0.17822265625
/kaggle/working/processed/bbbc79f8-a273-456b-8d22-56caf7c4dfa2_000000027580.png,1,1.0,0.99902344,1,1,FAULTY,FAULTY,True,0.17822265625
/kaggle/working/processed/7a252d4c-4547-4420-8765-fd2bac652e1c_000000002194.png,1,1.0,0.9995117,1,1,FAULTY,FAULTY,True,0.17822265625
/kaggle/working/processed/c1cbfd25-467e-4d80-9820-8feb7ae7a05b_000000034727.png,1,1.0,0.34521484,1,1,FAULTY,FAULTY,True,0.17822265625
/kaggle/working/processed/d0ef8449-fc29-4662-8d28-c039f6664d1c_000000016406.png,1,1.0,0.99072266,1,1,FAULTY,FAULTY,True,0.17822265625
/kaggle/working/processed/11c83c85-d9ac-4581-bd61-b2e3e6f7974f_000000013482.png,0,1.0,0.06781006,0,0,GOOD,GOOD,True,0.17822265625
/kaggle/working/processed/18910d41-c9aa-4b52-bfeb-cf96888b0da8_000000019702.png,1,1.0,0.34326172,1,1,FAULTY,FAULTY,True,0.17822265625
/kaggle/working/processed/03f59ed7-2d8a-4c33-835f-a85f7a0155cd_000000020222.png,1,1.0,1.0,1,1,FAULTY,FAULTY,True,0.17822265625
/kaggle/working/processed/5d623d0a-dca1-4d1c-a56e-aa5f16e965e9_000000019421.png,1,1.0,0.9511719,1,1,FAULTY,FAULTY,True,0.17822265625
/kaggle/working/processed/f8807696-84da-4369-a2c2-6e0793ec9729_000000028815.png,1,1.0,0.9995117,1,1,FAULTY,FAULTY,True,0.17822265625
/kaggle/working/processed/d643c4cd-c19f-4d4c-8294-fabc7d4615da_000000031318.png,1,1.0,0.9995117,1,1,FAULTY,FAULTY,True,0.17822265625
/kaggle/working/processed/d0d251f0-b801-4aac-b653-8a8e9fc364c3_000000024420.png,0,6.0,0.18835449,1,0,FAULTY,GOOD,False,0.17822265625
/kaggle/working/processed/3ddbd9e8-ee22-4f4b-b2df-ddb6ed8d9f12_000000008921.png,0,1.0,0.12878418,0,0,GOOD,GOOD,True,0.17822265625
/kaggle/working/processed/6ebb1384-75c6-4f70-bb64-3184ff515475_000000034928.png,1,1.0,0.94873047,1,1,FAULTY,FAULTY,True,0.17822265625
/kaggle/working/processed/076a03ca-5b62-4e08-9656-a13c6754c3bf_000000034513.png,0,1.0,0.0770874,0,0,GOOD,GOOD,True,0.17822265625
/kaggle/working/processed/71f7a624-6653-47e8-bb03-a03cc6ba5ffd_000000003989.png,1,1.0,0.9707031,1,1,FAULTY,FAULTY,True,0.17822265625
/kaggle/working/processed/993291b2-e129-4a79-84d7-f1c6d92c8e74_000000004801.png,1,1.0,0.99902344,1,1,FAULTY,FAULTY,True,0.17822265625
/kaggle/working/processed/f5b7789b-8ea9-4b44-82a5-8671e517b6f3_000000013832.png,1,1.0,0.9824219,1,1,FAULTY,FAULTY,True,0.17822265625
/kaggle/working/processed/ef45d51f-6f29-4132-8731-824ed5b98742_000000008852.png,1,1.0,0.9790039,1,1,FAULTY,FAULTY,True,0.17822265625
/kaggle/working/processed/3a83a339-c4d3-46b1-9b0a-bc03852ec8c4_000000027290.png,0,1.0,0.09075928,0,0,GOOD,GOOD,True,0.17822265625
/kaggle/working/processed/eaa023b5-5e2e-47da-91de-b52bbd60e131_000000000991.png,1,1.0,1.0,1,1,FAULTY,FAULTY,True,0.17822265625
/kaggle/working/processed/ad0c9f6b-48b1-4cf5-981d-2c3745c92234_000000015521.png,0,6.0,0.19116211,1,0,FAULTY,GOOD,False,0.17822265625
/kaggle/working/processed/346a8adf-d43b-4587-9a18-cc5a2ea7bc7a_000000000100.png,1,1.0,0.99560547,1,1,FAULTY,FAULTY,True,0.17822265625
/kaggle/working/processed/e20ee07b-af30-4a01-ad4f-1a85813ed01c_000000005013.png,1,1.0,1.0,1,1,FAULTY,FAULTY,True,0.17822265625
/kaggle/working/processed/f87c4320-b81b-4226-a0ba-2a754988160a_000000018766.png,0,6.0,0.23632812,1,0,FAULTY,GOOD,False,0.17822265625
/kaggle/working/processed/16f3188d-1422-46bf-92a8-2731432e9635_000000032454.png,1,1.0,0.9941406,1,1,FAULTY,FAULTY,True,0.17822265625
/kaggle/working/processed/0dc88cac-b865-406c-9a9f-2677b8c38349_000000005685.png,1,1.0,1.0,1,1,FAULTY,FAULTY,True,0.17822265625
/kaggle/working/processed/cadbea85-0b27-48dd-9c6b-25aa222365cf_000000006754.png,1,1.0,1.0,1,1,FAULTY,FAULTY,True,0.17822265625
/kaggle/working/processed/66d6b3a8-c821-4bf2-a5bb-70384a453cd6_000000009922.png,1,1.0,0.9995117,1,1,FAULTY,FAULTY,True,0.17822265625
/kaggle/working/processed/3a5def80-4469-4515-ac77-a007c4ede3fa_000000031677.png,1,1.0,1.0,1,1,FAULTY,FAULTY,True,0.17822265625
/kaggle/working/processed/93b75f66-4a83-4dbf-a284-50824383e291_000000005160.png,1,1.0,0.4086914,1,1,FAULTY,FAULTY,True,0.17822265625
/kaggle/working/processed/bb5e5722-3607-478f-b8c8-139c744f4d50_000000005153.png,0,1.0,0.2064209,1,0,FAULTY,GOOD,False,0.17822265625
/kaggle/working/processed/bcb3a484-ecd7-47e1-93af-3128fe7f7d28_000000012047.png,1,1.0,0.8720703,1,1,FAULTY,FAULTY,True,0.17822265625
/kaggle/working/processed/fce9d1b4-148f-460c-b8d7-a739f0e9ce96_000000028675.png,1,1.0,0.90185547,1,1,FAULTY,FAULTY,True,0.17822265625
/kaggle/working/processed/81d56468-2af0-4533-b6f7-c16fbe6d13d0_000000017345.png,0,1.0,0.13500977,0,0,GOOD,GOOD,True,0.17822265625
/kaggle/working/processed/d543be88-2204-48fa-8592-28817639a93c_000000002367.png,0,6.0,0.57666016,1,0,FAULTY,GOOD,False,0.17822265625
/kaggle/working/processed/9d8e9c64-6036-401c-be3f-e914036a2c5b_000000000350.png,0,6.0,0.20800781,1,0,FAULTY,GOOD,False,0.17822265625
/kaggle/working/processed/19fe5738-e62c-485e-aafa-aef4ef0846cf_000000007392.png,0,6.0,0.34179688,1,0,FAULTY,GOOD,False,0.17822265625
/kaggle/working/processed/f324b05c-ab54-466c-b8a4-d22c441ce800_000000006979.png,0,1.0,0.08166504,0,0,GOOD,GOOD,True,0.17822265625
/kaggle/working/processed/fe198410-bf8c-47ed-87d9-f1f398e32138_000000000182.png,1,1.0,0.7685547,1,1,FAULTY,FAULTY,True,0.17822265625
/kaggle/working/processed/828e8b18-6cce-4396-b338-38fd0f4f0a77_000000016447.png,1,1.0,0.9975586,1,1,FAULTY,FAULTY,True,0.17822265625
/kaggle/working/processed/da031eb6-1e77-4748-babf-8a87fbe82a5d_000000017062.png,0,6.0,0.1661377,0,0,GOOD,GOOD,True,0.17822265625
/kaggle/working/processed/b681c00c-59bd-469a-946e-3c334dd9cfe4_000000019445.png,0,6.0,0.11419678,0,0,GOOD,GOOD,True,0.17822265625
/kaggle/working/processed/e139167f-aee3-41ed-b4b5-ea796d8bb4dd_000000016288.png,0,6.0,0.15881348,0,0,GOOD,GOOD,True,0.17822265625
/kaggle/working/processed/f98d4aa6-0b92-42f3-ae9a-650288d045ea_000000028221.png,1,1.0,0.9941406,1,1,FAULTY,FAULTY,True,0.17822265625
/kaggle/working/processed/c33ec733-60b7-43d5-818c-8cdb3043845f_000000032251.png,1,1.0,0.9819336,1,1,FAULTY,FAULTY,True,0.17822265625
/kaggle/working/processed/3c814841-2a1d-45d5-8f39-b61a162f9c88_000000028247.png,1,1.0,1.0,1,1,FAULTY,FAULTY,True,0.17822265625
/kaggle/working/processed/87c66101-a174-4ed3-b2e6-d068cd6e5958_000000016919.png,0,1.0,0.04647827,0,0,GOOD,GOOD,True,0.17822265625
/kaggle/working/processed/a2e80a29-e52a-4399-a4cb-cf2e4d16739d_000000031420.png,0,6.0,0.34277344,1,0,FAULTY,GOOD,False,0.17822265625
/kaggle/working/processed/1b1b4760-9bff-4d61-9dff-c6a5d4b1cf70_000000000316.png,0,6.0,0.24633789,1,0,FAULTY,GOOD,False,0.17822265625
/kaggle/working/processed/fec4e055-d67f-40af-8b73-8d564d4c652d_000000007817.png,0,1.0,0.07739258,0,0,GOOD,GOOD,True,0.17822265625
/kaggle/working/processed/078a3996-7d95-40de-935a-20606c240d46_000000029303.png,0,1.0,0.07385254,0,0,GOOD,GOOD,True,0.17822265625
/kaggle/working/processed/6cd90a44-56c7-4341-b4e4-b9d146c19339_000000031428.png,1,1.0,0.83740234,1,1,FAULTY,FAULTY,True,0.17822265625
/kaggle/working/processed/b0e2ebdf-694e-479a-9778-8578de1e2838_000000033363.png,0,1.0,0.072509766,0,0,GOOD,GOOD,True,0.17822265625
/kaggle/working/processed/a428a23d-00fd-42af-88c0-52b1a414345b_000000016631.png,0,6.0,0.34887695,1,0,FAULTY,GOOD,False,0.17822265625
/kaggle/working/processed/888a1823-df67-462d-949a-613ccfd255b2_000000014590.png,0,6.0,0.45458984,1,0,FAULTY,GOOD,False,0.17822265625
/kaggle/working/processed/71645c21-f6cd-4494-8e2a-ea9878a83bbd_000000032868.png,0,1.0,0.27563477,1,0,FAULTY,GOOD,False,0.17822265625
/kaggle/working/processed/2109c51e-e7c8-4123-99a1-c77947b8a673_000000021966.png,0,1.0,0.105407715,0,0,GOOD,GOOD,True,0.17822265625
/kaggle/working/processed/05c12b22-b121-4bb9-b0b9-6a59357f293c_000000010062.png,0,6.0,0.4152832,1,0,FAULTY,GOOD,False,0.17822265625
/kaggle/working/processed/f0d85a59-9a85-40ed-9319-8d3812d1061c_000000026673.png,1,1.0,0.99609375,1,1,FAULTY,FAULTY,True,0.17822265625
/kaggle/working/processed/b5ed758c-73b8-471e-ae06-f34820a1551e_000000010844.png,1,1.0,1.0,1,1,FAULTY,FAULTY,True,0.17822265625
/kaggle/working/processed/e5cb64de-f5f7-4e71-ad2f-33bdd31f79bf_000000010379.png,1,1.0,0.9921875,1,1,FAULTY,FAULTY,True,0.17822265625
/kaggle/working/processed/c6564b36-0ebc-4b2a-91a9-987d5363e915_000000025296.png,1,1.0,0.99121094,1,1,FAULTY,FAULTY,True,0.17822265625
/kaggle/working/processed/3d367638-8b0e-4a77-a643-7c78068c5310_000000021422.png,0,6.0,0.7919922,1,0,FAULTY,GOOD,False,0.17822265625
/kaggle/working/processed/eace1a10-51f1-4ad1-975c-a3e724865fbe_000000001525.png,1,1.0,0.99853516,1,1,FAULTY,FAULTY,True,0.17822265625
/kaggle/working/processed/3ed08045-c7f6-4812-a4a3-dd34d04e34b2_000000013929.png,0,6.0,0.11218262,0,0,GOOD,GOOD,True,0.17822265625
/kaggle/working/processed/dbe19a9a-c552-440d-990f-5dcf03f60b21_000000022987.png,0,1.0,0.11395264,0,0,GOOD,GOOD,True,0.17822265625
/kaggle/working/processed/5331593f-d53b-43f2-8059-f7757e32c13c_000000018851.png,1,1.0,0.9326172,1,1,FAULTY,FAULTY,True,0.17822265625
/kaggle/working/processed/81e022df-b457-438d-86c3-d4b5e55aa5f7_000000007862.png,0,6.0,0.48608398,1,0,FAULTY,GOOD,False,0.17822265625
/kaggle/working/processed/aab0d6dd-2fc0-4f46-b7dc-5f29c723b6f7_000000027035.png,1,1.0,0.9980469,1,1,FAULTY,FAULTY,True,0.17822265625
/kaggle/working/processed/beb68356-aa66-4647-bde5-59c5fd9d1f1a_000000020550.png,1,1.0,0.9926758,1,1,FAULTY,FAULTY,True,0.17822265625
/kaggle/working/processed/496ade3d-a914-4ac4-bae7-37e594d775c4_000000025354.png,1,1.0,0.74853516,1,1,FAULTY,FAULTY,True,0.17822265625
/kaggle/working/processed/10a25ba8-cf97-469e-a428-a066628ae32e_000000027793.png,0,6.0,0.23376465,1,0,FAULTY,GOOD,False,0.17822265625
/kaggle/working/processed/dbac89d5-9e03-432e-8f25-f3522603f2a0_000000013687.png,1,1.0,0.9980469,1,1,FAULTY,FAULTY,True,0.17822265625
/kaggle/working/processed/a9b9015b-ca71-457a-9e70-9b73641690e5_000000026825.png,1,1.0,1.0,1,1,FAULTY,FAULTY,True,0.17822265625
/kaggle/working/processed/4a375b5a-b7e7-4a51-936c-f9c90685fd0c_000000029688.png,1,1.0,0.9477539,1,1,FAULTY,FAULTY,True,0.17822265625
/kaggle/working/processed/71bdd8a1-2c09-400b-acab-ffb5dc1f0d9a_000000025332.png,0,6.0,0.30664062,1,0,FAULTY,GOOD,False,0.17822265625
/kaggle/working/processed/0e3cf702-1580-40ef-96de-bea85607fe6f_000000002345.png,0,6.0,0.515625,1,0,FAULTY,GOOD,False,0.17822265625
/kaggle/working/processed/1627da04-edbd-4a12-b3ae-ecc72e3270a3_000000014220.png,0,1.0,0.16357422,0,0,GOOD,GOOD,True,0.17822265625
/kaggle/working/processed/104ac970-72ba-43c7-8b38-3bb94d2e6987_000000010723.png,1,1.0,0.99902344,1,1,FAULTY,FAULTY,True,0.17822265625
/kaggle/working/processed/1ff48ea5-5bd8-4458-b747-18a0485d67d7_000000022656.png,0,6.0,0.6582031,1,0,FAULTY,GOOD,False,0.17822265625
/kaggle/working/processed/d20c7e52-46fe-4263-9a1f-b4301beb4830_000000025678.png,0,1.0,0.02696228,0,0,GOOD,GOOD,True,0.17822265625
/kaggle/working/processed/b1d78d75-44d2-4c5f-beb9-9db271c599d3_000000019150.png,0,1.0,0.15576172,0,0,GOOD,GOOD,True,0.17822265625
/kaggle/working/processed/8a97ee56-43e1-4701-a307-19005bc6d29b_000000011458.png,0,6.0,0.41967773,1,0,FAULTY,GOOD,False,0.17822265625
/kaggle/working/processed/bff8d360-1d9a-44d0-99a0-6a589dacc7bc_000000023787.png,1,1.0,0.99560547,1,1,FAULTY,FAULTY,True,0.17822265625
/kaggle/working/processed/77235466-7691-478e-859f-87671ec99c47_000000027514.png,1,1.0,1.0,1,1,FAULTY,FAULTY,True,0.17822265625
/kaggle/working/processed/269d9666-8cc4-4e58-adfd-72e4f6c4637e_000000026143.png,1,1.0,0.96240234,1,1,FAULTY,FAULTY,True,0.17822265625
/kaggle/working/processed/c13641b3-b9ed-42ee-9459-7afc99981357_000000021821.png,1,1.0,0.9980469,1,1,FAULTY,FAULTY,True,0.17822265625
/kaggle/working/processed/38cda2b0-39f4-45e9-8934-1bd56df7b92e_000000029755.png,1,1.0,0.78222656,1,1,FAULTY,FAULTY,True,0.17822265625
/kaggle/working/processed/9f9852f3-b5da-44f4-a208-5182da389ed2_000000034280.png,0,1.0,0.025863647,0,0,GOOD,GOOD,True,0.17822265625
/kaggle/working/processed/ef888b1a-34ba-4692-8d5b-f08cb9c31f0b_000000030233.png,1,1.0,0.99853516,1,1,FAULTY,FAULTY,True,0.17822265625
/kaggle/working/processed/62a79724-9ccc-4c1c-be13-aed88ff32b17_000000024334.png,0,1.0,0.0927124,0,0,GOOD,GOOD,True,0.17822265625
/kaggle/working/processed/76344214-f453-443a-9a57-f34f1c7a1148_000000032637.png,1,1.0,0.99902344,1,1,FAULTY,FAULTY,True,0.17822265625
/kaggle/working/processed/9bbbc2f0-1642-4500-a554-59635278efa6_000000025702.png,1,1.0,1.0,1,1,FAULTY,FAULTY,True,0.17822265625
/kaggle/working/processed/60c114f0-1fb1-4b7e-91a8-d19efabfa8ca_000000021330.png,1,1.0,0.99853516,1,1,FAULTY,FAULTY,True,0.17822265625
/kaggle/working/processed/ee498884-eb84-42b5-9dbb-3833c4de4c96_000000000203.png,1,1.0,0.31518555,1,1,FAULTY,FAULTY,True,0.17822265625
/kaggle/working/processed/daf7be58-efda-4600-9a9b-32506aa0afca_000000026458.png,0,6.0,0.23022461,1,0,FAULTY,GOOD,False,0.17822265625
/kaggle/working/processed/253a855a-5443-468a-b8d4-07323b9fef8e_000000032796.png,1,1.0,0.99902344,1,1,FAULTY,FAULTY,True,0.17822265625
/kaggle/working/processed/ad48abb2-1951-459b-8531-4b18f0be9785_000000012794.png,1,1.0,0.42358398,1,1,FAULTY,FAULTY,True,0.17822265625
/kaggle/working/processed/53327466-477d-40d5-bdb1-12b7734beec3_000000022732.png,0,1.0,0.15844727,0,0,GOOD,GOOD,True,0.17822265625
/kaggle/working/processed/c1364076-77ce-4ced-8e01-1c759c5da390_000000019388.png,1,1.0,0.9995117,1,1,FAULTY,FAULTY,True,0.17822265625
/kaggle/working/processed/31286e30-f799-4a2d-80b3-d67195c5be75_000000025167.png,0,1.0,0.11029053,0,0,GOOD,GOOD,True,0.17822265625
/kaggle/working/processed/40151fab-6565-4938-8423-9bb95cfea18e_000000032012.png,0,1.0,0.15258789,0,0,GOOD,GOOD,True,0.17822265625
/kaggle/working/processed/8ba6757f-73da-4697-8b98-89d644612679_000000021385.png,1,1.0,0.99853516,1,1,FAULTY,FAULTY,True,0.17822265625
/kaggle/working/processed/38985b8b-0472-48d4-89df-e97deeb757af_000000030051.png,1,1.0,0.9995117,1,1,FAULTY,FAULTY,True,0.17822265625
/kaggle/working/processed/6ee663f5-a21b-4544-a190-c60513581d28_000000024139.png,1,1.0,0.9663086,1,1,FAULTY,FAULTY,True,0.17822265625
/kaggle/working/processed/64ade959-8f3d-49ca-a0d9-c3d630e00d12_000000019040.png,1,1.0,0.8959961,1,1,FAULTY,FAULTY,True,0.17822265625
/kaggle/working/processed/59e14a27-3f00-4169-9e65-340312598691_000000031304.png,1,1.0,0.7861328,1,1,FAULTY,FAULTY,True,0.17822265625
/kaggle/working/processed/5113d668-7d6b-4df3-bb29-1cac74235bac_000000003335.png,1,1.0,1.0,1,1,FAULTY,FAULTY,True,0.17822265625
/kaggle/working/processed/3cfa53b2-579a-495c-b5c9-1cb55608bd66_000000005761.png,0,1.0,0.1697998,0,0,GOOD,GOOD,True,0.17822265625
/kaggle/working/processed/9cee0a11-30af-42f0-b81b-d85a540266b2_000000008448.png,1,1.0,0.7817383,1,1,FAULTY,FAULTY,True,0.17822265625
/kaggle/working/processed/c8abdf5b-9864-41c2-a336-2b6476672f65_000000032207.png,1,1.0,0.99853516,1,1,FAULTY,FAULTY,True,0.17822265625
/kaggle/working/processed/33f04e66-1abb-4d03-b1f6-e69d0a7165b0_000000026391.png,0,1.0,0.1706543,0,0,GOOD,GOOD,True,0.17822265625
/kaggle/working/processed/40a017a7-918e-4312-8d01-77f36ca405f2_000000007860.png,1,1.0,0.9868164,1,1,FAULTY,FAULTY,True,0.17822265625
/kaggle/working/processed/6a9dd2ac-edf0-4a63-ae54-9ba86bd31997_000000018488.png,0,1.0,0.090270996,0,0,GOOD,GOOD,True,0.17822265625
/kaggle/working/processed/affe41aa-21fa-4817-8084-af0c0dde66c8_000000023599.png,1,1.0,0.91796875,1,1,FAULTY,FAULTY,True,0.17822265625
/kaggle/working/processed/ebf1471f-2a09-4580-96d9-22a090cbd8e5_000000027190.png,1,1.0,1.0,1,1,FAULTY,FAULTY,True,0.17822265625
/kaggle/working/processed/ce453ab2-019f-4661-b81a-e45a18e47e6d_000000027865.png,1,1.0,0.92871094,1,1,FAULTY,FAULTY,True,0.17822265625
/kaggle/working/processed/7222c776-3d76-412f-b05a-a877faca65cc_000000014104.png,0,1.0,0.06707764,0,0,GOOD,GOOD,True,0.17822265625
/kaggle/working/processed/b9f8d9d4-e99d-4e30-955c-683567e427a1_000000025701.png,0,1.0,0.14611816,0,0,GOOD,GOOD,True,0.17822265625
/kaggle/working/processed/5d0e9ff7-66ad-4e30-8a36-6cac42b83193_000000021383.png,1,1.0,1.0,1,1,FAULTY,FAULTY,True,0.17822265625
/kaggle/working/processed/532a390e-7123-4fe1-9b1a-dff05ce5dfaf_000000011975.png,1,1.0,0.73583984,1,1,FAULTY,FAULTY,True,0.17822265625
/kaggle/working/processed/1ce933c9-62b4-4740-be72-662d3b0d4777_000000004396.png,0,1.0,0.15783691,0,0,GOOD,GOOD,True,0.17822265625
/kaggle/working/processed/3f182c6e-029d-44f4-a5d9-21003e355eba_000000008372.png,0,1.0,0.1541748,0,0,GOOD,GOOD,True,0.17822265625
/kaggle/working/processed/f3f69c10-941c-4542-89b3-823a6c6065c0_000000000310.png,1,1.0,1.0,1,1,FAULTY,FAULTY,True,0.17822265625
/kaggle/working/processed/61e084d4-06ca-4fbc-8cb8-ade983d9f997_000000000543.png,0,1.0,0.17041016,0,0,GOOD,GOOD,True,0.17822265625
/kaggle/working/processed/12712080-e31e-4bbf-8c7a-8513ef2e2418_000000019332.png,1,1.0,0.8911133,1,1,FAULTY,FAULTY,True,0.17822265625
/kaggle/working/processed/785edccd-2880-4515-a223-7205e5408e74_000000002996.png,1,1.0,0.64990234,1,1,FAULTY,FAULTY,True,0.17822265625
/kaggle/working/processed/f06fd536-2296-4dae-909c-a416c3b7dead_000000008435.png,1,1.0,1.0,1,1,FAULTY,FAULTY,True,0.17822265625
/kaggle/working/processed/9e1e443d-bba3-4af6-9a7c-e28793c74387_000000031369.png,1,1.0,0.99902344,1,1,FAULTY,FAULTY,True,0.17822265625
/kaggle/working/processed/765ac594-3796-4d54-872b-14ae05566509_000000006022.png,0,6.0,0.21398926,1,0,FAULTY,GOOD,False,0.17822265625
/kaggle/working/processed/01f21b66-72a3-45d6-bd2c-fe300e5d2494_000000028624.png,0,1.0,0.16210938,0,0,GOOD,GOOD,True,0.17822265625
/kaggle/working/processed/3d41321e-42f7-4394-974d-df1be90822db_000000009174.png,1,1.0,0.9243164,1,1,FAULTY,FAULTY,True,0.17822265625
/kaggle/working/processed/31d67778-1230-4ce7-b776-bb6b74cd90f7_000000001332.png,1,1.0,1.0,1,1,FAULTY,FAULTY,True,0.17822265625
/kaggle/working/processed/134bc72b-419e-45c7-aa00-03faa9f403ae_000000019486.png,1,1.0,0.99316406,1,1,FAULTY,FAULTY,True,0.17822265625
/kaggle/working/processed/49529b86-eb5c-4e18-b4bc-f1183b2e0179_000000004133.png,0,6.0,0.27954102,1,0,FAULTY,GOOD,False,0.17822265625
/kaggle/working/processed/113c8f1d-7a68-4946-b3c6-20e7b972d069_000000029250.png,0,1.0,0.01737976,0,0,GOOD,GOOD,True,0.17822265625
/kaggle/working/processed/0e758bb7-c715-41bd-a8ad-dc1c20d3b916_000000033016.png,1,1.0,0.9707031,1,1,FAULTY,FAULTY,True,0.17822265625
/kaggle/working/processed/3469e85b-8d93-4782-afa8-6d4a3b6bc260_000000030659.png,0,1.0,0.041381836,0,0,GOOD,GOOD,True,0.17822265625
/kaggle/working/processed/4afb0f86-4ad1-4c88-b370-13a7ee629db9_000000030631.png,1,1.0,0.95654297,1,1,FAULTY,FAULTY,True,0.17822265625
/kaggle/working/processed/19860ea4-fc16-4fd9-b533-d8901e13b5e6_000000021785.png,1,1.0,0.99609375,1,1,FAULTY,FAULTY,True,0.17822265625
/kaggle/working/processed/82c3da16-6166-40cb-af3b-75e7eb4dc85a_000000034665.png,1,1.0,1.0,1,1,FAULTY,FAULTY,True,0.17822265625
/kaggle/working/processed/c0ecc5c3-4fba-48a6-b2d4-e112433fbfeb_000000035178.png,1,1.0,0.56640625,1,1,FAULTY,FAULTY,True,0.17822265625
/kaggle/working/processed/6f3fad9c-5bf1-4179-ad15-7128c0c6571d_000000023210.png,1,1.0,1.0,1,1,FAULTY,FAULTY,True,0.17822265625
/kaggle/working/processed/5edbae5b-af7d-4618-ad9d-744e65c90826_000000013005.png,1,1.0,0.89990234,1,1,FAULTY,FAULTY,True,0.17822265625
/kaggle/working/processed/ddb629a7-8485-493d-b4e3-b3b58704d94a_000000033532.png,0,1.0,0.08282471,0,0,GOOD,GOOD,True,0.17822265625
/kaggle/working/processed/78fbf773-7d77-4f9d-9cd4-71f59be68e0d_000000029506.png,0,6.0,0.30004883,1,0,FAULTY,GOOD,False,0.17822265625
/kaggle/working/processed/7eacc842-1da9-4a50-966e-8e9558b33373_000000023424.png,0,1.0,0.105773926,0,0,GOOD,GOOD,True,0.17822265625
/kaggle/working/processed/5f561d28-35a9-410d-a574-ef937d0403b4_000000004326.png,1,1.0,0.9350586,1,1,FAULTY,FAULTY,True,0.17822265625
/kaggle/working/processed/ae977a9c-4db3-42b5-8468-bf5659468b58_000000008615.png,0,6.0,0.35253906,1,0,FAULTY,GOOD,False,0.17822265625
/kaggle/working/processed/4ca4f7c7-891a-4c54-83a5-7efea4bdb7e0_000000006675.png,1,1.0,0.7446289,1,1,FAULTY,FAULTY,True,0.17822265625
/kaggle/working/processed/97ceafcf-8951-4023-967d-b9d301306676_000000016279.png,1,1.0,0.9995117,1,1,FAULTY,FAULTY,True,0.17822265625
/kaggle/working/processed/719e9c33-8ea1-4f08-8330-4c88785c3dde_000000027228.png,1,1.0,0.3918457,1,1,FAULTY,FAULTY,True,0.17822265625
/kaggle/working/processed/6fb7adff-63b2-43e3-8fc8-cb677e51732b_000000017283.png,1,1.0,0.9067383,1,1,FAULTY,FAULTY,True,0.17822265625
/kaggle/working/processed/b02c580e-96ab-4455-937a-8798ae0fb2bb_000000021325.png,0,6.0,0.13671875,0,0,GOOD,GOOD,True,0.17822265625
/kaggle/working/processed/c5acf76e-810b-4271-bff1-91735d41d33e_000000027542.png,0,1.0,0.08850098,0,0,GOOD,GOOD,True,0.17822265625
/kaggle/working/processed/15e41465-8593-4735-8091-d7f46b4aad48_000000015246.png,0,1.0,0.08331299,0,0,GOOD,GOOD,True,0.17822265625
/kaggle/working/processed/adf556bc-9cae-4d4d-8ddd-573d617adce1_000000003930.png,0,1.0,0.096191406,0,0,GOOD,GOOD,True,0.17822265625
/kaggle/working/processed/46666277-bcfb-448a-8a4b-e163d40a1961_000000003150.png,0,6.0,0.7836914,1,0,FAULTY,GOOD,False,0.17822265625
/kaggle/working/processed/3f85894a-837b-4fca-b71e-11466ae6a2dc_000000016781.png,0,6.0,0.52441406,1,0,FAULTY,GOOD,False,0.17822265625
/kaggle/working/processed/3fdd4c63-0909-4510-929b-9a52d299b1e9_000000017585.png,1,1.0,0.85253906,1,1,FAULTY,FAULTY,True,0.17822265625
/kaggle/working/processed/10dcfc03-393e-4ba1-bc2e-0bf243d7bf62_000000028396.png,1,1.0,0.30395508,1,1,FAULTY,FAULTY,True,0.17822265625
/kaggle/working/processed/f62cd54a-27bc-4426-bc08-70048e57d672_000000007445.png,1,1.0,0.546875,1,1,FAULTY,FAULTY,True,0.17822265625
/kaggle/working/processed/cd3e73a6-4a37-4b16-98e7-6e5a557c8a02_000000027884.png,1,1.0,0.9560547,1,1,FAULTY,FAULTY,True,0.17822265625
/kaggle/working/processed/d87c6260-551b-4b04-9ca8-13acd1c16e31_000000005272.png,1,1.0,0.9980469,1,1,FAULTY,FAULTY,True,0.17822265625
/kaggle/working/processed/3a979984-a8ae-4b14-9f4d-25c8fde1a1aa_000000021177.png,0,6.0,0.15539551,0,0,GOOD,GOOD,True,0.17822265625
/kaggle/working/processed/2e5e98a2-97ae-487b-a85d-b1e3097a66e1_000000023403.png,0,1.0,0.112976074,0,0,GOOD,GOOD,True,0.17822265625
/kaggle/working/processed/24c0ad5d-901e-4554-b8e7-8e988041bc4c_000000015703.png,1,1.0,0.99902344,1,1,FAULTY,FAULTY,True,0.17822265625
/kaggle/working/processed/00a5c62b-8d78-4dac-a11a-9a29fb9a4958_000000007843.png,0,1.0,0.03314209,0,0,GOOD,GOOD,True,0.17822265625
/kaggle/working/processed/18c68a69-4113-499f-8d79-05f8b10cc480_000000027133.png,0,1.0,0.17248535,0,0,GOOD,GOOD,True,0.17822265625
/kaggle/working/processed/f411a870-0100-491c-81c1-efa8f94c1bc5_000000031176.png,1,1.0,0.9897461,1,1,FAULTY,FAULTY,True,0.17822265625
/kaggle/working/processed/ef527d72-a03c-4bba-ac6a-5e642049d942_000000015285.png,1,1.0,0.76904297,1,1,FAULTY,FAULTY,True,0.17822265625
/kaggle/working/processed/9ed69d0b-a899-483b-bd2e-83a5d58c20fb_000000009501.png,1,1.0,0.9995117,1,1,FAULTY,FAULTY,True,0.17822265625
/kaggle/working/processed/7fbc0f64-9cce-4205-8861-5d3f3e446259_000000001634.png,1,4.0,0.09124756,0,1,GOOD,FAULTY,False,0.17822265625
/kaggle/working/processed/34ee4574-00be-4b82-b68d-a9460bd33744_000000026038.png,1,1.0,0.5185547,1,1,FAULTY,FAULTY,True,0.17822265625
/kaggle/working/processed/20a86e4b-1a5c-485e-8d89-cf1e7550df05_000000017647.png,1,1.0,0.5366211,1,1,FAULTY,FAULTY,True,0.17822265625
/kaggle/working/processed/5dc4c8ce-19f6-4b22-94b3-e67e4b45d5fe_000000014895.png,1,1.0,0.9995117,1,1,FAULTY,FAULTY,True,0.17822265625
/kaggle/working/processed/875dc9a4-405e-48fb-8ce0-9272fb11ddff_000000024404.png,1,1.0,1.0,1,1,FAULTY,FAULTY,True,0.17822265625
/kaggle/working/processed/98bffdfa-ed27-4622-8850-c482e27203ea_000000024111.png,1,1.0,0.36132812,1,1,FAULTY,FAULTY,True,0.17822265625
/kaggle/working/processed/625a57d6-dbf4-449d-b7e5-0cccbae1a324_000000022031.png,1,1.0,0.96875,1,1,FAULTY,FAULTY,True,0.17822265625
/kaggle/working/processed/11314431-4650-419b-af19-caaf81eb7344_000000004078.png,0,1.0,0.17626953,0,0,GOOD,GOOD,True,0.17822265625
/kaggle/working/processed/18e456ad-eed4-40e3-b188-ee9380dc2b1f_000000001842.png,1,1.0,0.5366211,1,1,FAULTY,FAULTY,True,0.17822265625
/kaggle/working/processed/428d0ca6-3f72-4d61-ab08-c109a99a2f9d_000000005780.png,1,1.0,0.9975586,1,1,FAULTY,FAULTY,True,0.17822265625
/kaggle/working/processed/d58ea575-a13d-43d7-a11c-91ad4f342666_000000005210.png,0,1.0,0.055114746,0,0,GOOD,GOOD,True,0.17822265625
/kaggle/working/processed/a601e74c-5371-4942-8264-d21294a75bf0_000000016332.png,1,1.0,0.9975586,1,1,FAULTY,FAULTY,True,0.17822265625
/kaggle/working/processed/3d1b6279-d4a9-43df-affd-d68b1159ce3f_000000031720.png,1,1.0,1.0,1,1,FAULTY,FAULTY,True,0.17822265625
/kaggle/working/processed/7eb02208-fc3f-4804-9afa-b4148a936669_000000025665.png,1,1.0,0.9995117,1,1,FAULTY,FAULTY,True,0.17822265625
/kaggle/working/processed/946200cc-94d1-459d-a03e-538b66bb886b_000000010140.png,0,1.0,0.06573486,0,0,GOOD,GOOD,True,0.17822265625
/kaggle/working/processed/2174338d-c81d-460e-bcee-acb4e179a390_000000026347.png,0,1.0,0.118774414,0,0,GOOD,GOOD,True,0.17822265625
/kaggle/working/processed/41170fd3-9ff3-46b5-9251-87fd5eb84746_000000020287.png,1,1.0,0.9848633,1,1,FAULTY,FAULTY,True,0.17822265625
/kaggle/working/processed/a97b6e3c-03fc-479d-8838-9654c0780d7f_000000001048.png,1,1.0,0.99560547,1,1,FAULTY,FAULTY,True,0.17822265625
/kaggle/working/processed/95874dcc-0277-4045-9e30-dd1a9ce08a79_000000018729.png,1,1.0,0.9902344,1,1,FAULTY,FAULTY,True,0.17822265625
/kaggle/working/processed/78b1d7de-35a5-45a5-8e56-05600c1382de_000000029927.png,1,1.0,0.9921875,1,1,FAULTY,FAULTY,True,0.17822265625
/kaggle/working/processed/8b3b8cac-d782-44b5-abe6-a18d4fac3a94_000000007861.png,1,1.0,0.8930664,1,1,FAULTY,FAULTY,True,0.17822265625
/kaggle/working/processed/2f82cd40-de51-417e-8e11-f86147e660f5_000000018035.png,0,6.0,0.115356445,0,0,GOOD,GOOD,True,0.17822265625
/kaggle/working/processed/0cb126ca-2f58-435c-96df-027d92e0d616_000000005329.png,1,1.0,1.0,1,1,FAULTY,FAULTY,True,0.17822265625
/kaggle/working/processed/fdda9aef-34d8-4f1c-a472-cb0d8a7e6161_000000033197.png,1,1.0,1.0,1,1,FAULTY,FAULTY,True,0.17822265625
/kaggle/working/processed/cc5b86d6-58b1-470d-9872-4b02dc38fa5d_000000012661.png,1,1.0,1.0,1,1,FAULTY,FAULTY,True,0.17822265625
/kaggle/working/processed/4367585b-c148-46b6-9a83-c8a5842fab4e_000000015353.png,1,1.0,1.0,1,1,FAULTY,FAULTY,True,0.17822265625
/kaggle/working/processed/15bba321-6115-4dce-b249-b26faefeb11e_000000009464.png,1,1.0,1.0,1,1,FAULTY,FAULTY,True,0.17822265625
/kaggle/working/processed/be946188-9fe7-4186-a446-97631f5ca8f2_000000004598.png,1,1.0,0.5761719,1,1,FAULTY,FAULTY,True,0.17822265625
/kaggle/working/processed/166fa1bd-2652-46e6-9bf3-92cf9d5896fb_000000000596.png,0,1.0,0.043029785,0,0,GOOD,GOOD,True,0.17822265625
/kaggle/working/processed/6d41afde-53dc-44ed-8ec8-949ba743685e_000000032972.png,1,1.0,0.9975586,1,1,FAULTY,FAULTY,True,0.17822265625
/kaggle/working/processed/fe1497d6-c15f-427d-a5c6-d0704eec2e75_000000019466.png,1,1.0,0.99316406,1,1,FAULTY,FAULTY,True,0.17822265625
/kaggle/working/processed/4c723962-e243-4b63-a140-4f0badb0aa1c_000000019220.png,1,1.0,1.0,1,1,FAULTY,FAULTY,True,0.17822265625
/kaggle/working/processed/dbc80045-6461-4282-a1de-9c7c27779b71_000000035198.png,1,1.0,1.0,1,1,FAULTY,FAULTY,True,0.17822265625
/kaggle/working/processed/7ba0f7f0-ed8c-4aea-82e2-747eb0a42144_000000013621.png,1,1.0,0.63916016,1,1,FAULTY,FAULTY,True,0.17822265625
/kaggle/working/processed/25dd84c6-11ec-40c4-8552-f7d9bc8e441e_000000022137.png,1,1.0,0.9194336,1,1,FAULTY,FAULTY,True,0.17822265625
/kaggle/working/processed/fbf6d995-3965-4e2d-9737-be955c0e74cc_000000007066.png,1,1.0,0.40820312,1,1,FAULTY,FAULTY,True,0.17822265625
/kaggle/working/processed/851467fb-8642-4cfd-9f90-2a34009ca516_000000025848.png,0,1.0,0.042633057,0,0,GOOD,GOOD,True,0.17822265625
/kaggle/working/processed/0ad09254-60db-4f76-abb6-ccc106763fed_000000009002.png,1,1.0,0.6743164,1,1,FAULTY,FAULTY,True,0.17822265625
/kaggle/working/processed/d19bd7c1-b987-4e43-a766-40cac56e8541_000000018076.png,1,1.0,0.8330078,1,1,FAULTY,FAULTY,True,0.17822265625
/kaggle/working/processed/9028243e-1b23-44f7-bd2c-4baf1a6bd54f_000000030539.png,1,1.0,0.54003906,1,1,FAULTY,FAULTY,True,0.17822265625
/kaggle/working/processed/715f9e4c-e67d-4032-aa81-b8faf6602eeb_000000034000.png,1,1.0,0.6923828,1,1,FAULTY,FAULTY,True,0.17822265625
/kaggle/working/processed/d3494494-fd8f-435f-b890-25100a77364c_000000023716.png,0,1.0,0.009300232,0,0,GOOD,GOOD,True,0.17822265625
/kaggle/working/processed/862aa0ca-d4b7-41cd-86b3-6f76d22c7ee7_000000033101.png,1,1.0,0.8925781,1,1,FAULTY,FAULTY,True,0.17822265625
/kaggle/working/processed/3ed61038-7ed6-4b0a-8836-00f7c11b141d_000000024871.png,1,1.0,1.0,1,1,FAULTY,FAULTY,True,0.17822265625
/kaggle/working/processed/7d5d121a-649a-4b21-9387-0aff338b7db4_000000026263.png,0,6.0,0.42041016,1,0,FAULTY,GOOD,False,0.17822265625
/kaggle/working/processed/a0375803-35d5-4adf-890c-96e6ba7e5da4_000000000738.png,1,1.0,1.0,1,1,FAULTY,FAULTY,True,0.17822265625
/kaggle/working/processed/bf769bee-2f33-48bd-842c-6f5857db4e1d_000000017447.png,0,6.0,0.34277344,1,0,FAULTY,GOOD,False,0.17822265625
/kaggle/working/processed/6a99fd72-0167-44d3-ad9c-b3e6133b52b6_000000015531.png,1,1.0,0.89404297,1,1,FAULTY,FAULTY,True,0.17822265625
/kaggle/working/processed/c72b0762-50b7-4e82-bde0-ab83ebc4e4ef_000000004272.png,1,1.0,0.7416992,1,1,FAULTY,FAULTY,True,0.17822265625
/kaggle/working/processed/8c1a0432-6312-4c5a-8581-21ef49f2820e_000000022420.png,0,1.0,0.037261963,0,0,GOOD,GOOD,True,0.17822265625
/kaggle/working/processed/c2ba935a-7dbc-4354-ba4b-6bc0e47923d8_000000004905.png,1,1.0,1.0,1,1,FAULTY,FAULTY,True,0.17822265625
/kaggle/working/processed/5b680e04-1297-4f36-b29e-90ad78629a21_000000021037.png,1,1.0,0.73876953,1,1,FAULTY,FAULTY,True,0.17822265625
/kaggle/working/processed/097eb3fa-4169-4891-97d8-07a54cd81192_000000029373.png,1,1.0,0.93896484,1,1,FAULTY,FAULTY,True,0.17822265625
/kaggle/working/processed/35253169-e6a9-4c4d-af7b-df9202101b44_000000001498.png,1,1.0,0.98535156,1,1,FAULTY,FAULTY,True,0.17822265625
/kaggle/working/processed/a45658cf-74f1-474d-84fc-e6097256111b_000000026583.png,0,1.0,0.11633301,0,0,GOOD,GOOD,True,0.17822265625
/kaggle/working/processed/49138595-874a-4638-8f25-ba1652ac274d_000000019727.png,0,1.0,0.08093262,0,0,GOOD,GOOD,True,0.17822265625
/kaggle/working/processed/dc000e3e-fc17-40c0-93ac-9d93cb0c79a6_000000000498.png,1,1.0,1.0,1,1,FAULTY,FAULTY,True,0.17822265625
/kaggle/working/processed/e8165b33-4d32-4f88-8b1a-3ac9c9f0592a_000000026695.png,1,1.0,1.0,1,1,FAULTY,FAULTY,True,0.17822265625
/kaggle/working/processed/aa0bcfdb-5276-49f9-a35b-6a22dc0be9e3_000000029691.png,1,1.0,1.0,1,1,FAULTY,FAULTY,True,0.17822265625
/kaggle/working/processed/be024ef1-e880-439a-a745-9a5bc11975a3_000000000676.png,0,1.0,0.045532227,0,0,GOOD,GOOD,True,0.17822265625
/kaggle/working/processed/0df76121-d8f3-41f8-8427-74acbec80302_000000015266.png,0,6.0,0.6123047,1,0,FAULTY,GOOD,False,0.17822265625
/kaggle/working/processed/e3d45cdc-ff20-4124-bd20-8292c0389d30_000000034898.png,1,1.0,0.60058594,1,1,FAULTY,FAULTY,True,0.17822265625
/kaggle/working/processed/12cec181-6f68-403b-9493-40ee18787b88_000000028605.png,0,1.0,0.07092285,0,0,GOOD,GOOD,True,0.17822265625
/kaggle/working/processed/a8bf3805-c01e-430d-a98f-5dce43192202_000000030557.png,1,1.0,0.95703125,1,1,FAULTY,FAULTY,True,0.17822265625
/kaggle/working/processed/ce2a65bf-8772-4ca7-a8f9-3cfa4d353af6_000000031648.png,1,1.0,0.8208008,1,1,FAULTY,FAULTY,True,0.17822265625
/kaggle/working/processed/1bb2cc4f-40fe-4d66-a935-3669287e0c30_000000017256.png,1,1.0,0.99902344,1,1,FAULTY,FAULTY,True,0.17822265625
/kaggle/working/processed/dfae618a-353b-4956-b7fe-c7e9a1a5411a_000000034071.png,0,6.0,0.2368164,1,0,FAULTY,GOOD,False,0.17822265625
/kaggle/working/processed/3ce66830-d394-42ce-987c-6311b631cb0c_000000007118.png,0,6.0,0.39501953,1,0,FAULTY,GOOD,False,0.17822265625
/kaggle/working/processed/bdfbfe4e-fe1c-4eda-a222-58cceb29ad53_000000000978.png,1,1.0,0.9614258,1,1,FAULTY,FAULTY,True,0.17822265625
/kaggle/working/processed/83f49ee5-8a93-4473-83c3-70d2cb76a245_000000023973.png,0,1.0,0.026916504,0,0,GOOD,GOOD,True,0.17822265625
/kaggle/working/processed/518cd9b3-8158-41d9-9023-8ab73a92a6c8_000000008903.png,1,1.0,1.0,1,1,FAULTY,FAULTY,True,0.17822265625
/kaggle/working/processed/199a95b8-9816-481a-a172-ca76749e4287_000000012244.png,1,1.0,0.99853516,1,1,FAULTY,FAULTY,True,0.17822265625
/kaggle/working/processed/0dd648cd-c3d8-4ad6-842d-77ed772a480a_000000026664.png,1,1.0,0.8491211,1,1,FAULTY,FAULTY,True,0.17822265625
/kaggle/working/processed/c492ef5f-f431-412f-8229-e2f76b1de554_000000026493.png,1,1.0,1.0,1,1,FAULTY,FAULTY,True,0.17822265625
/kaggle/working/processed/e3fae250-a8df-4e0d-be9b-abab9cf3876f_000000027327.png,0,1.0,0.11010742,0,0,GOOD,GOOD,True,0.17822265625
/kaggle/working/processed/10047a35-3e3c-4b5d-b36b-b45c04c79e91_000000030990.png,1,1.0,1.0,1,1,FAULTY,FAULTY,True,0.17822265625
/kaggle/working/processed/baab569b-14ab-41bc-9b15-2b3f53bd8f62_000000000150.png,0,1.0,0.07720947,0,0,GOOD,GOOD,True,0.17822265625
/kaggle/working/processed/f9bfb0d5-de15-4cfd-a902-d11ed51e5313_000000001020.png,1,1.0,0.9321289,1,1,FAULTY,FAULTY,True,0.17822265625
/kaggle/working/processed/8c92f81e-a4a6-4e55-b8d4-f5aed5c8f109_000000029190.png,0,6.0,0.1517334,0,0,GOOD,GOOD,True,0.17822265625
/kaggle/working/processed/3f6a0cf5-0dd0-4800-ae14-9865921340dd_000000030154.png,1,1.0,0.9711914,1,1,FAULTY,FAULTY,True,0.17822265625
/kaggle/working/processed/b2a66213-bac9-4782-8be3-7dbc62308e70_000000029064.png,1,1.0,0.8027344,1,1,FAULTY,FAULTY,True,0.17822265625
/kaggle/working/processed/a68da6ae-905e-4d0f-bd2f-eff4bcf08a21_000000018030.png,0,1.0,0.08947754,0,0,GOOD,GOOD,True,0.17822265625
/kaggle/working/processed/f9810633-8488-4bc5-92f7-caaafa7b98fd_000000032718.png,1,1.0,1.0,1,1,FAULTY,FAULTY,True,0.17822265625
/kaggle/working/processed/cbb21fe4-9c93-4138-8634-e70cf0e22812_000000010997.png,0,1.0,0.12646484,0,0,GOOD,GOOD,True,0.17822265625
/kaggle/working/processed/181e4164-22c0-48dd-91ff-1201f1eb08dd_000000027358.png,0,6.0,0.18652344,1,0,FAULTY,GOOD,False,0.17822265625
/kaggle/working/processed/356eaee7-29d8-47dc-bb5a-a2e93b188d5b_000000022396.png,1,1.0,0.9916992,1,1,FAULTY,FAULTY,True,0.17822265625
/kaggle/working/processed/0765013f-b03e-42d8-bbe2-b6cb2c41a8da_000000033933.png,1,1.0,0.99658203,1,1,FAULTY,FAULTY,True,0.17822265625
/kaggle/working/processed/70a65638-a2d7-488c-b2b5-5bcf4bd76208_000000035163.png,0,6.0,0.17980957,1,0,FAULTY,GOOD,False,0.17822265625
/kaggle/working/processed/680c0e15-34c2-4951-a840-d043a478dda2_000000006271.png,0,6.0,0.42407227,1,0,FAULTY,GOOD,False,0.17822265625
/kaggle/working/processed/3efa0582-401f-4cf3-919b-2db816f69c27_000000020144.png,1,1.0,1.0,1,1,FAULTY,FAULTY,True,0.17822265625
/kaggle/working/processed/6fa06ad8-a767-4480-948c-271df3809b09_000000023841.png,1,1.0,0.6425781,1,1,FAULTY,FAULTY,True,0.17822265625
/kaggle/working/processed/96ac6eef-079b-4028-adfd-6e9d4743ac60_000000004832.png,1,1.0,0.9902344,1,1,FAULTY,FAULTY,True,0.17822265625
/kaggle/working/processed/0bcbf74a-9e16-4814-a45e-be38075923f6_000000025472.png,0,6.0,0.19250488,1,0,FAULTY,GOOD,False,0.17822265625
/kaggle/working/processed/2dfc4f81-877d-446e-9122-b1f97de9e124_000000030327.png,0,6.0,0.1496582,0,0,GOOD,GOOD,True,0.17822265625
/kaggle/working/processed/ce85fa27-a414-4526-a31e-a3feb343323f_000000021434.png,1,1.0,0.99658203,1,1,FAULTY,FAULTY,True,0.17822265625
/kaggle/working/processed/bf09c741-0cd8-44b9-a64c-77a0ab0d0ee4_000000001838.png,1,1.0,0.99560547,1,1,FAULTY,FAULTY,True,0.17822265625
/kaggle/working/processed/25472a83-34cb-4549-986d-d33a4e4d8b6e_000000020724.png,0,1.0,0.16467285,0,0,GOOD,GOOD,True,0.17822265625
/kaggle/working/processed/6919a9c0-6c38-410f-8aba-3463ce0aa345_000000000039.png,0,6.0,0.20605469,1,0,FAULTY,GOOD,False,0.17822265625
/kaggle/working/processed/a630428f-7760-4969-8cb9-b11ee9321c1d_000000026729.png,1,1.0,1.0,1,1,FAULTY,FAULTY,True,0.17822265625
/kaggle/working/processed/281a3a06-4566-46e7-9a31-f2884f667b70_000000003773.png,1,1.0,0.9946289,1,1,FAULTY,FAULTY,True,0.17822265625
/kaggle/working/processed/f8ea5f5c-a929-40df-8ea7-4d62faf3e20a_000000020798.png,0,6.0,0.41137695,1,0,FAULTY,GOOD,False,0.17822265625
/kaggle/working/processed/de390aa6-a3c3-434d-b72f-324eaa775723_000000006714.png,0,1.0,0.07147217,0,0,GOOD,GOOD,True,0.17822265625
/kaggle/working/processed/028f81ad-fc6c-4918-8e07-aefa24dd2069_000000019339.png,1,1.0,0.9975586,1,1,FAULTY,FAULTY,True,0.17822265625
/kaggle/working/processed/c1e7a2ca-9eea-43b8-aa53-76d815ebb8f0_000000016509.png,1,1.0,0.99609375,1,1,FAULTY,FAULTY,True,0.17822265625
/kaggle/working/processed/eaa093be-86f2-488f-86cc-f1e65678f485_000000025898.png,0,6.0,0.27807617,1,0,FAULTY,GOOD,False,0.17822265625
/kaggle/working/processed/893532c9-3660-4bbf-ba79-e070bd70b97b_000000011287.png,1,1.0,0.8955078,1,1,FAULTY,FAULTY,True,0.17822265625
/kaggle/working/processed/e6c0d7fb-3060-43b0-b2ed-8c5bfa8b6842_000000017197.png,0,6.0,0.18969727,1,0,FAULTY,GOOD,False,0.17822265625
/kaggle/working/processed/cb057a5b-8f1b-4f1a-b9ab-03fe481ad090_000000023163.png,1,1.0,0.98583984,1,1,FAULTY,FAULTY,True,0.17822265625
/kaggle/working/processed/31b12c78-c9ad-4091-97f5-98bc4af1a4b9_000000001419.png,1,1.0,0.54248047,1,1,FAULTY,FAULTY,True,0.17822265625
/kaggle/working/processed/d2b61bab-38f5-40e9-8108-adc24ae1392a_000000020871.png,0,1.0,0.119628906,0,0,GOOD,GOOD,True,0.17822265625
/kaggle/working/processed/fef8d342-479b-49cf-83c6-6c4c324a953c_000000018370.png,0,1.0,0.13110352,0,0,GOOD,GOOD,True,0.17822265625
/kaggle/working/processed/0bb804cf-be29-4212-9ad4-4a80d0a777da_000000015554.png,0,1.0,0.111816406,0,0,GOOD,GOOD,True,0.17822265625
/kaggle/working/processed/ac1244a3-2bb4-4882-95eb-a5f5b5130183_000000004880.png,1,1.0,0.9995117,1,1,FAULTY,FAULTY,True,0.17822265625
/kaggle/working/processed/965b70f6-d6e5-4c45-9df8-11e2b052c266_000000027081.png,1,1.0,0.23522949,1,1,FAULTY,FAULTY,True,0.17822265625
/kaggle/working/processed/2da4ed7d-2af1-4707-a095-d7112fcd129e_000000023964.png,1,1.0,0.9892578,1,1,FAULTY,FAULTY,True,0.17822265625
/kaggle/working/processed/55babe53-c0e5-4e23-9892-6945e064d4e9_000000001591.png,0,1.0,0.021987915,0,0,GOOD,GOOD,True,0.17822265625
/kaggle/working/processed/ad90ec44-ff08-4dc8-8153-c453f01f2262_000000009246.png,1,1.0,0.9970703,1,1,FAULTY,FAULTY,True,0.17822265625
/kaggle/working/processed/dc1659ec-0d23-4705-99ce-1eec024b1148_000000026329.png,0,1.0,0.07067871,0,0,GOOD,GOOD,True,0.17822265625
/kaggle/working/processed/80e94dc4-9edb-4bd5-81a0-a82cce30d1ad_000000005113.png,1,1.0,1.0,1,1,FAULTY,FAULTY,True,0.17822265625
/kaggle/working/processed/cb7ead6e-46e0-4a11-82be-3b808f55d15e_000000024292.png,0,6.0,0.16394043,0,0,GOOD,GOOD,True,0.17822265625
/kaggle/working/processed/d1991021-d1ae-4a83-a0e2-b4b0ba283998_000000017930.png,1,1.0,0.99853516,1,1,FAULTY,FAULTY,True,0.17822265625
/kaggle/working/processed/681629b5-fdb7-41bc-99a8-f038858d67f5_000000019688.png,0,1.0,0.06021118,0,0,GOOD,GOOD,True,0.17822265625
/kaggle/working/processed/a105dd16-e79b-4f20-a8fe-15e0e6487726_000000031050.png,1,1.0,0.9970703,1,1,FAULTY,FAULTY,True,0.17822265625
/kaggle/working/processed/34cb9197-c897-4c40-a230-6712f3b6e8dd_000000021379.png,0,6.0,0.12054443,0,0,GOOD,GOOD,True,0.17822265625
/kaggle/working/processed/8bed5d17-71ee-4a75-b0a3-95919b3cb114_000000023757.png,0,6.0,0.40942383,1,0,FAULTY,GOOD,False,0.17822265625
/kaggle/working/processed/76436ca3-8736-413b-973c-1104d27b851a_000000020301.png,0,6.0,0.24768066,1,0,FAULTY,GOOD,False,0.17822265625
/kaggle/working/processed/a099b8d7-b937-47e9-bcf3-f28e61175a98_000000025432.png,1,1.0,0.99658203,1,1,FAULTY,FAULTY,True,0.17822265625
/kaggle/working/processed/a4210a70-7995-4096-b0fa-647345104ef3_000000004486.png,1,1.0,1.0,1,1,FAULTY,FAULTY,True,0.17822265625
/kaggle/working/processed/2e5f70ff-45d3-4ec3-81d7-54904aa304dd_000000017246.png,0,1.0,0.07196045,0,0,GOOD,GOOD,True,0.17822265625
/kaggle/working/processed/e886c967-000c-4794-b765-231a27e0e5ad_000000011074.png,0,6.0,0.10614014,0,0,GOOD,GOOD,True,0.17822265625
/kaggle/working/processed/cb47c089-f59b-4584-b29b-281099ca0e92_000000016778.png,0,1.0,0.059661865,0,0,GOOD,GOOD,True,0.17822265625
/kaggle/working/processed/11a3e9c8-fa91-4d95-aa6e-d31e3725ce29_000000016434.png,1,1.0,0.99658203,1,1,FAULTY,FAULTY,True,0.17822265625
/kaggle/working/processed/3f0d77ca-81c0-42e7-89f2-bb9d6b583d6d_000000029954.png,1,1.0,0.99902344,1,1,FAULTY,FAULTY,True,0.17822265625
/kaggle/working/processed/c6c1e97d-fe51-4fbc-9209-3b86191f5d91_000000032572.png,0,6.0,0.5776367,1,0,FAULTY,GOOD,False,0.17822265625
/kaggle/working/processed/e6869a99-1993-47c4-976a-20c8de2873db_000000030014.png,1,1.0,0.9760742,1,1,FAULTY,FAULTY,True,0.17822265625
/kaggle/working/processed/044a27c9-5682-4c1a-b88b-740f70fd1109_000000022613.png,1,1.0,1.0,1,1,FAULTY,FAULTY,True,0.17822265625
/kaggle/working/processed/92d746e3-b4fe-48e3-9c08-43236cc1fe2e_000000010765.png,1,1.0,1.0,1,1,FAULTY,FAULTY,True,0.17822265625
/kaggle/working/processed/a72a0f51-b92b-45cd-86e6-3b7a713e68ee_000000032310.png,0,6.0,0.1529541,0,0,GOOD,GOOD,True,0.17822265625
/kaggle/working/processed/cd01af13-b53f-4e77-be47-0f4df4d8482d_000000000955.png,1,1.0,0.7182617,1,1,FAULTY,FAULTY,True,0.17822265625
/kaggle/working/processed/cb7daee9-bfcf-46e3-8e0f-a401c57eecc1_000000030845.png,1,1.0,0.99902344,1,1,FAULTY,FAULTY,True,0.17822265625
/kaggle/working/processed/2edb3edb-ac5c-459c-973f-32ac334c48d8_000000016028.png,0,6.0,0.4326172,1,0,FAULTY,GOOD,False,0.17822265625
/kaggle/working/processed/4ca20dab-516e-40b0-a997-7957c3966a76_000000021525.png,1,1.0,1.0,1,1,FAULTY,FAULTY,True,0.17822265625
/kaggle/working/processed/15cccc1e-3b1a-4177-a02d-3b10fc7fccbc_000000030886.png,0,6.0,0.16149902,0,0,GOOD,GOOD,True,0.17822265625
/kaggle/working/processed/290d0e18-7fce-4b38-a2a1-c45f7261284e_000000031021.png,1,1.0,1.0,1,1,FAULTY,FAULTY,True,0.17822265625
/kaggle/working/processed/47f3afed-1969-4cd7-ae3b-27cb1cb1982b_000000013743.png,1,1.0,0.9995117,1,1,FAULTY,FAULTY,True,0.17822265625
/kaggle/working/processed/fc070574-fc86-40e4-9b81-8ac8ad559282_000000025368.png,0,6.0,0.3635254,1,0,FAULTY,GOOD,False,0.17822265625
/kaggle/working/processed/980ce421-c408-4d2b-8923-4153c157862f_000000010172.png,1,1.0,1.0,1,1,FAULTY,FAULTY,True,0.17822265625
/kaggle/working/processed/b6fa209f-677d-4ca3-94f3-4b00c2a25687_000000033237.png,0,6.0,0.107788086,0,0,GOOD,GOOD,True,0.17822265625
/kaggle/working/processed/dacf6a6d-06af-4358-85de-001fc7f480b0_000000015813.png,0,6.0,0.14013672,0,0,GOOD,GOOD,True,0.17822265625
/kaggle/working/processed/56f75401-0187-4f86-bd16-3f62a0e8433a_000000014535.png,1,1.0,0.9975586,1,1,FAULTY,FAULTY,True,0.17822265625
/kaggle/working/processed/78cba0ac-ee5b-4387-833d-9912aca2726b_000000008707.png,1,1.0,0.98291016,1,1,FAULTY,FAULTY,True,0.17822265625
/kaggle/working/processed/67ebaca8-b395-4ef3-9288-592b7bf8bd94_000000027460.png,0,1.0,0.1451416,0,0,GOOD,GOOD,True,0.17822265625
/kaggle/working/processed/626466a4-db57-4a09-b857-2caf9b8429a7_000000006485.png,0,1.0,0.09552002,0,0,GOOD,GOOD,True,0.17822265625
/kaggle/working/processed/776354db-8532-4758-ad1c-5b18b717ae49_000000002597.png,1,1.0,1.0,1,1,FAULTY,FAULTY,True,0.17822265625
/kaggle/working/processed/59478dc3-9f73-4cbf-a3f0-180b8c679cae_000000025889.png,0,6.0,0.1451416,0,0,GOOD,GOOD,True,0.17822265625
/kaggle/working/processed/897d52d1-a71e-41e2-bdba-f22fc0490280_000000001871.png,1,1.0,0.99658203,1,1,FAULTY,FAULTY,True,0.17822265625
/kaggle/working/processed/ffb20c07-b3f3-46f7-a7e3-f0163442e80a_000000001934.png,1,1.0,1.0,1,1,FAULTY,FAULTY,True,0.17822265625
/kaggle/working/processed/1154c4a7-37cc-45b2-a26b-a010fa965922_000000012932.png,1,1.0,0.86376953,1,1,FAULTY,FAULTY,True,0.17822265625
/kaggle/working/processed/2ac3f0ef-8306-4633-af29-3db035c582b5_000000032297.png,0,1.0,0.03149414,0,0,GOOD,GOOD,True,0.17822265625
/kaggle/working/processed/62a27647-0b23-4ed0-9e09-e20d47cd7752_000000007907.png,1,1.0,0.32104492,1,1,FAULTY,FAULTY,True,0.17822265625
/kaggle/working/processed/86d5b490-6798-483c-b6c7-2b5d813e3c1f_000000010965.png,1,1.0,0.7294922,1,1,FAULTY,FAULTY,True,0.17822265625
/kaggle/working/processed/b15ad424-cc53-4863-8b07-9a4eba9cb542_000000006514.png,1,1.0,0.9946289,1,1,FAULTY,FAULTY,True,0.17822265625
/kaggle/working/processed/239f46ff-d411-4142-b054-1526804826f2_000000001453.png,1,1.0,0.97314453,1,1,FAULTY,FAULTY,True,0.17822265625
/kaggle/working/processed/5fe54071-87dd-4f57-b0d7-01ee1047c595_000000031127.png,0,6.0,0.121154785,0,0,GOOD,GOOD,True,0.17822265625
/kaggle/working/processed/fdbd1619-630c-4c80-880e-58d485230229_000000013110.png,1,1.0,0.9995117,1,1,FAULTY,FAULTY,True,0.17822265625
/kaggle/working/processed/454f38cc-9dbd-4fa6-a355-215a0f2d7f33_000000003112.png,0,6.0,0.64990234,1,0,FAULTY,GOOD,False,0.17822265625
/kaggle/working/processed/da7ac8e2-8463-4bda-9567-f18bc8d75ecb_000000005932.png,1,1.0,1.0,1,1,FAULTY,FAULTY,True,0.17822265625
/kaggle/working/processed/76a55917-d3ff-43ba-bec8-6228107b7ee5_000000006864.png,0,1.0,0.21081543,1,0,FAULTY,GOOD,False,0.17822265625
/kaggle/working/processed/409d6e15-6778-4111-a1b2-c380608c7f22_000000012543.png,0,1.0,0.12817383,0,0,GOOD,GOOD,True,0.17822265625
/kaggle/working/processed/cb67920d-d595-45d9-a881-81195c2c49e5_000000033303.png,0,6.0,0.22106934,1,0,FAULTY,GOOD,False,0.17822265625
/kaggle/working/processed/4a5269c4-fc58-41ab-bd19-c2036895c607_000000001276.png,0,1.0,0.14282227,0,0,GOOD,GOOD,True,0.17822265625
/kaggle/working/processed/719e3441-a5ca-4bc4-97c9-b53f06f4e32c_000000018824.png,1,1.0,0.98535156,1,1,FAULTY,FAULTY,True,0.17822265625
/kaggle/working/processed/a7732de9-c338-4cc7-85f5-4caf208fb2dd_000000004946.png,1,1.0,0.9892578,1,1,FAULTY,FAULTY,True,0.17822265625
/kaggle/working/processed/bb6f6ca9-b0e8-44f6-aa56-fcbf0c17278c_000000007748.png,0,1.0,0.054504395,0,0,GOOD,GOOD,True,0.17822265625
/kaggle/working/processed/08369d96-ee8f-4b3e-84c9-f6c76659e50f_000000017901.png,1,1.0,0.9995117,1,1,FAULTY,FAULTY,True,0.17822265625
/kaggle/working/processed/0c3a7f4a-3b75-4585-8b60-3c00e65a932e_000000032497.png,0,1.0,0.05581665,0,0,GOOD,GOOD,True,0.17822265625
/kaggle/working/processed/0755a8d3-276c-4857-95d3-1fdbb849b2f3_000000004132.png,1,1.0,0.55322266,1,1,FAULTY,FAULTY,True,0.17822265625
/kaggle/working/processed/2ac466ab-b933-4d3c-85e8-4e280fbc4755_000000009267.png,0,6.0,0.18688965,1,0,FAULTY,GOOD,False,0.17822265625
/kaggle/working/processed/5caf24d3-a68b-4cb6-9553-6ac018169215_000000022632.png,1,1.0,0.5258789,1,1,FAULTY,FAULTY,True,0.17822265625
/kaggle/working/processed/60feef20-acfb-439b-bb00-02c4dcdcecbb_000000025309.png,1,1.0,0.9995117,1,1,FAULTY,FAULTY,True,0.17822265625
/kaggle/working/processed/e01b6fe9-dabf-4c04-abaa-03c2cb15c677_000000012938.png,1,1.0,0.9711914,1,1,FAULTY,FAULTY,True,0.17822265625
/kaggle/working/processed/e1ef918b-2548-431d-8fb5-75a958be05e7_000000029862.png,1,1.0,0.98046875,1,1,FAULTY,FAULTY,True,0.17822265625
/kaggle/working/processed/29fb5b02-c665-491f-9a76-745f002f4d83_000000006398.png,0,1.0,0.14086914,0,0,GOOD,GOOD,True,0.17822265625
/kaggle/working/processed/173dd8df-2c60-4dd3-8545-a82ad20e711d_000000016814.png,1,1.0,0.9350586,1,1,FAULTY,FAULTY,True,0.17822265625
/kaggle/working/processed/1d4bdf7a-3883-4280-8517-5a0e3f6e2379_000000005254.png,0,6.0,0.14001465,0,0,GOOD,GOOD,True,0.17822265625
/kaggle/working/processed/d6ebdce6-89cf-49aa-b34f-b4e2174ce828_000000013108.png,1,1.0,0.9995117,1,1,FAULTY,FAULTY,True,0.17822265625
/kaggle/working/processed/201eaae4-d7d7-4d49-80f5-0aa55ebd161f_000000019409.png,1,1.0,0.70751953,1,1,FAULTY,FAULTY,True,0.17822265625
/kaggle/working/processed/202911e7-43a9-4a3a-8092-667d16c0d127_000000013172.png,0,1.0,0.07330322,0,0,GOOD,GOOD,True,0.17822265625
/kaggle/working/processed/01d737f7-4c32-4b27-882b-810fefe5ce0e_000000014500.png,1,1.0,0.99609375,1,1,FAULTY,FAULTY,True,0.17822265625
/kaggle/working/processed/359fb66d-9d83-4642-b33b-66c755f23a6c_000000025393.png,1,1.0,1.0,1,1,FAULTY,FAULTY,True,0.17822265625
/kaggle/working/processed/7f3f6450-b550-45cf-9173-d3302d640e22_000000016583.png,1,1.0,0.9038086,1,1,FAULTY,FAULTY,True,0.17822265625
/kaggle/working/processed/d6170d08-7a21-45f4-addc-d9bb880a5973_000000010043.png,1,1.0,0.9975586,1,1,FAULTY,FAULTY,True,0.17822265625
/kaggle/working/processed/e43fa5cd-b217-4f0e-a49b-f1d6613054f9_000000008513.png,1,1.0,1.0,1,1,FAULTY,FAULTY,True,0.17822265625
/kaggle/working/processed/0c465b4c-fec4-42f8-ba11-30b404e2e431_000000029301.png,1,1.0,1.0,1,1,FAULTY,FAULTY,True,0.17822265625
/kaggle/working/processed/deb4125b-87d7-4f25-ac4d-2231d4c26970_000000012942.png,0,1.0,0.088012695,0,0,GOOD,GOOD,True,0.17822265625
/kaggle/working/processed/c4ecfe81-fffd-4c06-a867-75af8edd013d_000000028532.png,1,1.0,0.9995117,1,1,FAULTY,FAULTY,True,0.17822265625
/kaggle/working/processed/fe0e17e1-5e9f-41e4-b4f8-b407f596e6b1_000000033029.png,1,1.0,0.62402344,1,1,FAULTY,FAULTY,True,0.17822265625
/kaggle/working/processed/684169a6-ae48-43f2-8b17-5396c07390ed_000000022984.png,0,6.0,0.21606445,1,0,FAULTY,GOOD,False,0.17822265625
/kaggle/working/processed/bd8f0744-5549-4323-bf1c-f6f211226d49_000000034067.png,1,1.0,1.0,1,1,FAULTY,FAULTY,True,0.17822265625
/kaggle/working/processed/804c0497-ac53-4ecf-a82c-3debc0c60059_000000019391.png,1,1.0,0.9277344,1,1,FAULTY,FAULTY,True,0.17822265625
/kaggle/working/processed/a75acdf5-645b-450d-bb5e-97b217d92a71_000000022910.png,0,1.0,0.05822754,0,0,GOOD,GOOD,True,0.17822265625
/kaggle/working/processed/0b9d0c50-d90f-486e-bf46-576ac3be6d05_000000028256.png,0,1.0,0.12976074,0,0,GOOD,GOOD,True,0.17822265625
/kaggle/working/processed/46c8d3d8-5b6d-4ebc-9024-4b1b0bdc9346_000000002411.png,1,1.0,0.68310547,1,1,FAULTY,FAULTY,True,0.17822265625
/kaggle/working/processed/aae40f2e-fde3-4c76-a456-a29d0a4432ef_000000001108.png,1,1.0,1.0,1,1,FAULTY,FAULTY,True,0.17822265625
/kaggle/working/processed/c47a6787-8a15-47a8-bf3e-463a4288025d_000000016728.png,0,1.0,0.16210938,0,0,GOOD,GOOD,True,0.17822265625
/kaggle/working/processed/300bcd98-ea91-4c64-bdf9-d4a699d8ca06_000000006120.png,1,1.0,0.9995117,1,1,FAULTY,FAULTY,True,0.17822265625
/kaggle/working/processed/2e9e569d-8caa-49af-a824-eecda656b0cd_000000000711.png,0,6.0,0.18078613,1,0,FAULTY,GOOD,False,0.17822265625
/kaggle/working/processed/c5e43dee-897c-48e6-b87c-f932c5230ac9_000000016644.png,0,1.0,0.10467529,0,0,GOOD,GOOD,True,0.17822265625
/kaggle/working/processed/0bf4f706-07d1-450e-83ab-97824dd3b3e1_000000018451.png,0,1.0,0.09484863,0,0,GOOD,GOOD,True,0.17822265625
/kaggle/working/processed/9bbe969f-20a3-4fb6-a40e-746f7a03dc2f_000000032270.png,0,1.0,0.14282227,0,0,GOOD,GOOD,True,0.17822265625
/kaggle/working/processed/1f0bd61e-05ba-4309-9cf9-e61bdb258573_000000012008.png,1,1.0,1.0,1,1,FAULTY,FAULTY,True,0.17822265625
/kaggle/working/processed/3e84b8bf-b534-4a4d-a4ed-6c0e562ef1f5_000000015562.png,1,1.0,0.28125,1,1,FAULTY,FAULTY,True,0.17822265625
/kaggle/working/processed/f03e870e-91f4-466d-a7db-59b2cf7c06c6_000000012639.png,0,1.0,0.09466553,0,0,GOOD,GOOD,True,0.17822265625
/kaggle/working/processed/19c63973-165d-42d5-891e-4299851c8794_000000016896.png,1,1.0,0.9995117,1,1,FAULTY,FAULTY,True,0.17822265625
/kaggle/working/processed/79dc1a91-74d9-4701-aea4-dfe256bbf05d_000000017792.png,1,1.0,0.9995117,1,1,FAULTY,FAULTY,True,0.17822265625
/kaggle/working/processed/53727db4-bf91-4192-961d-f49a31cd9e39_000000008811.png,1,1.0,0.99853516,1,1,FAULTY,FAULTY,True,0.17822265625
/kaggle/working/processed/5af8eef7-6b99-44b6-aad6-0aac9d92f805_000000013883.png,1,1.0,1.0,1,1,FAULTY,FAULTY,True,0.17822265625
/kaggle/working/processed/93d17180-04c2-4ae3-b399-1702fca0db66_000000011204.png,1,1.0,0.9086914,1,1,FAULTY,FAULTY,True,0.17822265625
/kaggle/working/processed/ef236ae8-b9e1-49d5-8f7a-06664e2c8ca2_000000011791.png,0,1.0,0.11047363,0,0,GOOD,GOOD,True,0.17822265625
/kaggle/working/processed/c1d196fa-1f35-4685-bbb2-7955a8846334_000000004474.png,0,1.0,0.101257324,0,0,GOOD,GOOD,True,0.17822265625
/kaggle/working/processed/5443eecc-60d0-4fe8-9fe7-366be3f4b3a9_000000029337.png,1,1.0,0.6308594,1,1,FAULTY,FAULTY,True,0.17822265625
/kaggle/working/processed/ac622123-1b97-4a3e-a53b-1977e5cf4527_000000014388.png,0,1.0,0.12536621,0,0,GOOD,GOOD,True,0.17822265625
/kaggle/working/processed/310ec78b-b8d8-4db2-9a07-1e55aa2d8f5f_000000002653.png,1,1.0,0.9995117,1,1,FAULTY,FAULTY,True,0.17822265625
/kaggle/working/processed/d7bbd705-f505-4020-831e-b581f8a80e36_000000024070.png,1,1.0,0.87939453,1,1,FAULTY,FAULTY,True,0.17822265625
/kaggle/working/processed/1160d5d7-d50f-4ba7-931b-3f11f2419966_000000023069.png,1,1.0,0.921875,1,1,FAULTY,FAULTY,True,0.17822265625
/kaggle/working/processed/f4e38668-9576-4775-aecd-edb9a1df335b_000000003404.png,0,1.0,0.14050293,0,0,GOOD,GOOD,True,0.17822265625
/kaggle/working/processed/99b57d96-2d7b-4b00-927f-c4870d0a25e3_000000011546.png,1,1.0,0.9975586,1,1,FAULTY,FAULTY,True,0.17822265625
/kaggle/working/processed/c021beac-c63f-4c26-99ce-2b2c534f0c8b_000000005128.png,1,1.0,0.9482422,1,1,FAULTY,FAULTY,True,0.17822265625
/kaggle/working/processed/a580cf72-b6b4-4ce2-aeaa-d20e929401fc_000000001434.png,1,1.0,0.73583984,1,1,FAULTY,FAULTY,True,0.17822265625
/kaggle/working/processed/3e64dfe0-d514-4e17-a4fc-2b8797be1168_000000012720.png,1,1.0,1.0,1,1,FAULTY,FAULTY,True,0.17822265625
/kaggle/working/processed/c2126718-406f-4288-83e4-f13744dce4d4_000000034725.png,0,6.0,0.24304199,1,0,FAULTY,GOOD,False,0.17822265625
/kaggle/working/processed/8ecf6343-df51-4303-aa95-4c02ec1de6db_000000015638.png,0,6.0,0.16577148,0,0,GOOD,GOOD,True,0.17822265625
/kaggle/working/processed/72ea1781-b0ac-4c84-8de3-f673b6223314_000000002568.png,1,1.0,0.95751953,1,1,FAULTY,FAULTY,True,0.17822265625
/kaggle/working/processed/d968e7ed-78b8-484b-9c76-b58ca6839067_000000015334.png,0,1.0,0.16931152,0,0,GOOD,GOOD,True,0.17822265625
/kaggle/working/processed/c51e68d5-6dc2-4aa9-ba98-43556325dd9b_000000002810.png,1,1.0,1.0,1,1,FAULTY,FAULTY,True,0.17822265625
/kaggle/working/processed/edffbe4b-2481-47f2-b02b-5df2bc5d0ed8_000000019917.png,0,1.0,0.11779785,0,0,GOOD,GOOD,True,0.17822265625
/kaggle/working/processed/615645f2-62f1-4e42-b100-e2dc5d9f84df_000000033264.png,1,1.0,0.74609375,1,1,FAULTY,FAULTY,True,0.17822265625
/kaggle/working/processed/5f8b60ac-05fa-4354-a1d0-200211365637_000000024512.png,0,1.0,0.028808594,0,0,GOOD,GOOD,True,0.17822265625
/kaggle/working/processed/712162e2-094d-48c5-8f3e-379278e09062_000000032206.png,1,1.0,1.0,1,1,FAULTY,FAULTY,True,0.17822265625
/kaggle/working/processed/16d50f4b-3180-4c94-a6a4-99cfc6e95f6e_000000030564.png,0,6.0,0.25756836,1,0,FAULTY,GOOD,False,0.17822265625
/kaggle/working/processed/c286a0b5-12e8-4484-83fc-54b2387b2145_000000025506.png,1,1.0,1.0,1,1,FAULTY,FAULTY,True,0.17822265625
/kaggle/working/processed/6c29309e-1499-40af-b827-17a847bcfb10_000000020675.png,1,1.0,0.9980469,1,1,FAULTY,FAULTY,True,0.17822265625
/kaggle/working/processed/d1f92a93-a659-43a8-9b4a-088c8552405c_000000027847.png,1,1.0,0.6479492,1,1,FAULTY,FAULTY,True,0.17822265625
/kaggle/working/processed/38c1b2c1-8c02-49e1-a4af-a63f45ba8c18_000000001016.png,0,6.0,0.18823242,1,0,FAULTY,GOOD,False,0.17822265625
/kaggle/working/processed/23bce7fc-ad22-4d79-8883-2a128f682226_000000009261.png,0,6.0,0.23950195,1,0,FAULTY,GOOD,False,0.17822265625
/kaggle/working/processed/1aecbf00-7834-4662-bdae-25100e5d0976_000000028219.png,1,1.0,0.48535156,1,1,FAULTY,FAULTY,True,0.17822265625
/kaggle/working/processed/b81ff9dc-fe01-4764-baaf-c82b4ca82f38_000000031600.png,1,1.0,0.63134766,1,1,FAULTY,FAULTY,True,0.17822265625
/kaggle/working/processed/fc890bf8-a260-432d-8850-16d5e9aedcc0_000000013612.png,1,1.0,0.9897461,1,1,FAULTY,FAULTY,True,0.17822265625
/kaggle/working/processed/f89c6c91-8c97-49b6-8159-ebea0d5727ae_000000027995.png,0,1.0,0.15026855,0,0,GOOD,GOOD,True,0.17822265625
/kaggle/working/processed/a369d71f-1f81-4d74-aca0-09ced4a8a5d0_000000020630.png,0,1.0,0.14404297,0,0,GOOD,GOOD,True,0.17822265625
/kaggle/working/processed/c1e4b100-7e87-4bd3-b2b3-c124aee2e72d_000000014723.png,1,1.0,0.99853516,1,1,FAULTY,FAULTY,True,0.17822265625
/kaggle/working/processed/0f4a316f-2ecc-4a16-8948-8ef31c3517af_000000023750.png,0,6.0,0.41381836,1,0,FAULTY,GOOD,False,0.17822265625
/kaggle/working/processed/d69227f1-7413-4cc5-a68d-d1f59b5bc538_000000032109.png,1,1.0,0.7817383,1,1,FAULTY,FAULTY,True,0.17822265625
/kaggle/working/processed/33c52773-019d-48ae-bdd7-ffd95a0cc67a_000000020649.png,1,1.0,1.0,1,1,FAULTY,FAULTY,True,0.17822265625
/kaggle/working/processed/54699ec9-8b2d-419d-9bf5-ae830ca5f106_000000028279.png,0,6.0,0.29736328,1,0,FAULTY,GOOD,False,0.17822265625
/kaggle/working/processed/6ffc88d1-de5b-4fdd-a935-b4869fbd7a32_000000026252.png,1,1.0,0.80029297,1,1,FAULTY,FAULTY,True,0.17822265625
/kaggle/working/processed/6b93965c-188e-40b1-83c7-18193d74176e_000000022654.png,1,1.0,0.95703125,1,1,FAULTY,FAULTY,True,0.17822265625
/kaggle/working/processed/0234ea8d-761a-43ec-8686-ae3af9fcdfa8_000000021707.png,1,1.0,0.47998047,1,1,FAULTY,FAULTY,True,0.17822265625
/kaggle/working/processed/f2273cbc-4d66-4999-a1f2-76c48df700a4_000000033449.png,1,1.0,0.9785156,1,1,FAULTY,FAULTY,True,0.17822265625
/kaggle/working/processed/d93a55bb-036b-4833-bfbe-8a827d9347d5_000000031538.png,0,6.0,0.3034668,1,0,FAULTY,GOOD,False,0.17822265625
/kaggle/working/processed/faf2361b-563f-4546-a1b8-1f5211793986_000000022252.png,0,6.0,0.46435547,1,0,FAULTY,GOOD,False,0.17822265625
/kaggle/working/processed/2329de49-36a7-4d01-8fff-867f25f72c7d_000000019283.png,1,1.0,1.0,1,1,FAULTY,FAULTY,True,0.17822265625
/kaggle/working/processed/647ff42f-77dd-4e08-985e-cddea6b3d777_000000021462.png,0,1.0,0.12084961,0,0,GOOD,GOOD,True,0.17822265625
/kaggle/working/processed/0a486e70-91df-4430-b679-e36b9c2a5ef9_000000031361.png,1,1.0,0.99853516,1,1,FAULTY,FAULTY,True,0.17822265625
/kaggle/working/processed/29f8b5b0-b005-44fe-8077-fb3155a14da0_000000035140.png,1,1.0,0.9941406,1,1,FAULTY,FAULTY,True,0.17822265625
/kaggle/working/processed/42b127c2-96c9-4f23-8476-aaa43aa176bf_000000009008.png,0,6.0,0.08557129,0,0,GOOD,GOOD,True,0.17822265625
/kaggle/working/processed/223148e3-8af5-47f6-a603-3b9b11215af2_000000025901.png,1,1.0,0.8066406,1,1,FAULTY,FAULTY,True,0.17822265625
/kaggle/working/processed/516dbfd4-08c0-4e5f-bcca-2d98b5e03aab_000000017407.png,0,1.0,0.112976074,0,0,GOOD,GOOD,True,0.17822265625
/kaggle/working/processed/c5ed3686-2d82-4726-a44e-ac0149dce682_000000028607.png,1,1.0,1.0,1,1,FAULTY,FAULTY,True,0.17822265625
/kaggle/working/processed/36733fec-01c3-46cd-92cd-50f7e54ef571_000000033845.png,0,1.0,0.07946777,0,0,GOOD,GOOD,True,0.17822265625
/kaggle/working/processed/9f406e41-0800-474a-bd12-5a9c415bc865_000000015178.png,0,6.0,0.20800781,1,0,FAULTY,GOOD,False,0.17822265625
/kaggle/working/processed/75add696-105c-4644-b5e3-98441aacc94d_000000000864.png,0,1.0,0.116760254,0,0,GOOD,GOOD,True,0.17822265625
/kaggle/working/processed/1d7a3d53-9c6a-4ecf-a348-00379f05e2ed_000000032514.png,1,1.0,0.99902344,1,1,FAULTY,FAULTY,True,0.17822265625
/kaggle/working/processed/a9cdfeaa-10fd-4f72-8d91-366d65d313d3_000000008600.png,1,1.0,0.8745117,1,1,FAULTY,FAULTY,True,0.17822265625
/kaggle/working/processed/8e5a7018-943b-4e64-ab57-06d084e3077b_000000017687.png,1,1.0,0.9975586,1,1,FAULTY,FAULTY,True,0.17822265625
/kaggle/working/processed/59d5b6b0-7a6e-46a6-bb26-f1c737469493_000000010547.png,0,1.0,0.09967041,0,0,GOOD,GOOD,True,0.17822265625
/kaggle/working/processed/824c4ca8-ee73-4d89-bb67-b454c3051cf0_000000011254.png,1,1.0,0.9897461,1,1,FAULTY,FAULTY,True,0.17822265625
/kaggle/working/processed/49fe74a3-b471-4e96-bba0-1d95004dd139_000000034682.png,1,1.0,0.8769531,1,1,FAULTY,FAULTY,True,0.17822265625
/kaggle/working/processed/54cdddaf-16f7-4fe5-ad08-ab5213665826_000000017674.png,0,1.0,0.061767578,0,0,GOOD,GOOD,True,0.17822265625
/kaggle/working/processed/b5019d4f-099b-4e70-95ad-f809c557ac6f_000000007479.png,1,1.0,0.64404297,1,1,FAULTY,FAULTY,True,0.17822265625
/kaggle/working/processed/ff12d140-59ff-4039-88e2-93ff3412bf09_000000032583.png,0,1.0,0.114990234,0,0,GOOD,GOOD,True,0.17822265625
/kaggle/working/processed/d87db4ac-632c-4d3e-8f3a-251922b42a0f_000000025410.png,1,1.0,0.9291992,1,1,FAULTY,FAULTY,True,0.17822265625
/kaggle/working/processed/a621d749-1fe0-4dde-b44f-77056ad58d71_000000019615.png,1,4.0,0.11694336,0,1,GOOD,FAULTY,False,0.17822265625
/kaggle/working/processed/e17e1d81-c528-42a1-a1e5-316185287edf_000000023017.png,1,1.0,0.2644043,1,1,FAULTY,FAULTY,True,0.17822265625
/kaggle/working/processed/63ab7b25-bf98-4292-a9da-255d5992a29c_000000001697.png,1,1.0,0.9995117,1,1,FAULTY,FAULTY,True,0.17822265625
/kaggle/working/processed/12e33494-f291-4685-ac97-c58156da018d_000000028081.png,0,6.0,0.27026367,1,0,FAULTY,GOOD,False,0.17822265625
/kaggle/working/processed/25d98de8-2438-4ad8-b54b-bb499cc44e58_000000009913.png,1,1.0,0.7236328,1,1,FAULTY,FAULTY,True,0.17822265625
/kaggle/working/processed/79c67b43-e761-4660-91b3-fe73af90f006_000000000968.png,1,1.0,0.90771484,1,1,FAULTY,FAULTY,True,0.17822265625
/kaggle/working/processed/73bf9198-f645-4053-8b3b-7881a737933b_000000001979.png,0,6.0,0.24780273,1,0,FAULTY,GOOD,False,0.17822265625
/kaggle/working/processed/a6b61d3c-8e5f-47a0-b027-45fdacf60f44_000000010683.png,1,1.0,0.9980469,1,1,FAULTY,FAULTY,True,0.17822265625
/kaggle/working/processed/d0c9a2b6-141c-4da0-9a9e-cb61e8dc107c_000000005002.png,0,6.0,0.12475586,0,0,GOOD,GOOD,True,0.17822265625
/kaggle/working/processed/6356713f-d4b8-47c1-bcbd-2241ec0f56cc_000000008543.png,1,1.0,0.5214844,1,1,FAULTY,FAULTY,True,0.17822265625
/kaggle/working/processed/8bc8ee39-3181-42ac-b932-070c6b647068_000000008575.png,1,1.0,0.9995117,1,1,FAULTY,FAULTY,True,0.17822265625
/kaggle/working/processed/21d29949-e823-412c-b586-8f88c26e0f0f_000000020311.png,0,1.0,0.066833496,0,0,GOOD,GOOD,True,0.17822265625
/kaggle/working/processed/857fb9ef-d6ca-4d86-9b3c-f231efcad0b3_000000021903.png,0,6.0,0.37524414,1,0,FAULTY,GOOD,False,0.17822265625
/kaggle/working/processed/c8a6319d-1376-4140-b59f-d23cbe9e4eb9_000000017092.png,1,1.0,0.82128906,1,1,FAULTY,FAULTY,True,0.17822265625
/kaggle/working/processed/44259523-d090-4a81-83b7-6c1acf1fe8cf_000000011410.png,0,1.0,0.10614014,0,0,GOOD,GOOD,True,0.17822265625
/kaggle/working/processed/875ebca8-2d11-4619-9537-981e44ed93cc_000000034210.png,1,1.0,1.0,1,1,FAULTY,FAULTY,True,0.17822265625
/kaggle/working/processed/29cd8814-1677-4fb4-b270-80d4b196b8c8_000000007620.png,1,1.0,0.9658203,1,1,FAULTY,FAULTY,True,0.17822265625
/kaggle/working/processed/9e07ae2e-2b78-4892-9a03-bcb438fa90f7_000000021327.png,0,1.0,0.061431885,0,0,GOOD,GOOD,True,0.17822265625
/kaggle/working/processed/c42ecc81-4f19-4565-ad5c-257a9d4ff5e8_000000017349.png,1,1.0,0.20983887,1,1,FAULTY,FAULTY,True,0.17822265625
/kaggle/working/processed/d63eb6b6-4c63-4a16-9146-81a57f2e26c1_000000024282.png,0,1.0,0.12915039,0,0,GOOD,GOOD,True,0.17822265625
/kaggle/working/processed/86f29df9-4207-4ee8-a0c6-776728e50fd3_000000016305.png,0,6.0,0.18237305,1,0,FAULTY,GOOD,False,0.17822265625
/kaggle/working/processed/24f96391-f535-4718-9517-69acfed36bc3_000000013896.png,1,1.0,1.0,1,1,FAULTY,FAULTY,True,0.17822265625
/kaggle/working/processed/2981ce11-00d2-4541-a076-acb50f6c582b_000000010359.png,0,1.0,0.0491333,0,0,GOOD,GOOD,True,0.17822265625
/kaggle/working/processed/84231f1a-401d-4582-94e9-be016455f945_000000000048.png,1,1.0,0.99853516,1,1,FAULTY,FAULTY,True,0.17822265625
/kaggle/working/processed/0dbbccf1-c350-43bb-b49a-e6fa0596570a_000000031034.png,1,1.0,0.64746094,1,1,FAULTY,FAULTY,True,0.17822265625
/kaggle/working/processed/217317fc-4cc9-4e23-a128-257243ce60e7_000000027665.png,1,1.0,0.9970703,1,1,FAULTY,FAULTY,True,0.17822265625
/kaggle/working/processed/1b7f9185-2926-4fbf-b490-c934c303afae_000000000993.png,1,1.0,1.0,1,1,FAULTY,FAULTY,True,0.17822265625
/kaggle/working/processed/16972298-71f0-4ce1-b795-b7217bd231e7_000000025052.png,1,1.0,0.80126953,1,1,FAULTY,FAULTY,True,0.17822265625
/kaggle/working/processed/7d68a200-e6d6-4737-9ff4-1f837007377c_000000023573.png,0,1.0,0.096191406,0,0,GOOD,GOOD,True,0.17822265625
/kaggle/working/processed/dc30a038-65a4-4cbb-b4e7-16c36b9b4639_000000021010.png,1,1.0,0.97265625,1,1,FAULTY,FAULTY,True,0.17822265625
/kaggle/working/processed/daee512f-12bd-4bb9-9457-ed2a6db9cbfd_000000001928.png,1,1.0,0.99072266,1,1,FAULTY,FAULTY,True,0.17822265625
/kaggle/working/processed/1bdb6070-45ac-4bd0-a02f-eed8662f1cd7_000000034732.png,0,6.0,0.27441406,1,0,FAULTY,GOOD,False,0.17822265625
/kaggle/working/processed/1f4f893a-7ad3-4c3a-a95d-6bdfc141c72d_000000015135.png,1,1.0,0.99902344,1,1,FAULTY,FAULTY,True,0.17822265625
/kaggle/working/processed/197cdc38-1d3e-452d-ae9f-9996516f1d89_000000012404.png,1,1.0,0.9916992,1,1,FAULTY,FAULTY,True,0.17822265625
/kaggle/working/processed/831f42e2-dc83-4442-8caa-49959b991436_000000022672.png,1,1.0,1.0,1,1,FAULTY,FAULTY,True,0.17822265625
/kaggle/working/processed/18c6f8f9-36d4-4ac5-a589-bd4e179f2955_000000030315.png,1,1.0,0.5722656,1,1,FAULTY,FAULTY,True,0.17822265625
/kaggle/working/processed/681607bb-ed1b-4736-b2e2-1ae8112bd583_000000015213.png,1,1.0,0.9863281,1,1,FAULTY,FAULTY,True,0.17822265625
/kaggle/working/processed/1c4a9851-973e-492a-a028-6c7bfe1a87c9_000000008389.png,1,1.0,0.9995117,1,1,FAULTY,FAULTY,True,0.17822265625
/kaggle/working/processed/99ad3d07-f912-41da-b5d8-2460be189649_000000013517.png,1,1.0,0.9975586,1,1,FAULTY,FAULTY,True,0.17822265625
/kaggle/working/processed/33890368-0e05-4e4b-8128-cd0e52717a4d_000000000607.png,1,1.0,1.0,1,1,FAULTY,FAULTY,True,0.17822265625
/kaggle/working/processed/942882f9-a8b0-456e-958d-b7e8d3fcdc51_000000005861.png,1,1.0,0.99316406,1,1,FAULTY,FAULTY,True,0.17822265625
/kaggle/working/processed/8c1652f4-b1a0-469f-9424-1add2971884e_000000004166.png,1,1.0,0.96972656,1,1,FAULTY,FAULTY,True,0.17822265625
/kaggle/working/processed/038d35c4-96f8-4ee9-b3ff-9e4c55c58da4_000000015131.png,1,1.0,0.99853516,1,1,FAULTY,FAULTY,True,0.17822265625
/kaggle/working/processed/bd9b5fe4-dcd8-49cb-9891-02d90fb2f270_000000024649.png,0,1.0,0.02229309,0,0,GOOD,GOOD,True,0.17822265625
/kaggle/working/processed/9251d240-2658-4004-9bc1-e0e75f268b51_000000024599.png,1,1.0,0.99853516,1,1,FAULTY,FAULTY,True,0.17822265625
/kaggle/working/processed/17409e7d-7c18-4345-9032-efad5971d3a8_000000008052.png,0,1.0,0.02645874,0,0,GOOD,GOOD,True,0.17822265625
/kaggle/working/processed/f625415b-da02-40ee-a7ce-3fb2eb2dd05d_000000016746.png,0,1.0,0.04321289,0,0,GOOD,GOOD,True,0.17822265625
/kaggle/working/processed/30bc3cbe-6fab-481b-b391-2a802f26ae7a_000000010807.png,1,1.0,0.99121094,1,1,FAULTY,FAULTY,True,0.17822265625
/kaggle/working/processed/0f60ef1f-6c0a-4d96-a1f9-0121997efcb4_000000010328.png,1,1.0,1.0,1,1,FAULTY,FAULTY,True,0.17822265625
/kaggle/working/processed/abba6773-a146-4a13-86ca-054bd33c59c1_000000020863.png,0,1.0,0.12432861,0,0,GOOD,GOOD,True,0.17822265625
/kaggle/working/processed/d655db0e-53fd-49e5-9b6a-8cda862814b7_000000025467.png,0,1.0,0.09008789,0,0,GOOD,GOOD,True,0.17822265625
/kaggle/working/processed/722f0211-51df-45e2-aece-9e90920993c3_000000027685.png,1,1.0,0.99853516,1,1,FAULTY,FAULTY,True,0.17822265625
/kaggle/working/processed/98a525d6-33b3-4409-abb2-3460e0169e44_000000022519.png,1,1.0,0.9785156,1,1,FAULTY,FAULTY,True,0.17822265625
/kaggle/working/processed/7837b88c-800e-4a15-89b6-1e04bc2b8bae_000000029202.png,0,6.0,0.21289062,1,0,FAULTY,GOOD,False,0.17822265625
/kaggle/working/processed/bb0793fb-6058-4a55-8ea6-e0903dbcfd47_000000014437.png,0,1.0,0.0881958,0,0,GOOD,GOOD,True,0.17822265625
/kaggle/working/processed/0e3a32e3-002d-4fa9-b410-237ff49e0b4e_000000022051.png,0,1.0,0.07763672,0,0,GOOD,GOOD,True,0.17822265625
/kaggle/working/processed/432cad74-e196-4caf-b883-7efcf1e8ee2d_000000004035.png,1,1.0,0.99658203,1,1,FAULTY,FAULTY,True,0.17822265625
/kaggle/working/processed/702c0750-4a3b-4ffe-acc6-f483d458887f_000000006945.png,1,1.0,1.0,1,1,FAULTY,FAULTY,True,0.17822265625
/kaggle/working/processed/040eee6b-51a3-4bac-98f9-3c3f01a01a03_000000027769.png,1,1.0,0.38061523,1,1,FAULTY,FAULTY,True,0.17822265625
/kaggle/working/processed/c4190e5c-686e-48cc-9bf8-1d3ea2491d74_000000016706.png,0,1.0,0.1340332,0,0,GOOD,GOOD,True,0.17822265625
/kaggle/working/processed/58237012-3e14-47d3-9c1b-fb6f5c585912_000000023271.png,1,1.0,0.99658203,1,1,FAULTY,FAULTY,True,0.17822265625
/kaggle/working/processed/d372da3e-8e02-4da3-ae28-62a5a8d11616_000000013721.png,1,1.0,0.9921875,1,1,FAULTY,FAULTY,True,0.17822265625
/kaggle/working/processed/1f85c4b6-7101-4b71-bdcd-cb7ca287bae8_000000002310.png,1,1.0,0.91845703,1,1,FAULTY,FAULTY,True,0.17822265625
/kaggle/working/processed/825a5957-ed98-4777-8c3a-ca609035545e_000000010856.png,1,1.0,0.99902344,1,1,FAULTY,FAULTY,True,0.17822265625
/kaggle/working/processed/249bc421-2a96-4afb-8161-205604f5ffaf_000000023025.png,1,1.0,1.0,1,1,FAULTY,FAULTY,True,0.17822265625
/kaggle/working/processed/b16f46bd-0be9-488c-9f41-97b31f35c276_000000006146.png,1,1.0,1.0,1,1,FAULTY,FAULTY,True,0.17822265625
/kaggle/working/processed/1da6c66a-e172-49f7-8bea-bc684f501268_000000031159.png,1,1.0,1.0,1,1,FAULTY,FAULTY,True,0.17822265625
/kaggle/working/processed/fd69b7fc-9053-4150-b3a9-76d04f3e4e08_000000002898.png,0,6.0,0.20654297,1,0,FAULTY,GOOD,False,0.17822265625
/kaggle/working/processed/065e909e-6f25-44fb-b4f6-99e18601af34_000000005172.png,0,1.0,0.046295166,0,0,GOOD,GOOD,True,0.17822265625
/kaggle/working/processed/c84a85b8-f5d7-4d61-ba5d-0b8787ebb7b9_000000018962.png,1,1.0,0.9951172,1,1,FAULTY,FAULTY,True,0.17822265625
/kaggle/working/processed/fc403634-498f-45b9-bc1a-b92be93f0082_000000017560.png,1,1.0,1.0,1,1,FAULTY,FAULTY,True,0.17822265625
/kaggle/working/processed/f18faf5b-db01-474e-b532-a99167bcdc76_000000018789.png,0,1.0,0.02670288,0,0,GOOD,GOOD,True,0.17822265625
/kaggle/working/processed/74ed8671-a485-4f1d-b8b9-fb8d9275d284_000000006105.png,0,1.0,0.105041504,0,0,GOOD,GOOD,True,0.17822265625
/kaggle/working/processed/a61a47dc-1955-4040-bfd6-205ab757b276_000000033792.png,1,1.0,1.0,1,1,FAULTY,FAULTY,True,0.17822265625
/kaggle/working/processed/f2598c0e-fbc0-4ec7-bf61-5ab45aa7c638_000000026012.png,1,1.0,0.9892578,1,1,FAULTY,FAULTY,True,0.17822265625
/kaggle/working/processed/302e422a-4546-4b19-8809-79037c92c286_000000030526.png,0,1.0,0.064086914,0,0,GOOD,GOOD,True,0.17822265625
/kaggle/working/processed/ecee5e2a-f669-46fa-bcc0-577fc49cfc5a_000000032860.png,1,1.0,0.9995117,1,1,FAULTY,FAULTY,True,0.17822265625
/kaggle/working/processed/ecf101f7-d163-407a-9cea-4d69f7b3453c_000000011000.png,1,1.0,0.50390625,1,1,FAULTY,FAULTY,True,0.17822265625
/kaggle/working/processed/7a133682-81c5-4687-93c0-623aedde7be9_000000033304.png,0,6.0,0.14709473,0,0,GOOD,GOOD,True,0.17822265625
/kaggle/working/processed/939f18f1-6adb-4f4e-bb13-a955251ffcf0_000000010345.png,1,1.0,0.96533203,1,1,FAULTY,FAULTY,True,0.17822265625
/kaggle/working/processed/ed1b2014-d36e-4034-8b4f-5bddaff45d71_000000032466.png,1,1.0,1.0,1,1,FAULTY,FAULTY,True,0.17822265625
/kaggle/working/processed/ae49c9cd-f703-4ce0-95bc-b512e87b272a_000000008685.png,1,1.0,0.5371094,1,1,FAULTY,FAULTY,True,0.17822265625
/kaggle/working/processed/b01e0b64-ad4e-46f5-acd6-4fcd68c106a6_000000031408.png,1,1.0,1.0,1,1,FAULTY,FAULTY,True,0.17822265625
/kaggle/working/processed/88000557-330f-460e-bc14-86f1501f95fc_000000020734.png,1,1.0,1.0,1,1,FAULTY,FAULTY,True,0.17822265625
/kaggle/working/processed/937388e5-cc7b-442d-9de3-8d6fd6611faf_000000016971.png,0,1.0,0.12213135,0,0,GOOD,GOOD,True,0.17822265625
/kaggle/working/processed/04b9d6c5-445c-4c34-8fd5-a3a0aef1461f_000000015097.png,1,1.0,0.46923828,1,1,FAULTY,FAULTY,True,0.17822265625
/kaggle/working/processed/5373bf53-f24d-44b4-bcd3-8b6de196948f_000000015854.png,1,1.0,0.890625,1,1,FAULTY,FAULTY,True,0.17822265625
/kaggle/working/processed/c66c488d-bd80-45a0-9f9f-44859a91008f_000000030584.png,1,1.0,0.99560547,1,1,FAULTY,FAULTY,True,0.17822265625
/kaggle/working/processed/3122a4c8-c2b1-4766-bf83-9f86767c302a_000000010242.png,1,1.0,0.6425781,1,1,FAULTY,FAULTY,True,0.17822265625
/kaggle/working/processed/4d7822a6-847d-4893-9959-236dd7a32fd0_000000004834.png,1,1.0,0.85253906,1,1,FAULTY,FAULTY,True,0.17822265625
/kaggle/working/processed/28ee370b-3a7b-466d-a388-8edc0ee2fd83_000000008976.png,0,6.0,0.23583984,1,0,FAULTY,GOOD,False,0.17822265625
/kaggle/working/processed/c7947b82-ebce-44dc-abb3-cef124f7a6d1_000000001496.png,0,1.0,0.051452637,0,0,GOOD,GOOD,True,0.17822265625
/kaggle/working/processed/7537ecdd-e66f-478c-8aad-ed9cf314805a_000000018730.png,0,1.0,0.12719727,0,0,GOOD,GOOD,True,0.17822265625
/kaggle/working/processed/e9acaf7d-38fe-499f-a3f8-8e16c92d2d5c_000000016060.png,1,1.0,0.57177734,1,1,FAULTY,FAULTY,True,0.17822265625
/kaggle/working/processed/f4d27e9a-1050-466e-8136-e525a7801c07_000000019263.png,0,1.0,0.006614685,0,0,GOOD,GOOD,True,0.17822265625
/kaggle/working/processed/d88a25cf-c223-4053-9024-b192e328fd5f_000000003813.png,0,1.0,0.11456299,0,0,GOOD,GOOD,True,0.17822265625
/kaggle/working/processed/a74a6d70-8e98-47db-844e-32233fc7606e_000000025093.png,1,1.0,0.9716797,1,1,FAULTY,FAULTY,True,0.17822265625
/kaggle/working/processed/4cf801a5-0c28-4a4b-b7c1-a76aa375e556_000000001540.png,1,1.0,0.99658203,1,1,FAULTY,FAULTY,True,0.17822265625
/kaggle/working/processed/83ed47ba-50cd-4de5-952f-c7ecb0820e3c_000000029129.png,0,1.0,0.013687134,0,0,GOOD,GOOD,True,0.17822265625
/kaggle/working/processed/f18061d1-890d-47e3-add7-a84c964dec47_000000014532.png,1,1.0,0.96777344,1,1,FAULTY,FAULTY,True,0.17822265625
/kaggle/working/processed/089c2f08-c706-46e5-b6e9-821abc70e10a_000000026007.png,1,1.0,0.95996094,1,1,FAULTY,FAULTY,True,0.17822265625
/kaggle/working/processed/44f1d08c-b039-4574-80ce-b978066f9fa7_000000007368.png,0,1.0,0.10595703,0,0,GOOD,GOOD,True,0.17822265625
/kaggle/working/processed/cf0d3ff5-2d6a-4ede-9bf1-cbdeb59780a1_000000033068.png,0,6.0,0.18432617,1,0,FAULTY,GOOD,False,0.17822265625
/kaggle/working/processed/23c251c9-6c85-47ee-8940-7fe9c6327998_000000015872.png,1,1.0,0.67041016,1,1,FAULTY,FAULTY,True,0.17822265625
/kaggle/working/processed/24b887de-2dd1-4b46-906e-fa5c744249b7_000000021080.png,0,1.0,0.07489014,0,0,GOOD,GOOD,True,0.17822265625
/kaggle/working/processed/25e63283-4f1c-47c8-b5d5-e020acfec3b3_000000035297.png,1,1.0,0.99121094,1,1,FAULTY,FAULTY,True,0.17822265625
/kaggle/working/processed/51863d3b-decf-44e2-a5c2-fe45c966e4fa_000000008606.png,1,1.0,1.0,1,1,FAULTY,FAULTY,True,0.17822265625
/kaggle/working/processed/b8914884-ef44-49b9-868b-75a9ac4839b9_000000004198.png,1,1.0,0.52978516,1,1,FAULTY,FAULTY,True,0.17822265625
/kaggle/working/processed/d234a0b1-6cf6-4cbb-bb33-800f1fdb5f38_000000014845.png,1,1.0,0.9848633,1,1,FAULTY,FAULTY,True,0.17822265625
/kaggle/working/processed/eb4672fe-b0da-41d3-9b72-328a8c4ae0dc_000000013304.png,0,6.0,0.10760498,0,0,GOOD,GOOD,True,0.17822265625
/kaggle/working/processed/394e3e95-aae1-4184-9766-c1e37152c9e7_000000014847.png,0,1.0,0.10821533,0,0,GOOD,GOOD,True,0.17822265625
/kaggle/working/processed/2362b4c5-e8f2-44d2-8360-6d16b0a5f9a5_000000025233.png,1,1.0,1.0,1,1,FAULTY,FAULTY,True,0.17822265625
/kaggle/working/processed/6e97b7eb-caef-44c8-9849-351d4bff2342_000000017878.png,1,1.0,0.9555664,1,1,FAULTY,FAULTY,True,0.17822265625
/kaggle/working/processed/f475550e-8a09-4696-a548-16329cd87a6a_000000034237.png,1,1.0,0.99658203,1,1,FAULTY,FAULTY,True,0.17822265625
/kaggle/working/processed/f9e8967d-efdf-4698-8cb7-f8817acdce5d_000000020096.png,1,1.0,1.0,1,1,FAULTY,FAULTY,True,0.17822265625
/kaggle/working/processed/412e3f3b-87fa-497c-a7f1-64a374e30938_000000017080.png,0,1.0,0.07409668,0,0,GOOD,GOOD,True,0.17822265625
/kaggle/working/processed/65ed98d3-7f86-4248-888d-c2277ded3135_000000001503.png,0,1.0,0.038391113,0,0,GOOD,GOOD,True,0.17822265625
/kaggle/working/processed/335eee1b-2ee2-4a1d-af7d-a0400bd43e70_000000022424.png,0,1.0,0.051086426,0,0,GOOD,GOOD,True,0.17822265625
/kaggle/working/processed/b6957c51-e4f7-4e14-b70c-5e9325d5d0f5_000000028568.png,1,1.0,1.0,1,1,FAULTY,FAULTY,True,0.17822265625
/kaggle/working/processed/f6465eac-479b-4cbe-8d61-e5d0cd858db6_000000025277.png,1,1.0,0.40307617,1,1,FAULTY,FAULTY,True,0.17822265625
/kaggle/working/processed/b16dac47-e8bf-4e85-8680-9ee84cc9cea9_000000018560.png,1,1.0,0.99658203,1,1,FAULTY,FAULTY,True,0.17822265625
/kaggle/working/processed/bac60298-db80-4005-b76b-ece56e1a5169_000000028103.png,0,1.0,0.18432617,1,0,FAULTY,GOOD,False,0.17822265625
/kaggle/working/processed/ff049448-e104-4b91-9fac-24490beb134b_000000024633.png,1,1.0,0.99560547,1,1,FAULTY,FAULTY,True,0.17822265625
/kaggle/working/processed/d5a1d3eb-8677-48d6-897b-b0f5b4305e75_000000001948.png,1,1.0,0.9926758,1,1,FAULTY,FAULTY,True,0.17822265625
/kaggle/working/processed/802560f1-44cb-4ccb-84d8-8f5581026bfa_000000010235.png,1,1.0,1.0,1,1,FAULTY,FAULTY,True,0.17822265625
/kaggle/working/processed/db34ec8c-ae4f-4fe0-8ba9-0ff90e146e77_000000031413.png,0,1.0,0.16101074,0,0,GOOD,GOOD,True,0.17822265625
/kaggle/working/processed/b4f8d399-1516-4660-a897-a96fd3423158_000000020130.png,0,1.0,0.17895508,1,0,FAULTY,GOOD,False,0.17822265625
/kaggle/working/processed/b2f48e44-cdde-43b6-a465-0ea9cb941963_000000029857.png,1,1.0,1.0,1,1,FAULTY,FAULTY,True,0.17822265625
/kaggle/working/processed/7041730d-9edd-4bbc-b2df-c3d25bd3d4fe_000000012464.png,1,1.0,0.9926758,1,1,FAULTY,FAULTY,True,0.17822265625
/kaggle/working/processed/92ce4eef-adad-4ae8-bca9-54ed20226ea2_000000019484.png,1,1.0,0.6513672,1,1,FAULTY,FAULTY,True,0.17822265625
/kaggle/working/processed/dfbe6a55-ea69-42cd-a4ab-156010f68219_000000006791.png,1,1.0,0.9951172,1,1,FAULTY,FAULTY,True,0.17822265625
/kaggle/working/processed/fe0e669e-bcdf-4a0f-aaff-3f851366ea6e_000000004985.png,0,1.0,0.13244629,0,0,GOOD,GOOD,True,0.17822265625
/kaggle/working/processed/bc039a7a-41a1-41aa-8b81-76a1e1eb9d92_000000012387.png,0,6.0,0.21606445,1,0,FAULTY,GOOD,False,0.17822265625
/kaggle/working/processed/4beaba8f-7eda-4592-80aa-a8d65762fce3_000000013069.png,1,1.0,1.0,1,1,FAULTY,FAULTY,True,0.17822265625
/kaggle/working/processed/194f6b64-8b99-41af-ba4f-4181b7d50292_000000015143.png,0,1.0,0.05633545,0,0,GOOD,GOOD,True,0.17822265625
/kaggle/working/processed/bb11bdb0-5aca-4b43-9782-e06f61130867_000000008964.png,1,1.0,0.39697266,1,1,FAULTY,FAULTY,True,0.17822265625
/kaggle/working/processed/98dbb501-634f-4134-bc69-e510d0c3e90c_000000016254.png,1,1.0,0.5131836,1,1,FAULTY,FAULTY,True,0.17822265625
/kaggle/working/processed/e63039b8-104c-437a-be37-1bd891826603_000000013886.png,1,1.0,1.0,1,1,FAULTY,FAULTY,True,0.17822265625
/kaggle/working/processed/b66c7c7c-633d-45d8-9a43-3d65a5834ca7_000000033779.png,1,1.0,0.9995117,1,1,FAULTY,FAULTY,True,0.17822265625
/kaggle/working/processed/a89f28d3-bafc-4c8d-a7bb-03dd170f06e1_000000010335.png,1,1.0,0.99560547,1,1,FAULTY,FAULTY,True,0.17822265625
/kaggle/working/processed/f3283d7e-8bcc-4d08-90ae-c4ba823b1f93_000000028969.png,1,4.0,0.1508789,0,1,GOOD,FAULTY,False,0.17822265625
/kaggle/working/processed/611954b6-a2e8-4ced-8e0d-66ecce39abf3_000000028686.png,0,1.0,0.020690918,0,0,GOOD,GOOD,True,0.17822265625
/kaggle/working/processed/2948822a-b479-43bd-bb1b-08f31b813fb3_000000002277.png,0,1.0,0.1159668,0,0,GOOD,GOOD,True,0.17822265625
/kaggle/working/processed/f1ce0c5d-511c-4316-a692-d8c92ff689cf_000000008393.png,1,1.0,0.9980469,1,1,FAULTY,FAULTY,True,0.17822265625
/kaggle/working/processed/395cedd2-62f6-4caf-9a4b-0426d7481dc9_000000020962.png,1,1.0,0.3334961,1,1,FAULTY,FAULTY,True,0.17822265625
/kaggle/working/processed/e2993f92-e7ce-4194-bb09-4c80275437f3_000000009045.png,0,6.0,0.29077148,1,0,FAULTY,GOOD,False,0.17822265625
/kaggle/working/processed/c65f6f2f-d3e2-4c11-a0a9-f637b26efeca_000000024803.png,1,1.0,0.8364258,1,1,FAULTY,FAULTY,True,0.17822265625
/kaggle/working/processed/e8cf169c-c2ca-4f82-b3ed-050657125c99_000000015991.png,1,1.0,0.99853516,1,1,FAULTY,FAULTY,True,0.17822265625
/kaggle/working/processed/369373c5-cf7d-4616-90cd-062197dc30ef_000000003515.png,0,1.0,0.17663574,0,0,GOOD,GOOD,True,0.17822265625
/kaggle/working/processed/2a406076-70ff-479d-b714-e5855c2aa136_000000022129.png,1,1.0,0.9902344,1,1,FAULTY,FAULTY,True,0.17822265625
/kaggle/working/processed/98e94ea9-ff7f-413d-b105-5b839bf1ce1d_000000013875.png,1,1.0,0.99658203,1,1,FAULTY,FAULTY,True,0.17822265625
/kaggle/working/processed/f946e23a-8f84-4142-be4f-e90e020a390b_000000017152.png,1,1.0,1.0,1,1,FAULTY,FAULTY,True,0.17822265625
/kaggle/working/processed/2527a47f-df67-4ae6-855e-48210bf3f230_000000016775.png,0,1.0,0.111816406,0,0,GOOD,GOOD,True,0.17822265625
/kaggle/working/processed/969cfc7e-b776-4b13-a109-aa0e8884d429_000000033433.png,0,1.0,0.10070801,0,0,GOOD,GOOD,True,0.17822265625
/kaggle/working/processed/002afb91-e4f9-4424-8f77-6cc558246fbd_000000019951.png,1,1.0,0.8959961,1,1,FAULTY,FAULTY,True,0.17822265625
/kaggle/working/processed/12317313-22be-4327-b801-f74873cd2bec_000000034758.png,1,1.0,0.9301758,1,1,FAULTY,FAULTY,True,0.17822265625
/kaggle/working/processed/8332c5c5-de07-4a94-bd96-07512e502d9f_000000024438.png,1,1.0,0.33764648,1,1,FAULTY,FAULTY,True,0.17822265625
/kaggle/working/processed/be1d5855-cb1a-4759-8f03-c972d79dca72_000000021393.png,1,1.0,0.99560547,1,1,FAULTY,FAULTY,True,0.17822265625
/kaggle/working/processed/c4d0fdc2-556c-4e74-8c4e-fe0b359cf1b3_000000024580.png,1,1.0,1.0,1,1,FAULTY,FAULTY,True,0.17822265625
/kaggle/working/processed/1cf924a9-6307-4b10-bc12-db2325bb97a2_000000026333.png,1,1.0,0.61279297,1,1,FAULTY,FAULTY,True,0.17822265625
/kaggle/working/processed/2c3a4346-7f30-4ae2-93c8-5f6a0c392e87_000000021301.png,0,1.0,0.08050537,0,0,GOOD,GOOD,True,0.17822265625
/kaggle/working/processed/8948cfb8-9c91-47b4-9ea7-bd7940c0af77_000000031517.png,1,1.0,0.94091797,1,1,FAULTY,FAULTY,True,0.17822265625
/kaggle/working/processed/e7d843d6-5d93-4303-af2e-0dbf86169f88_000000023934.png,1,1.0,0.7451172,1,1,FAULTY,FAULTY,True,0.17822265625
/kaggle/working/processed/69ff5d05-a8d2-4931-8221-0fd5c4d27e56_000000006743.png,0,6.0,0.42114258,1,0,FAULTY,GOOD,False,0.17822265625
/kaggle/working/processed/b90b2d23-6597-493a-8ab1-e09b4f1a6d7c_000000021539.png,1,1.0,0.9995117,1,1,FAULTY,FAULTY,True,0.17822265625
/kaggle/working/processed/4016db1f-f05d-49f0-866d-13b7d346f861_000000010981.png,1,1.0,0.6230469,1,1,FAULTY,FAULTY,True,0.17822265625
/kaggle/working/processed/8ecad9cc-6e46-4527-b02c-06db741f2fd0_000000008850.png,1,1.0,0.9995117,1,1,FAULTY,FAULTY,True,0.17822265625
/kaggle/working/processed/ec6069c5-e2d1-4be8-9f4d-5d1e23661dc7_000000007824.png,1,1.0,0.49804688,1,1,FAULTY,FAULTY,True,0.17822265625
/kaggle/working/processed/1501c603-d3b9-4aba-a08c-2db2d968444b_000000011961.png,0,6.0,0.17211914,0,0,GOOD,GOOD,True,0.17822265625
/kaggle/working/processed/20125211-e111-4d58-a2d1-6dfc0b081036_000000016750.png,1,1.0,0.98779297,1,1,FAULTY,FAULTY,True,0.17822265625
/kaggle/working/processed/49c3faf3-ddfd-49ed-81ef-9375dba8d0e8_000000030026.png,0,6.0,0.43579102,1,0,FAULTY,GOOD,False,0.17822265625
/kaggle/working/processed/3df7fc92-cf6a-4926-8fca-45c7439190f5_000000032937.png,0,1.0,0.06512451,0,0,GOOD,GOOD,True,0.17822265625
/kaggle/working/processed/9d541197-d5e0-4a2c-afb6-20b68ffc4dc0_000000015945.png,1,1.0,0.99609375,1,1,FAULTY,FAULTY,True,0.17822265625
/kaggle/working/processed/a292c3d5-e20b-41b4-89ec-216d27576346_000000027526.png,1,1.0,0.9423828,1,1,FAULTY,FAULTY,True,0.17822265625
/kaggle/working/processed/be5a3399-137a-40f0-90cf-585e384caa58_000000027708.png,0,1.0,0.08331299,0,0,GOOD,GOOD,True,0.17822265625
/kaggle/working/processed/c3d9bbeb-65e0-4a0c-a7bf-1953d90082c3_000000026556.png,1,1.0,1.0,1,1,FAULTY,FAULTY,True,0.17822265625
/kaggle/working/processed/75c0a4fb-90e3-4d67-b34b-31320179a4dc_000000035003.png,0,1.0,0.06488037,0,0,GOOD,GOOD,True,0.17822265625
/kaggle/working/processed/363311be-ad32-49e0-b684-b2a7e2656ed4_000000027121.png,0,1.0,0.033843994,0,0,GOOD,GOOD,True,0.17822265625
/kaggle/working/processed/cbdcefc7-7ca8-4c3f-aac9-babea0911285_000000002960.png,0,6.0,0.31298828,1,0,FAULTY,GOOD,False,0.17822265625
/kaggle/working/processed/13f28ea4-72b8-4536-82ad-c2dce6f575e6_000000009855.png,0,6.0,0.23901367,1,0,FAULTY,GOOD,False,0.17822265625
/kaggle/working/processed/8de7b784-ff6e-44e1-9265-d6a4c7873016_000000013142.png,1,1.0,0.99902344,1,1,FAULTY,FAULTY,True,0.17822265625
/kaggle/working/processed/a883c1e4-f902-4278-b0fb-c1a44da1f9d5_000000010957.png,0,1.0,0.15991211,0,0,GOOD,GOOD,True,0.17822265625
/kaggle/working/processed/89873b1f-9c46-468f-be8c-4bf28751c4cd_000000020500.png,0,1.0,0.22680664,1,0,FAULTY,GOOD,False,0.17822265625
/kaggle/working/processed/25ed4df8-97f5-4b91-8149-ba296216d05c_000000022793.png,0,1.0,0.13049316,0,0,GOOD,GOOD,True,0.17822265625
/kaggle/working/processed/cc5d1676-14cc-4eb0-bd12-cf8c5b65731e_000000006592.png,1,1.0,0.9980469,1,1,FAULTY,FAULTY,True,0.17822265625
/kaggle/working/processed/1ac07f81-8054-41cf-8e5c-bba62bea8cb5_000000034812.png,1,1.0,1.0,1,1,FAULTY,FAULTY,True,0.17822265625
/kaggle/working/processed/e5bbc25c-f8c4-49f1-a075-dcde7ebf3dd9_000000029859.png,1,1.0,0.99902344,1,1,FAULTY,FAULTY,True,0.17822265625
/kaggle/working/processed/65997029-3cb0-4231-9f93-bfe77d7d3cc4_000000008488.png,1,1.0,0.64453125,1,1,FAULTY,FAULTY,True,0.17822265625
/kaggle/working/processed/fa2fe5a3-031b-4c11-bbe4-27956e4dced3_000000023020.png,1,1.0,1.0,1,1,FAULTY,FAULTY,True,0.17822265625
/kaggle/working/processed/1ea34783-b192-4fcf-bd08-8d1e05115c10_000000022850.png,1,1.0,0.29101562,1,1,FAULTY,FAULTY,True,0.17822265625
/kaggle/working/processed/684d99a2-3740-4708-ae68-5e0c71b013ec_000000023824.png,1,1.0,0.9511719,1,1,FAULTY,FAULTY,True,0.17822265625
/kaggle/working/processed/f67cc3c2-73f5-498c-8b79-dc8855d19134_000000028356.png,0,6.0,0.23144531,1,0,FAULTY,GOOD,False,0.17822265625
/kaggle/working/processed/45bde63b-9f1b-4f15-a865-80b3a457c779_000000007388.png,1,1.0,0.40966797,1,1,FAULTY,FAULTY,True,0.17822265625
/kaggle/working/processed/1abb7c24-6225-4870-b61f-c960de7d4192_000000001574.png,0,1.0,0.09893799,0,0,GOOD,GOOD,True,0.17822265625
/kaggle/working/processed/f93cf8b8-6bf2-445c-9fd9-85e79337a267_000000026076.png,0,1.0,0.0960083,0,0,GOOD,GOOD,True,0.17822265625
/kaggle/working/processed/652550a7-9bc0-41cf-a050-fa6bc036e282_000000025229.png,0,1.0,0.08679199,0,0,GOOD,GOOD,True,0.17822265625
/kaggle/working/processed/7a9899a8-4292-4e42-8c76-8121487b0651_000000034327.png,0,6.0,0.16833496,0,0,GOOD,GOOD,True,0.17822265625
/kaggle/working/processed/db430c18-166a-4f42-92df-a17d631c5e9f_000000002580.png,0,1.0,0.042816162,0,0,GOOD,GOOD,True,0.17822265625
/kaggle/working/processed/983d7710-636a-4bdd-bcff-4468003ca377_000000032145.png,0,1.0,0.07751465,0,0,GOOD,GOOD,True,0.17822265625
/kaggle/working/processed/a8431e27-84d7-4cbd-9df9-ac98c220c4d4_000000034855.png,1,1.0,0.9638672,1,1,FAULTY,FAULTY,True,0.17822265625
/kaggle/working/processed/f0f6200a-ebcb-461e-ae26-c57562f4a84e_000000010213.png,0,1.0,0.041534424,0,0,GOOD,GOOD,True,0.17822265625
/kaggle/working/processed/8524a1a1-b253-4db8-9d43-61ca58b49afd_000000003817.png,1,1.0,1.0,1,1,FAULTY,FAULTY,True,0.17822265625
/kaggle/working/processed/bbebc608-c1db-4a3d-a6eb-b60ab50d9385_000000028627.png,1,1.0,0.9921875,1,1,FAULTY,FAULTY,True,0.17822265625
/kaggle/working/processed/b551f58b-d307-4666-b3ff-64f7382cf963_000000016006.png,1,1.0,1.0,1,1,FAULTY,FAULTY,True,0.17822265625
/kaggle/working/processed/21394a25-98dd-455f-9752-5d6d56748a3a_000000020950.png,0,6.0,0.2980957,1,0,FAULTY,GOOD,False,0.17822265625
/kaggle/working/processed/bbcb3e05-f39c-4f46-851b-e1c2438ddbff_000000020748.png,0,1.0,0.099487305,0,0,GOOD,GOOD,True,0.17822265625
/kaggle/working/processed/e29a628f-8847-4eb8-b6ff-1825ba5b8d33_000000024452.png,0,1.0,0.11260986,0,0,GOOD,GOOD,True,0.17822265625
/kaggle/working/processed/69f6df6d-3224-4ae9-8190-ac4fea83ac49_000000016032.png,1,1.0,0.97021484,1,1,FAULTY,FAULTY,True,0.17822265625
/kaggle/working/processed/da3d52fd-f566-4531-bc2b-be4fc88c2b54_000000016662.png,1,4.0,0.19726562,1,1,FAULTY,FAULTY,True,0.17822265625
/kaggle/working/processed/f931f4df-2ef1-43c6-a070-bc5b973d7798_000000011745.png,0,1.0,0.07006836,0,0,GOOD,GOOD,True,0.17822265625
/kaggle/working/processed/5403f15d-d506-4917-96c6-6ff4786adeab_000000014008.png,0,6.0,0.35620117,1,0,FAULTY,GOOD,False,0.17822265625
/kaggle/working/processed/38acb8b2-f06c-47ae-a0bf-adeece00f80b_000000009535.png,0,6.0,0.23400879,1,0,FAULTY,GOOD,False,0.17822265625
/kaggle/working/processed/c33e1a34-1cbf-4cde-94aa-3ecdcee4ac0d_000000012488.png,1,1.0,0.9609375,1,1,FAULTY,FAULTY,True,0.17822265625
/kaggle/working/processed/e7387a36-af5d-4fb5-a17d-64c7721826b9_000000026293.png,1,1.0,0.9995117,1,1,FAULTY,FAULTY,True,0.17822265625
/kaggle/working/processed/b3f1e0e8-f2da-4ebe-83a0-d9ea1517f2ed_000000010008.png,1,1.0,0.9057617,1,1,FAULTY,FAULTY,True,0.17822265625
/kaggle/working/processed/bebe4cef-1fa2-47a0-977e-34f60dd3132d_000000017633.png,0,1.0,0.04046631,0,0,GOOD,GOOD,True,0.17822265625
/kaggle/working/processed/22038af4-495b-474a-b74c-a06ff62039a9_000000025661.png,1,1.0,0.99609375,1,1,FAULTY,FAULTY,True,0.17822265625
/kaggle/working/processed/217bbd1d-4913-47f4-a711-969b6c673259_000000008303.png,0,6.0,0.22888184,1,0,FAULTY,GOOD,False,0.17822265625
/kaggle/working/processed/6c17b393-836a-4e05-99e7-b5c409b47861_000000016090.png,1,1.0,1.0,1,1,FAULTY,FAULTY,True,0.17822265625
/kaggle/working/processed/7840bc53-ff7f-4c9c-a55f-17cd1c9b1f83_000000025199.png,1,1.0,0.4086914,1,1,FAULTY,FAULTY,True,0.17822265625
/kaggle/working/processed/0eaef11a-d2f2-4943-ad5d-d3cf422be793_000000024604.png,0,6.0,0.21203613,1,0,FAULTY,GOOD,False,0.17822265625
/kaggle/working/processed/8a9edb0d-6204-4010-b61c-25400767cf36_000000017763.png,0,6.0,0.26611328,1,0,FAULTY,GOOD,False,0.17822265625
/kaggle/working/processed/1ae5977e-a15a-431e-a67a-547aca82706e_000000020568.png,0,1.0,0.06109619,0,0,GOOD,GOOD,True,0.17822265625
/kaggle/working/processed/ce942246-6631-440f-88ea-9ca20bb15431_000000012150.png,1,1.0,0.99316406,1,1,FAULTY,FAULTY,True,0.17822265625
/kaggle/working/processed/78fbfa9d-6171-4a23-9056-d5bdbf0c9f0e_000000004698.png,1,1.0,0.91796875,1,1,FAULTY,FAULTY,True,0.17822265625
/kaggle/working/processed/3be1dac8-20d9-4a00-b486-ffc4c98f329c_000000001958.png,1,1.0,1.0,1,1,FAULTY,FAULTY,True,0.17822265625
/kaggle/working/processed/c0a09744-48c2-4cbe-83dd-f40c215e0877_000000005176.png,1,1.0,1.0,1,1,FAULTY,FAULTY,True,0.17822265625
/kaggle/working/processed/663f827c-c62e-4722-8705-7752f6dc62a8_000000034606.png,1,1.0,0.9951172,1,1,FAULTY,FAULTY,True,0.17822265625
/kaggle/working/processed/49f3fbdf-55b8-41be-9240-6b6584b9c485_000000006585.png,0,1.0,0.08758545,0,0,GOOD,GOOD,True,0.17822265625
/kaggle/working/processed/937903d3-4ce4-4519-ac18-bf571cb87ad1_000000009123.png,1,1.0,0.99902344,1,1,FAULTY,FAULTY,True,0.17822265625
/kaggle/working/processed/09090e55-ff09-4557-8c46-6736d299a44e_000000001203.png,1,1.0,0.7631836,1,1,FAULTY,FAULTY,True,0.17822265625
/kaggle/working/processed/e2c1a27f-6854-4899-8e51-f1e8eaa32454_000000027314.png,0,1.0,0.13989258,0,0,GOOD,GOOD,True,0.17822265625
/kaggle/working/processed/f079bda4-fb1f-42ab-9a4b-83a1167fd98f_000000014306.png,1,1.0,0.9995117,1,1,FAULTY,FAULTY,True,0.17822265625
/kaggle/working/processed/01e8eb8f-25dc-4310-9eee-66695c3aa606_000000010930.png,0,6.0,0.44482422,1,0,FAULTY,GOOD,False,0.17822265625
/kaggle/working/processed/4125f222-4fd9-4e37-9931-39c2eba4ee77_000000008289.png,1,1.0,0.73339844,1,1,FAULTY,FAULTY,True,0.17822265625
/kaggle/working/processed/59aa8754-bc44-4acc-8c1c-76ec23c9666f_000000007701.png,0,6.0,0.42260742,1,0,FAULTY,GOOD,False,0.17822265625
/kaggle/working/processed/1f92fbdb-f683-4ac3-8e2f-b530062bee92_000000034352.png,0,6.0,0.6279297,1,0,FAULTY,GOOD,False,0.17822265625
/kaggle/working/processed/2a4255fb-5d01-493f-ae31-7a579784e900_000000011146.png,1,1.0,0.99560547,1,1,FAULTY,FAULTY,True,0.17822265625
/kaggle/working/processed/0b8c9d39-621f-459c-b9c7-489a99343892_000000029978.png,1,1.0,0.9970703,1,1,FAULTY,FAULTY,True,0.17822265625
/kaggle/working/processed/074927ec-60cf-4196-afac-409bbac398bc_000000033316.png,1,1.0,0.62353516,1,1,FAULTY,FAULTY,True,0.17822265625
/kaggle/working/processed/0d20a98f-9542-4f65-8216-f057147737dd_000000034922.png,1,1.0,0.99316406,1,1,FAULTY,FAULTY,True,0.17822265625
/kaggle/working/processed/7592513f-af5c-4bfd-8235-91273cb01683_000000021097.png,1,1.0,0.5961914,1,1,FAULTY,FAULTY,True,0.17822265625
/kaggle/working/processed/55ff17c7-e674-4183-b273-00da59b10788_000000027871.png,1,1.0,0.89746094,1,1,FAULTY,FAULTY,True,0.17822265625
/kaggle/working/processed/cb57ae2a-9990-4edf-b8e1-967a821aa422_000000023283.png,0,1.0,0.13964844,0,0,GOOD,GOOD,True,0.17822265625
/kaggle/working/processed/98175e76-b949-44e0-bb6b-00a4e5f7455e_000000026253.png,0,6.0,0.41918945,1,0,FAULTY,GOOD,False,0.17822265625
/kaggle/working/processed/d3887dec-7b1b-4ff6-bfde-eacecaa575d5_000000031238.png,0,1.0,0.17248535,0,0,GOOD,GOOD,True,0.17822265625
/kaggle/working/processed/b7de3dd2-3f2b-4bd7-b2bb-de238ecca32e_000000006955.png,0,6.0,0.20202637,1,0,FAULTY,GOOD,False,0.17822265625
/kaggle/working/processed/a7d9e27d-9e24-4040-96a3-576bd4ce4d98_000000027389.png,0,1.0,0.13745117,0,0,GOOD,GOOD,True,0.17822265625
/kaggle/working/processed/09292aed-4c64-4a04-931a-a945f78bc69c_000000003990.png,0,6.0,0.3227539,1,0,FAULTY,GOOD,False,0.17822265625
/kaggle/working/processed/f79e9e44-0749-41be-a522-c41336f8eaf0_000000005908.png,0,1.0,0.08093262,0,0,GOOD,GOOD,True,0.17822265625
/kaggle/working/processed/16a05ee9-5b53-449d-a7a5-beb767b456ad_000000032849.png,1,1.0,1.0,1,1,FAULTY,FAULTY,True,0.17822265625
/kaggle/working/processed/e3994618-36b7-4aaa-9b5b-cfee15985a35_000000019228.png,1,1.0,1.0,1,1,FAULTY,FAULTY,True,0.17822265625
/kaggle/working/processed/70a1248a-b31c-4dc3-aa73-845e0178c5bb_000000013812.png,0,1.0,0.10192871,0,0,GOOD,GOOD,True,0.17822265625
/kaggle/working/processed/4e6635d3-a9ce-4ec8-a3bb-ac80b9ad3f82_000000033683.png,1,1.0,0.98876953,1,1,FAULTY,FAULTY,True,0.17822265625
/kaggle/working/processed/c378eb00-420f-4d58-aa6a-1ad26a2cd3fb_000000030829.png,1,1.0,1.0,1,1,FAULTY,FAULTY,True,0.17822265625
/kaggle/working/processed/8054ba28-5fce-4f11-9ae3-7f32f9c7748c_000000013767.png,1,1.0,0.44311523,1,1,FAULTY,FAULTY,True,0.17822265625
/kaggle/working/processed/ba409d74-fbde-4c53-b263-9e4205a76783_000000008422.png,1,1.0,1.0,1,1,FAULTY,FAULTY,True,0.17822265625
/kaggle/working/processed/677f27e8-3122-4775-b2cb-61c007a79327_000000018203.png,1,1.0,0.9033203,1,1,FAULTY,FAULTY,True,0.17822265625
/kaggle/working/processed/1ea7d770-0dd7-4ebe-a56c-43d0aeeb555c_000000011877.png,0,6.0,0.11755371,0,0,GOOD,GOOD,True,0.17822265625
/kaggle/working/processed/22ea9c4b-e21f-4134-8788-29a8db2c1bc5_000000011101.png,1,1.0,0.84033203,1,1,FAULTY,FAULTY,True,0.17822265625
/kaggle/working/processed/03d47e03-11d9-493f-a03d-9d11c15de12c_000000032707.png,0,6.0,0.22851562,1,0,FAULTY,GOOD,False,0.17822265625
/kaggle/working/processed/b9b12815-1fce-49b4-9ef7-6489d807b60d_000000014455.png,1,1.0,0.92333984,1,1,FAULTY,FAULTY,True,0.17822265625
/kaggle/working/processed/bf6d5a94-42a2-4746-bd52-3519e8ae16f6_000000002289.png,0,1.0,0.045776367,0,0,GOOD,GOOD,True,0.17822265625
/kaggle/working/processed/393ed30b-f127-459d-a1ac-b1a679c925cb_000000008566.png,1,4.0,0.18115234,1,1,FAULTY,FAULTY,True,0.17822265625
/kaggle/working/processed/2912383c-a091-476c-bfdc-4cae3cf2931e_000000003498.png,1,1.0,0.94921875,1,1,FAULTY,FAULTY,True,0.17822265625
/kaggle/working/processed/b7351dd9-f7c0-4ed3-aa66-72a131ab422e_000000005692.png,0,6.0,0.26757812,1,0,FAULTY,GOOD,False,0.17822265625
/kaggle/working/processed/6cf09f41-294a-45b6-92c1-216635da1d92_000000011760.png,0,1.0,0.1862793,1,0,FAULTY,GOOD,False,0.17822265625
/kaggle/working/processed/8b3b24e9-9d07-4515-bf85-a093cac3efb5_000000018534.png,1,1.0,0.99902344,1,1,FAULTY,FAULTY,True,0.17822265625
/kaggle/working/processed/669f8338-3ef2-482f-ac49-c45cd8ae0f57_000000030353.png,0,6.0,0.35473633,1,0,FAULTY,GOOD,False,0.17822265625
/kaggle/working/processed/cbd9480b-f5f6-40e7-b809-6a27e9ddbe6b_000000005278.png,0,1.0,0.0982666,0,0,GOOD,GOOD,True,0.17822265625
/kaggle/working/processed/0696f082-3e2c-49cb-a988-160b62ae179d_000000021921.png,1,1.0,0.42700195,1,1,FAULTY,FAULTY,True,0.17822265625
/kaggle/working/processed/100caef2-d87a-488c-bde1-5397bf320e13_000000005785.png,1,1.0,0.95996094,1,1,FAULTY,FAULTY,True,0.17822265625
/kaggle/working/processed/3edad945-2c45-46b6-8b9f-f1ff51af86dd_000000023301.png,0,1.0,0.121154785,0,0,GOOD,GOOD,True,0.17822265625
/kaggle/working/processed/813ade52-9072-4059-b5da-c4d568386e97_000000034523.png,1,1.0,0.99902344,1,1,FAULTY,FAULTY,True,0.17822265625
/kaggle/working/processed/163a69f9-1ee6-4582-914e-0aa04721df95_000000017528.png,1,1.0,1.0,1,1,FAULTY,FAULTY,True,0.17822265625
/kaggle/working/processed/fb53b0ce-34dc-4e63-ba30-60e188f6b331_000000006088.png,0,1.0,0.10192871,0,0,GOOD,GOOD,True,0.17822265625
/kaggle/working/processed/d1e44cca-5651-4351-9d91-a957e6fdc26f_000000030447.png,0,1.0,0.12548828,0,0,GOOD,GOOD,True,0.17822265625
/kaggle/working/processed/6b23fe89-434b-4918-a55d-14e6011e2285_000000027727.png,1,1.0,0.8535156,1,1,FAULTY,FAULTY,True,0.17822265625
/kaggle/working/processed/8f570bc7-2bab-4652-8d8c-2bf2cd738c93_000000032279.png,0,6.0,0.30419922,1,0,FAULTY,GOOD,False,0.17822265625
/kaggle/working/processed/3f8dcc14-3146-4e53-82a5-e7a537bab564_000000002293.png,1,1.0,0.21081543,1,1,FAULTY,FAULTY,True,0.17822265625
/kaggle/working/processed/5dcfd902-e473-4ca6-8231-62e863699ef3_000000019618.png,0,1.0,0.21496582,1,0,FAULTY,GOOD,False,0.17822265625
/kaggle/working/processed/af848c34-59e1-414a-95eb-f22dcf4a7e28_000000029282.png,0,1.0,0.09857178,0,0,GOOD,GOOD,True,0.17822265625
/kaggle/working/processed/8acad1ae-1d3c-4655-af7c-c12ddbd98348_000000001705.png,1,1.0,0.5366211,1,1,FAULTY,FAULTY,True,0.17822265625
/kaggle/working/processed/57b60fbb-61bc-43bd-b773-66221c90c47a_000000007648.png,0,1.0,0.11968994,0,0,GOOD,GOOD,True,0.17822265625
/kaggle/working/processed/4b542748-bc03-412d-b05e-c483151159c3_000000024069.png,1,1.0,1.0,1,1,FAULTY,FAULTY,True,0.17822265625
/kaggle/working/processed/2a3e7031-4967-4ffe-abb0-60a96615c874_000000004551.png,0,6.0,0.16003418,0,0,GOOD,GOOD,True,0.17822265625
/kaggle/working/processed/bcdec993-8c1b-4757-b6af-3d6239b9dccc_000000010383.png,0,6.0,0.26904297,1,0,FAULTY,GOOD,False,0.17822265625
/kaggle/working/processed/a3ad1358-7a9b-41b5-8034-b8e1eac4918c_000000014602.png,1,1.0,0.9638672,1,1,FAULTY,FAULTY,True,0.17822265625
/kaggle/working/processed/182e18a6-e699-40dc-a28c-1a37c4627a01_000000014193.png,0,1.0,0.09387207,0,0,GOOD,GOOD,True,0.17822265625
/kaggle/working/processed/02469f48-517c-4d55-8b6c-26d4878f1aab_000000012709.png,1,1.0,0.72558594,1,1,FAULTY,FAULTY,True,0.17822265625
/kaggle/working/processed/1c4cfcbd-696d-4ed3-9d70-94bce010fd15_000000017624.png,1,1.0,0.9760742,1,1,FAULTY,FAULTY,True,0.17822265625
/kaggle/working/processed/5bb7a4b5-05cd-4c25-9c5b-2c769a9a1db9_000000016917.png,1,1.0,1.0,1,1,FAULTY,FAULTY,True,0.17822265625
/kaggle/working/processed/3a66e8e0-ffb6-4930-bc49-b24084a15e14_000000007054.png,1,1.0,1.0,1,1,FAULTY,FAULTY,True,0.17822265625
/kaggle/working/processed/6ae4dda4-5eeb-4579-a733-93f1aae2aead_000000028929.png,1,1.0,0.99658203,1,1,FAULTY,FAULTY,True,0.17822265625
/kaggle/working/processed/69aec61a-81c9-4e4a-962d-cbfe34bdb730_000000028993.png,1,1.0,0.9995117,1,1,FAULTY,FAULTY,True,0.17822265625
/kaggle/working/processed/302e9f2d-df9c-470d-9625-febe576cf3b8_000000011094.png,0,1.0,0.14709473,0,0,GOOD,GOOD,True,0.17822265625
/kaggle/working/processed/b9536142-566a-4d43-a6a3-290c27dcb0aa_000000012282.png,1,1.0,0.9980469,1,1,FAULTY,FAULTY,True,0.17822265625
/kaggle/working/processed/327e038e-045c-4b15-9c19-7273718d9d4b_000000016314.png,0,6.0,0.08880615,0,0,GOOD,GOOD,True,0.17822265625
/kaggle/working/processed/897c9faf-8338-4561-890c-ecfe842af508_000000024924.png,1,1.0,0.9980469,1,1,FAULTY,FAULTY,True,0.17822265625
/kaggle/working/processed/68cf4a12-648e-4749-80ba-eda0093ce750_000000008172.png,1,1.0,0.9526367,1,1,FAULTY,FAULTY,True,0.17822265625
/kaggle/working/processed/53c91d15-2f6a-435f-acaf-b2d44a3c2e3e_000000032009.png,1,1.0,0.94873047,1,1,FAULTY,FAULTY,True,0.17822265625
/kaggle/working/processed/e6b4b2a2-af29-4e27-9d9e-c55e4e1b82f5_000000014190.png,1,1.0,0.9941406,1,1,FAULTY,FAULTY,True,0.17822265625
/kaggle/working/processed/0b52f091-8141-4b80-927b-a29efc631cf9_000000014434.png,1,1.0,0.9526367,1,1,FAULTY,FAULTY,True,0.17822265625
/kaggle/working/processed/771c20c0-66cc-451c-8261-08f86a29839c_000000018412.png,0,6.0,0.13342285,0,0,GOOD,GOOD,True,0.17822265625
/kaggle/working/processed/ebb5dac3-63bb-4ff1-8360-5329bf57b749_000000019614.png,0,6.0,0.96435547,1,0,FAULTY,GOOD,False,0.17822265625
/kaggle/working/processed/69446e41-944a-444f-adfb-8f5cd279c895_000000018583.png,1,1.0,0.98876953,1,1,FAULTY,FAULTY,True,0.17822265625
/kaggle/working/processed/cb6ab211-f467-4f19-81cc-4818a0ef3fc9_000000027009.png,0,6.0,0.26757812,1,0,FAULTY,GOOD,False,0.17822265625
/kaggle/working/processed/3b2625c5-b2fc-4f45-bd50-89f7165ddccd_000000019791.png,0,6.0,0.9038086,1,0,FAULTY,GOOD,False,0.17822265625
/kaggle/working/processed/d866d4eb-7580-469d-9fcc-c1127c12a58b_000000009622.png,0,1.0,0.05480957,0,0,GOOD,GOOD,True,0.17822265625
/kaggle/working/processed/a610b4b9-87e6-4223-9178-d3656ee8584a_000000031792.png,0,6.0,0.26049805,1,0,FAULTY,GOOD,False,0.17822265625
/kaggle/working/processed/e7bdddb5-16d7-4ece-a52b-e66ebef5e22e_000000033525.png,1,1.0,0.8701172,1,1,FAULTY,FAULTY,True,0.17822265625
/kaggle/working/processed/bf3c282f-a119-40d4-a1ec-d8011cb2750b_000000032954.png,1,1.0,1.0,1,1,FAULTY,FAULTY,True,0.17822265625
/kaggle/working/processed/8d2b155a-ad92-4b6e-9300-ca34b87dc853_000000026780.png,0,1.0,0.15881348,0,0,GOOD,GOOD,True,0.17822265625
/kaggle/working/processed/49e00f61-b0e7-4a1d-ae44-91ff09d711c2_000000022772.png,0,1.0,0.08929443,0,0,GOOD,GOOD,True,0.17822265625
/kaggle/working/processed/9cf670eb-033d-4e6e-a93c-e4e3cdc4388e_000000014984.png,1,1.0,0.99365234,1,1,FAULTY,FAULTY,True,0.17822265625
/kaggle/working/processed/af0ac05a-8dab-445b-9be8-f0d76dbd361a_000000024750.png,1,1.0,1.0,1,1,FAULTY,FAULTY,True,0.17822265625
/kaggle/working/processed/5e82050f-c0ca-4a0d-a16c-7638d2317725_000000024930.png,1,1.0,1.0,1,1,FAULTY,FAULTY,True,0.17822265625
/kaggle/working/processed/ff45a79d-c796-4457-a670-19b8a3e862d6_000000030189.png,0,1.0,0.105407715,0,0,GOOD,GOOD,True,0.17822265625
/kaggle/working/processed/8b953bc1-6ad8-4b44-bb2d-8c5fd2fda8e0_000000019573.png,1,1.0,1.0,1,1,FAULTY,FAULTY,True,0.17822265625
/kaggle/working/processed/c4f96376-7435-4e1c-8c94-62048bb0f414_000000005858.png,0,1.0,0.13000488,0,0,GOOD,GOOD,True,0.17822265625
/kaggle/working/processed/e0f62025-7631-43db-af23-899d10c1fc01_000000008571.png,1,1.0,0.9980469,1,1,FAULTY,FAULTY,True,0.17822265625
/kaggle/working/processed/7e8e9b03-b795-4b6c-a5c7-f27ac2a6acd0_000000020138.png,0,1.0,0.12670898,0,0,GOOD,GOOD,True,0.17822265625
/kaggle/working/processed/0356ebc2-aa9b-459a-af7e-e407ae0e7081_000000007627.png,1,1.0,0.99853516,1,1,FAULTY,FAULTY,True,0.17822265625
/kaggle/working/processed/f6caf8be-7d0b-4fcb-81ed-7de17d25d2cc_000000017373.png,1,1.0,0.9506836,1,1,FAULTY,FAULTY,True,0.17822265625
/kaggle/working/processed/298358bb-1184-4aa6-9406-0f6c69d0afb0_000000016981.png,1,1.0,0.72216797,1,1,FAULTY,FAULTY,True,0.17822265625
/kaggle/working/processed/0c6ba44c-264b-48a8-a1a1-b58119432a79_000000014037.png,0,6.0,0.30810547,1,0,FAULTY,GOOD,False,0.17822265625
/kaggle/working/processed/b95ab5ee-030b-401d-8a53-836fa4b58e29_000000026727.png,1,1.0,0.99853516,1,1,FAULTY,FAULTY,True,0.17822265625
/kaggle/working/processed/1ac5926a-36da-4364-9f61-96ea3e5383e7_000000030678.png,1,1.0,0.9350586,1,1,FAULTY,FAULTY,True,0.17822265625
/kaggle/working/processed/b5cf9cea-5ef2-4352-84eb-846bf5f007cd_000000034658.png,1,1.0,0.9897461,1,1,FAULTY,FAULTY,True,0.17822265625
/kaggle/working/processed/8ab21e55-8d7f-4640-bda5-090839b395bd_000000029442.png,1,1.0,1.0,1,1,FAULTY,FAULTY,True,0.17822265625
/kaggle/working/processed/c5dd31bf-d35c-4785-a456-e4421b1ff15f_000000022234.png,1,1.0,0.8515625,1,1,FAULTY,FAULTY,True,0.17822265625
/kaggle/working/processed/40b20186-4bbf-40af-9393-2659643d954c_000000031630.png,0,1.0,0.026260376,0,0,GOOD,GOOD,True,0.17822265625
/kaggle/working/processed/33d8e3ea-e915-4521-9af4-ad79a69e8167_000000019020.png,1,1.0,0.99902344,1,1,FAULTY,FAULTY,True,0.17822265625
/kaggle/working/processed/cb0fd629-016d-43e0-a693-14f1403f9418_000000032434.png,1,1.0,0.96191406,1,1,FAULTY,FAULTY,True,0.17822265625
/kaggle/working/processed/322c5bbf-891e-4128-b688-24e69623a41a_000000031449.png,1,1.0,1.0,1,1,FAULTY,FAULTY,True,0.17822265625
/kaggle/working/processed/479e9bf4-87bc-4bac-9796-e9ce0b647240_000000027451.png,0,6.0,0.5913086,1,0,FAULTY,GOOD,False,0.17822265625
/kaggle/working/processed/da437ab2-4250-41ae-9422-6ce0fa3091ac_000000033138.png,1,1.0,1.0,1,1,FAULTY,FAULTY,True,0.17822265625
/kaggle/working/processed/ae9fbc3e-6071-4ff1-bbcc-16b6b6472e7e_000000027615.png,1,1.0,0.9633789,1,1,FAULTY,FAULTY,True,0.17822265625
/kaggle/working/processed/00c8eccb-f972-472a-95cc-abd6a21914dc_000000003171.png,1,1.0,0.7602539,1,1,FAULTY,FAULTY,True,0.17822265625
/kaggle/working/processed/5794f209-d1ee-46e6-b37a-a6213cb21c66_000000026566.png,1,1.0,0.7553711,1,1,FAULTY,FAULTY,True,0.17822265625
/kaggle/working/processed/29aead29-fab7-4828-817f-7ec7a992826a_000000011636.png,1,1.0,0.86865234,1,1,FAULTY,FAULTY,True,0.17822265625
/kaggle/working/processed/e516b8d0-2e92-49c1-a978-573e4ee15899_000000030362.png,0,1.0,0.20043945,1,0,FAULTY,GOOD,False,0.17822265625
/kaggle/working/processed/00047880-6842-4af2-8b8a-5139d6f53bdf_000000005021.png,0,1.0,0.033843994,0,0,GOOD,GOOD,True,0.17822265625
/kaggle/working/processed/2bbc0ca3-a468-4cf8-9aec-1563f5cae758_000000019736.png,0,1.0,0.08947754,0,0,GOOD,GOOD,True,0.17822265625
/kaggle/working/processed/0be298c2-c35c-41fd-98e7-a12be02af3b8_000000013120.png,1,1.0,0.9975586,1,1,FAULTY,FAULTY,True,0.17822265625
/kaggle/working/processed/739df039-67ec-45a2-898d-1c4e7a72376a_000000007144.png,1,1.0,0.9584961,1,1,FAULTY,FAULTY,True,0.17822265625
/kaggle/working/processed/5d7dcb96-0e24-4b01-82c4-6627a7140df7_000000028328.png,0,1.0,0.15368652,0,0,GOOD,GOOD,True,0.17822265625
/kaggle/working/processed/49c7a5f8-cde4-4bb8-b9e2-7bbe132167b8_000000023272.png,0,1.0,0.06188965,0,0,GOOD,GOOD,True,0.17822265625
/kaggle/working/processed/3d6e55fa-a56d-4c43-850d-41b905c8fe1a_000000012381.png,1,1.0,0.3293457,1,1,FAULTY,FAULTY,True,0.17822265625
/kaggle/working/processed/726b0659-6ae3-4e7c-8f4d-6c74ca1ac33f_000000012824.png,1,1.0,1.0,1,1,FAULTY,FAULTY,True,0.17822265625
/kaggle/working/processed/e5477f51-47b0-4132-86fc-a5f961f435af_000000014126.png,0,1.0,0.072509766,0,0,GOOD,GOOD,True,0.17822265625
/kaggle/working/processed/d219fc22-b646-4265-b74e-02af13a77ce4_000000015546.png,1,1.0,0.9980469,1,1,FAULTY,FAULTY,True,0.17822265625
/kaggle/working/processed/d797ca2c-74cd-4413-9d46-109c44f52a99_000000013027.png,1,1.0,0.9951172,1,1,FAULTY,FAULTY,True,0.17822265625
/kaggle/working/processed/95f933d2-2919-429e-a43b-3467a3253400_000000005402.png,1,1.0,0.9980469,1,1,FAULTY,FAULTY,True,0.17822265625
/kaggle/working/processed/9afc8cd9-93a2-4d64-b21d-5894910a9b6e_000000001344.png,0,1.0,0.01802063,0,0,GOOD,GOOD,True,0.17822265625
/kaggle/working/processed/efa8b614-1aed-4852-8c42-8fc7e77aa6f1_000000014877.png,0,1.0,0.16101074,0,0,GOOD,GOOD,True,0.17822265625
/kaggle/working/processed/240fce03-7ec9-4325-a96c-81489cd585ef_000000026459.png,0,1.0,0.009376526,0,0,GOOD,GOOD,True,0.17822265625
/kaggle/working/processed/42610964-5ae2-4b4e-be63-cbb3af2d7741_000000035055.png,1,1.0,0.99902344,1,1,FAULTY,FAULTY,True,0.17822265625
/kaggle/working/processed/4cdf372b-dc6e-4fb2-8577-6b5c975eea18_000000015443.png,0,1.0,0.058563232,0,0,GOOD,GOOD,True,0.17822265625
/kaggle/working/processed/4323547f-9937-4b4f-9747-9b6d537f7ee8_000000020212.png,1,1.0,0.9995117,1,1,FAULTY,FAULTY,True,0.17822265625
/kaggle/working/processed/088a8543-a001-41be-be43-2c8e03ef38b1_000000004606.png,1,1.0,0.79248047,1,1,FAULTY,FAULTY,True,0.17822265625
/kaggle/working/processed/62b9dd1f-d296-418a-acc8-44de8b327cde_000000011658.png,0,1.0,0.12890625,0,0,GOOD,GOOD,True,0.17822265625
/kaggle/working/processed/a109efdd-832d-478e-802f-88f24a522bca_000000013852.png,1,1.0,0.8588867,1,1,FAULTY,FAULTY,True,0.17822265625
/kaggle/working/processed/2893a209-d8c3-4546-ab78-520f943a12cf_000000012305.png,0,6.0,0.8671875,1,0,FAULTY,GOOD,False,0.17822265625
/kaggle/working/processed/24958961-d9dd-4fe0-9f81-8da2125ee098_000000004359.png,0,1.0,0.062561035,0,0,GOOD,GOOD,True,0.17822265625
/kaggle/working/processed/457ee943-b436-4dbb-835a-6fa587902f08_000000016884.png,0,6.0,0.14086914,0,0,GOOD,GOOD,True,0.17822265625
/kaggle/working/processed/a95dc447-5cae-4d6d-a4cd-c23d3d510b61_000000020714.png,1,1.0,0.9770508,1,1,FAULTY,FAULTY,True,0.17822265625
/kaggle/working/processed/59bb7596-6a9b-438e-b9c8-4396072c9155_000000002959.png,1,1.0,0.9916992,1,1,FAULTY,FAULTY,True,0.17822265625
/kaggle/working/processed/70ee00ec-cd5a-4f21-901b-311d707561ae_000000006597.png,0,1.0,0.1776123,0,0,GOOD,GOOD,True,0.17822265625
/kaggle/working/processed/5a806d62-2552-4edf-9437-2e0ef121fc7c_000000007734.png,0,1.0,0.2109375,1,0,FAULTY,GOOD,False,0.17822265625
/kaggle/working/processed/2e069997-2243-4ed9-be97-537e89278e9a_000000020011.png,1,1.0,0.93359375,1,1,FAULTY,FAULTY,True,0.17822265625
/kaggle/working/processed/3aa774b1-3c05-4a9e-8939-fa624afa2a70_000000032147.png,1,1.0,1.0,1,1,FAULTY,FAULTY,True,0.17822265625
/kaggle/working/processed/4ae7fb52-6d81-4157-a2bb-7debcfd223a8_000000013040.png,0,6.0,0.6538086,1,0,FAULTY,GOOD,False,0.17822265625
/kaggle/working/processed/50c319d7-0fd8-4d21-a665-60e3d8643c09_000000028901.png,0,6.0,0.3942871,1,0,FAULTY,GOOD,False,0.17822265625
/kaggle/working/processed/c30d9e8a-bf8a-4d41-b6fb-47f652a3c48a_000000029206.png,0,1.0,0.053009033,0,0,GOOD,GOOD,True,0.17822265625
/kaggle/working/processed/1eb16dcb-68ec-4e2a-8357-331d2e6feb6f_000000002319.png,1,1.0,0.99853516,1,1,FAULTY,FAULTY,True,0.17822265625
/kaggle/working/processed/e931f83a-960e-4a56-98c3-e3a9c8dece66_000000018103.png,1,1.0,0.99121094,1,1,FAULTY,FAULTY,True,0.17822265625
/kaggle/working/processed/bc964bab-4374-4b68-8b7d-8dbe5b22a1f7_000000002250.png,1,1.0,0.9916992,1,1,FAULTY,FAULTY,True,0.17822265625
/kaggle/working/processed/59e3cb26-24cb-45dd-86ad-2a91088f9d12_000000030841.png,1,1.0,1.0,1,1,FAULTY,FAULTY,True,0.17822265625
/kaggle/working/processed/537f6dcb-0ccb-4271-a72a-30de04e0a607_000000033627.png,0,6.0,0.51708984,1,0,FAULTY,GOOD,False,0.17822265625
/kaggle/working/processed/e1432fcd-898b-4864-824f-8815877a5db9_000000031819.png,0,1.0,0.04977417,0,0,GOOD,GOOD,True,0.17822265625
/kaggle/working/processed/52e3da97-a41f-4e59-a792-1601545fb1c6_000000018579.png,1,1.0,0.95410156,1,1,FAULTY,FAULTY,True,0.17822265625
/kaggle/working/processed/499d7d3a-2d14-4e17-8946-48dd808fe3c0_000000019249.png,1,1.0,0.9995117,1,1,FAULTY,FAULTY,True,0.17822265625
/kaggle/working/processed/f9cde70c-df15-4b08-9982-c41eb2a83282_000000030144.png,1,1.0,0.55859375,1,1,FAULTY,FAULTY,True,0.17822265625
/kaggle/working/processed/29486195-5096-4074-b344-6835adc23c84_000000013171.png,1,1.0,1.0,1,1,FAULTY,FAULTY,True,0.17822265625
/kaggle/working/processed/86ca834a-af0d-41ce-9816-5470047469d8_000000022473.png,0,6.0,0.17700195,0,0,GOOD,GOOD,True,0.17822265625
/kaggle/working/processed/f5046b6e-fd9e-44e1-be6d-93258aae2d34_000000025540.png,0,6.0,0.16699219,0,0,GOOD,GOOD,True,0.17822265625
/kaggle/working/processed/0b814189-c2ce-4ec0-9320-f47d277b73bb_000000030727.png,0,6.0,0.22338867,1,0,FAULTY,GOOD,False,0.17822265625
/kaggle/working/processed/e9f0db79-a4dd-49ea-bcd1-734c0756b0af_000000033807.png,0,1.0,0.09979248,0,0,GOOD,GOOD,True,0.17822265625
/kaggle/working/processed/d6c13010-5578-43a1-8696-c8c6c6cff16c_000000000936.png,0,1.0,0.044433594,0,0,GOOD,GOOD,True,0.17822265625
/kaggle/working/processed/19d5065f-6045-4419-9cc7-dfa94f9bdc86_000000010316.png,1,1.0,0.9946289,1,1,FAULTY,FAULTY,True,0.17822265625
/kaggle/working/processed/9a70a8ef-6add-40de-943f-153f631eb132_000000008711.png,1,1.0,0.90185547,1,1,FAULTY,FAULTY,True,0.17822265625
/kaggle/working/processed/c7a83674-2225-4bd8-8457-8e1a13cef7f9_000000029274.png,1,1.0,1.0,1,1,FAULTY,FAULTY,True,0.17822265625
/kaggle/working/processed/0604c652-5560-43d1-a8af-f583e6d2396e_000000028326.png,0,6.0,0.21484375,1,0,FAULTY,GOOD,False,0.17822265625
/kaggle/working/processed/9f1c87a9-3588-414d-b664-8529b67dee3d_000000034387.png,1,1.0,0.8930664,1,1,FAULTY,FAULTY,True,0.17822265625
/kaggle/working/processed/8eec6e00-2b3c-4ad9-874b-a9b6a08060d1_000000000772.png,0,6.0,0.09588623,0,0,GOOD,GOOD,True,0.17822265625
/kaggle/working/processed/1bd163ce-077d-4855-88e6-0e503cc9252c_000000017372.png,0,6.0,0.52734375,1,0,FAULTY,GOOD,False,0.17822265625
/kaggle/working/processed/1d2a814f-f753-47f2-abc9-801be52201a0_000000008417.png,0,1.0,0.0803833,0,0,GOOD,GOOD,True,0.17822265625
/kaggle/working/processed/c0ebec84-f2bb-45db-abac-63d346724382_000000015590.png,1,1.0,0.3305664,1,1,FAULTY,FAULTY,True,0.17822265625
/kaggle/working/processed/465d5c82-4218-45ae-8301-2eadfe826cfb_000000030798.png,0,1.0,0.094177246,0,0,GOOD,GOOD,True,0.17822265625
/kaggle/working/processed/688e439b-6fd2-49e4-91f5-88a6fafeb998_000000006658.png,1,1.0,0.99902344,1,1,FAULTY,FAULTY,True,0.17822265625
/kaggle/working/processed/be868952-6f9b-4ea6-93fd-58c103318b35_000000026003.png,0,1.0,0.07611084,0,0,GOOD,GOOD,True,0.17822265625
/kaggle/working/processed/be23a986-e1f5-4d33-a804-df04fe86d1d8_000000009241.png,1,1.0,0.9321289,1,1,FAULTY,FAULTY,True,0.17822265625
/kaggle/working/processed/850797cc-e3cb-443d-8be9-01825db35ead_000000005872.png,0,1.0,0.08331299,0,0,GOOD,GOOD,True,0.17822265625
/kaggle/working/processed/7d51d6db-743e-40e9-942d-1d4c75f3f391_000000011911.png,0,6.0,0.20153809,1,0,FAULTY,GOOD,False,0.17822265625
/kaggle/working/processed/d39472ac-f906-4584-9bb9-ee18b4e0cd9e_000000012123.png,0,6.0,0.20129395,1,0,FAULTY,GOOD,False,0.17822265625
/kaggle/working/processed/d4fb5c43-01b6-4567-b461-885f03f40b22_000000000291.png,0,1.0,0.11798096,0,0,GOOD,GOOD,True,0.17822265625
/kaggle/working/processed/2acc97ee-e52e-4542-9bd3-d118adeacbee_000000022075.png,0,6.0,0.44677734,1,0,FAULTY,GOOD,False,0.17822265625
/kaggle/working/processed/621b32f3-0b81-4ee5-b712-9700f77db1f1_000000024057.png,1,1.0,0.99609375,1,1,FAULTY,FAULTY,True,0.17822265625
/kaggle/working/processed/6d571c55-412e-47da-8463-e4ad6a782fdb_000000025621.png,0,6.0,0.34521484,1,0,FAULTY,GOOD,False,0.17822265625
/kaggle/working/processed/ce5a5d5f-1d02-4ab6-9fef-5bf68dcb1dc8_000000032087.png,1,1.0,1.0,1,1,FAULTY,FAULTY,True,0.17822265625
/kaggle/working/processed/3a67ed1c-4d69-4f0d-8b88-23dacb37f346_000000001337.png,1,1.0,0.6582031,1,1,FAULTY,FAULTY,True,0.17822265625
/kaggle/working/processed/7cb6e850-4523-4d76-8074-7b24cc8c0f44_000000026837.png,1,1.0,1.0,1,1,FAULTY,FAULTY,True,0.17822265625
/kaggle/working/processed/225ee9aa-1365-47e3-8e59-daf0218d3d0a_000000026198.png,1,1.0,0.76660156,1,1,FAULTY,FAULTY,True,0.17822265625
/kaggle/working/processed/2fd9c3b4-95a5-4c43-8527-648f28a5cec7_000000029283.png,1,4.0,0.20581055,1,1,FAULTY,FAULTY,True,0.17822265625
/kaggle/working/processed/0cf786b6-2125-426d-aacd-39d254d84d18_000000005641.png,1,1.0,0.9951172,1,1,FAULTY,FAULTY,True,0.17822265625
/kaggle/working/processed/84f5a113-cdcc-41d5-b677-1c5839ae4671_000000003799.png,0,6.0,0.15466309,0,0,GOOD,GOOD,True,0.17822265625
/kaggle/working/processed/acaebbf9-cfcb-4038-b50b-7416d6fe78cb_000000018945.png,1,1.0,0.9975586,1,1,FAULTY,FAULTY,True,0.17822265625
/kaggle/working/processed/a9ee88c0-d9e9-4246-a419-b6c5f6e4b194_000000000337.png,1,1.0,1.0,1,1,FAULTY,FAULTY,True,0.17822265625
/kaggle/working/processed/58a69f86-40b8-4f19-aee1-109d234b1af2_000000022900.png,0,6.0,0.2109375,1,0,FAULTY,GOOD,False,0.17822265625
/kaggle/working/processed/537f7510-25fa-4979-8c48-8c5994fc4dc4_000000031918.png,0,1.0,0.09222412,0,0,GOOD,GOOD,True,0.17822265625
/kaggle/working/processed/5e830855-bcce-4d14-9a5b-db12c4358def_000000022480.png,1,1.0,0.9995117,1,1,FAULTY,FAULTY,True,0.17822265625
/kaggle/working/processed/18a0c869-a9b7-4a2f-9175-ab1022860ec2_000000028513.png,1,1.0,1.0,1,1,FAULTY,FAULTY,True,0.17822265625
/kaggle/working/processed/6955e2c8-88f2-4be3-b35b-1725f61bbba4_000000005758.png,1,1.0,0.9165039,1,1,FAULTY,FAULTY,True,0.17822265625
/kaggle/working/processed/3d7dea18-7cdc-47f4-835f-1cdf80d702a6_000000017216.png,0,1.0,0.017303467,0,0,GOOD,GOOD,True,0.17822265625
/kaggle/working/processed/2ecce636-9ed1-4c72-a1c7-1c65c29f8a81_000000004719.png,0,1.0,0.053009033,0,0,GOOD,GOOD,True,0.17822265625
/kaggle/working/processed/fb7577a5-2777-43d8-b4df-699f23c80d22_000000034944.png,1,1.0,1.0,1,1,FAULTY,FAULTY,True,0.17822265625
/kaggle/working/processed/909077ba-5e40-48ed-9552-76ee953a1667_000000017575.png,0,6.0,0.29296875,1,0,FAULTY,GOOD,False,0.17822265625
/kaggle/working/processed/7bed1d56-b374-473d-b075-15e9bba18298_000000014159.png,0,1.0,0.08300781,0,0,GOOD,GOOD,True,0.17822265625
/kaggle/working/processed/220cd958-4f06-4ddd-bcb8-f1e0d320c592_000000029580.png,1,1.0,1.0,1,1,FAULTY,FAULTY,True,0.17822265625
/kaggle/working/processed/9cc491ce-9d03-45ea-98dd-18430ee276f6_000000001271.png,1,1.0,0.7368164,1,1,FAULTY,FAULTY,True,0.17822265625
/kaggle/working/processed/3b99f194-39fa-437d-beff-686e9808f064_000000029771.png,1,1.0,0.98583984,1,1,FAULTY,FAULTY,True,0.17822265625
/kaggle/working/processed/bc343b74-d0a1-45ff-91cd-90ce6006e128_000000030321.png,1,1.0,0.67041016,1,1,FAULTY,FAULTY,True,0.17822265625
/kaggle/working/processed/cb52732d-be93-485f-899b-7d90c68a3fcf_000000034304.png,0,6.0,0.06982422,0,0,GOOD,GOOD,True,0.17822265625
/kaggle/working/processed/3a12c2e3-f6ba-4ffb-8f60-4273e5ad8048_000000026450.png,1,1.0,0.94677734,1,1,FAULTY,FAULTY,True,0.17822265625
/kaggle/working/processed/bb9d50a0-ebf0-4152-b8a2-0ca536d0068f_000000024166.png,0,6.0,0.17163086,0,0,GOOD,GOOD,True,0.17822265625
/kaggle/working/processed/667c5136-426c-4146-bb6e-daf30e8b92f9_000000026024.png,1,1.0,0.9082031,1,1,FAULTY,FAULTY,True,0.17822265625
/kaggle/working/processed/1d719692-3cdb-412f-8a73-537740356d14_000000014954.png,0,6.0,0.14428711,0,0,GOOD,GOOD,True,0.17822265625
/kaggle/working/processed/6ae06954-7c35-4806-b555-4ceb0282126f_000000025843.png,0,1.0,0.1665039,0,0,GOOD,GOOD,True,0.17822265625
/kaggle/working/processed/b6421db2-922f-4804-9418-4251170991ca_000000005111.png,0,1.0,0.046203613,0,0,GOOD,GOOD,True,0.17822265625
/kaggle/working/processed/91dc81f5-0368-491a-9b85-ae031b26b50c_000000010551.png,1,1.0,0.97558594,1,1,FAULTY,FAULTY,True,0.17822265625
/kaggle/working/processed/8d4ff3f3-c6ba-47c5-b419-5a74042ddf42_000000004316.png,1,1.0,1.0,1,1,FAULTY,FAULTY,True,0.17822265625
/kaggle/working/processed/34ae3c56-5cc3-4c02-96bf-554dabe37c4f_000000012693.png,1,1.0,0.44506836,1,1,FAULTY,FAULTY,True,0.17822265625
/kaggle/working/processed/f154b88a-7195-4e8a-af76-d925176ca385_000000015265.png,0,6.0,0.18823242,1,0,FAULTY,GOOD,False,0.17822265625
/kaggle/working/processed/0176c3b8-4ec5-410f-9269-80ba76b4f5af_000000030184.png,0,1.0,0.14916992,0,0,GOOD,GOOD,True,0.17822265625
/kaggle/working/processed/73185563-0d12-4dff-a0dd-a59bbb7b6439_000000005065.png,1,1.0,1.0,1,1,FAULTY,FAULTY,True,0.17822265625
/kaggle/working/processed/d023a096-19d9-46a1-8acd-b53484c59d00_000000003289.png,0,1.0,0.04647827,0,0,GOOD,GOOD,True,0.17822265625
/kaggle/working/processed/b1cc1bfa-407c-4180-bd6a-01e017f935c0_000000012813.png,1,1.0,0.87939453,1,1,FAULTY,FAULTY,True,0.17822265625
/kaggle/working/processed/5b7e8176-5a0b-43ac-8764-fd5a9398b6ec_000000001664.png,1,1.0,0.91845703,1,1,FAULTY,FAULTY,True,0.17822265625
/kaggle/working/processed/fd66ed13-9e81-40ef-8f2d-ae4c8c533425_000000021742.png,0,1.0,0.14172363,0,0,GOOD,GOOD,True,0.17822265625
/kaggle/working/processed/80f58624-fe86-4e9b-a85e-f23b450b042a_000000031521.png,1,1.0,0.9995117,1,1,FAULTY,FAULTY,True,0.17822265625
/kaggle/working/processed/01948dbc-ee84-4c9a-bdff-aa9ab7aae80c_000000010670.png,0,1.0,0.08062744,0,0,GOOD,GOOD,True,0.17822265625
/kaggle/working/processed/8b062326-ab2f-4939-82ff-12130b5f7ae0_000000019490.png,1,1.0,1.0,1,1,FAULTY,FAULTY,True,0.17822265625
/kaggle/working/processed/1bad9503-50f9-4df4-aabd-43b9de0ee63f_000000003472.png,0,1.0,0.088012695,0,0,GOOD,GOOD,True,0.17822265625
/kaggle/working/processed/f8fde574-8ac6-4351-8aeb-83b3d1a12852_000000030401.png,1,1.0,1.0,1,1,FAULTY,FAULTY,True,0.17822265625
/kaggle/working/processed/acbaa7e2-3d59-4e94-af18-208e4d2d41b8_000000014352.png,1,1.0,0.6435547,1,1,FAULTY,FAULTY,True,0.17822265625
/kaggle/working/processed/94c16079-6781-4605-9397-13706104ee9c_000000001696.png,0,6.0,0.10070801,0,0,GOOD,GOOD,True,0.17822265625
/kaggle/working/processed/22fa39ce-94cf-4cf7-909e-28a594937498_000000028654.png,0,6.0,0.24865723,1,0,FAULTY,GOOD,False,0.17822265625
/kaggle/working/processed/5a15a7a9-529f-49cb-8f1a-3aa14cbc9bb4_000000016939.png,1,1.0,0.7583008,1,1,FAULTY,FAULTY,True,0.17822265625
/kaggle/working/processed/e87c65f6-1dd7-4109-bee4-7019c29cc79f_000000004751.png,0,1.0,0.1427002,0,0,GOOD,GOOD,True,0.17822265625
/kaggle/working/processed/3bc006cd-4bf2-46d5-a8a6-5d3c7fe3b37f_000000015695.png,1,1.0,0.9980469,1,1,FAULTY,FAULTY,True,0.17822265625
/kaggle/working/processed/660972d9-221f-40a2-89f4-498cea29fc3c_000000028087.png,1,1.0,0.9868164,1,1,FAULTY,FAULTY,True,0.17822265625
/kaggle/working/processed/caa4ce0f-08ff-4a0c-a16e-f66fcd792170_000000007240.png,0,6.0,0.08508301,0,0,GOOD,GOOD,True,0.17822265625
/kaggle/working/processed/fc802a9d-352c-41c2-81ff-8ecb11ca99cd_000000010880.png,1,1.0,0.99609375,1,1,FAULTY,FAULTY,True,0.17822265625
/kaggle/working/processed/c1434ed8-95c5-4026-8d11-03f7943e7e9b_000000007764.png,1,1.0,0.9995117,1,1,FAULTY,FAULTY,True,0.17822265625
/kaggle/working/processed/8b336331-91b0-4378-98e2-34dda121b76c_000000017499.png,1,1.0,1.0,1,1,FAULTY,FAULTY,True,0.17822265625
/kaggle/working/processed/d9f28420-32ac-4c7f-8c5a-bec292c5ed27_000000012199.png,1,1.0,0.9902344,1,1,FAULTY,FAULTY,True,0.17822265625
/kaggle/working/processed/474ece4e-be3a-4ff4-999e-5cdb9934026a_000000032344.png,1,1.0,0.82666016,1,1,FAULTY,FAULTY,True,0.17822265625
/kaggle/working/processed/471d7b08-b91e-495d-afa1-26d3b293103f_000000008629.png,0,6.0,0.22570801,1,0,FAULTY,GOOD,False,0.17822265625
/kaggle/working/processed/3b7a7d70-1d35-4b18-bd0a-cc950813ae70_000000032446.png,0,1.0,0.06021118,0,0,GOOD,GOOD,True,0.17822265625
/kaggle/working/processed/80a026f0-77a4-49c3-9c93-17afac8ce6dd_000000007233.png,0,1.0,0.10668945,0,0,GOOD,GOOD,True,0.17822265625
/kaggle/working/processed/ec586baf-0984-4471-90d7-6253483dfb4c_000000001752.png,0,6.0,0.14501953,0,0,GOOD,GOOD,True,0.17822265625
/kaggle/working/processed/aea5a843-b3af-48b9-8928-fe09f271c2d0_000000023656.png,1,1.0,1.0,1,1,FAULTY,FAULTY,True,0.17822265625
/kaggle/working/processed/98793941-37f3-4fbe-b199-ea9beb620ba4_000000009808.png,1,1.0,0.80615234,1,1,FAULTY,FAULTY,True,0.17822265625
/kaggle/working/processed/841e7b17-1f5c-423d-8c83-93d9af652712_000000012406.png,1,1.0,0.9472656,1,1,FAULTY,FAULTY,True,0.17822265625
/kaggle/working/processed/6b202a98-179f-4669-b72e-de461bbe733e_000000004459.png,1,1.0,0.90478516,1,1,FAULTY,FAULTY,True,0.17822265625
/kaggle/working/processed/c680bf65-85d7-4694-b5e1-15c29f0fd599_000000009236.png,1,1.0,0.99658203,1,1,FAULTY,FAULTY,True,0.17822265625
/kaggle/working/processed/00b030cd-241a-46ea-a47d-ce3408ed2def_000000020491.png,1,1.0,0.9995117,1,1,FAULTY,FAULTY,True,0.17822265625
/kaggle/working/processed/db3045ca-3ef9-46d1-9098-c4143a95bc52_000000014812.png,1,1.0,0.97998047,1,1,FAULTY,FAULTY,True,0.17822265625
/kaggle/working/processed/e9479be4-9228-4efb-916c-613c584d8d0e_000000026139.png,1,1.0,0.9995117,1,1,FAULTY,FAULTY,True,0.17822265625
/kaggle/working/processed/536c513f-2b1f-475e-b79f-e3a02d1102c1_000000034776.png,0,6.0,0.21606445,1,0,FAULTY,GOOD,False,0.17822265625
/kaggle/working/processed/67c9d472-0e11-4359-a6e0-a6353440cec0_000000033554.png,0,1.0,0.07977295,0,0,GOOD,GOOD,True,0.17822265625
/kaggle/working/processed/02426ced-a7c5-4948-a16d-8c94e20b0f4a_000000004154.png,1,1.0,0.3857422,1,1,FAULTY,FAULTY,True,0.17822265625
/kaggle/working/processed/6f257a2d-6060-4f98-a29b-4c4cac8bec7f_000000008859.png,1,1.0,0.99658203,1,1,FAULTY,FAULTY,True,0.17822265625
/kaggle/working/processed/168c384f-2117-425b-82bf-08c2c5dcabf4_000000000351.png,1,1.0,0.9995117,1,1,FAULTY,FAULTY,True,0.17822265625
/kaggle/working/processed/0776c2dd-0dd2-4079-a1d5-bcc989519ed9_000000028671.png,1,1.0,0.99902344,1,1,FAULTY,FAULTY,True,0.17822265625
/kaggle/working/processed/fe2b273b-0109-4c70-b618-688d50a1766a_000000006843.png,1,1.0,0.5986328,1,1,FAULTY,FAULTY,True,0.17822265625
/kaggle/working/processed/e53234e6-88cf-44b7-8029-5ef9028db5a3_000000011573.png,1,1.0,1.0,1,1,FAULTY,FAULTY,True,0.17822265625
/kaggle/working/processed/a100cc0f-44fa-4216-b048-4ad0ab3bf43e_000000006696.png,1,1.0,0.7475586,1,1,FAULTY,FAULTY,True,0.17822265625
/kaggle/working/processed/399411b2-3505-4f0e-8361-d850e089c878_000000028851.png,1,1.0,0.8598633,1,1,FAULTY,FAULTY,True,0.17822265625
/kaggle/working/processed/32087135-397d-4273-8f90-1e9afa64ab2e_000000035248.png,1,1.0,1.0,1,1,FAULTY,FAULTY,True,0.17822265625
/kaggle/working/processed/cebb26c0-a2d9-4e8d-aaee-81d9a206ce46_000000023826.png,1,1.0,0.9785156,1,1,FAULTY,FAULTY,True,0.17822265625
/kaggle/working/processed/a29b728c-1aee-409e-b19e-6f3b8dfdcd90_000000016716.png,1,1.0,1.0,1,1,FAULTY,FAULTY,True,0.17822265625
/kaggle/working/processed/3f7fe32f-c08c-41ea-8494-714ed3de1b09_000000012672.png,0,6.0,0.22485352,1,0,FAULTY,GOOD,False,0.17822265625
/kaggle/working/processed/c5e34940-3935-4b68-98f0-2c55868880b6_000000004235.png,0,1.0,0.13232422,0,0,GOOD,GOOD,True,0.17822265625
/kaggle/working/processed/a9da93b9-d5b4-4f91-8a9d-73edd0e3b518_000000005189.png,1,1.0,1.0,1,1,FAULTY,FAULTY,True,0.17822265625
/kaggle/working/processed/181874a9-3655-4d0b-937e-0501ff74623a_000000003727.png,1,1.0,0.64160156,1,1,FAULTY,FAULTY,True,0.17822265625
/kaggle/working/processed/fa222369-cb97-433b-ab79-16cf642041c4_000000015783.png,0,6.0,0.44604492,1,0,FAULTY,GOOD,False,0.17822265625
/kaggle/working/processed/ea8439ba-ffcd-4213-a86b-45df92f4b883_000000004577.png,1,1.0,0.609375,1,1,FAULTY,FAULTY,True,0.17822265625
/kaggle/working/processed/cdc0e942-2cf7-4865-b5b2-6ec1b3938387_000000028054.png,0,1.0,0.07543945,0,0,GOOD,GOOD,True,0.17822265625
/kaggle/working/processed/7d454a05-5e67-4e1c-ba18-959d40feae45_000000002935.png,0,6.0,0.49169922,1,0,FAULTY,GOOD,False,0.17822265625
/kaggle/working/processed/48f9c439-9d5f-4de1-9d7b-da397b48ee4a_000000003620.png,1,1.0,0.97802734,1,1,FAULTY,FAULTY,True,0.17822265625
/kaggle/working/processed/86e6f0b9-4992-4734-9ee0-ccf7edaa8021_000000027929.png,0,6.0,0.390625,1,0,FAULTY,GOOD,False,0.17822265625
/kaggle/working/processed/062d0856-bf8a-4235-a53d-fe7ca1d47270_000000015869.png,1,1.0,0.9975586,1,1,FAULTY,FAULTY,True,0.17822265625
/kaggle/working/processed/e7bea3a8-0ae6-4077-b43c-375a162c3dc7_000000033598.png,0,1.0,0.13745117,0,0,GOOD,GOOD,True,0.17822265625
/kaggle/working/processed/9e1e8ee6-2dc3-4afa-a939-6c9145ffa1b0_000000008239.png,0,1.0,0.108947754,0,0,GOOD,GOOD,True,0.17822265625
/kaggle/working/processed/ebe60a5f-6a7e-4884-afd4-0dc4639a4831_000000032273.png,0,6.0,0.60498047,1,0,FAULTY,GOOD,False,0.17822265625
/kaggle/working/processed/b4079ec8-33be-4f16-a0b3-6eec243c5c77_000000028224.png,1,1.0,0.984375,1,1,FAULTY,FAULTY,True,0.17822265625
/kaggle/working/processed/d6837afa-74ab-4a1e-bae5-b0bb4e8de2b8_000000026157.png,0,1.0,0.088012695,0,0,GOOD,GOOD,True,0.17822265625
/kaggle/working/processed/ca45e22f-f9d3-4958-b5c4-25983bf89eb9_000000010271.png,0,1.0,0.1538086,0,0,GOOD,GOOD,True,0.17822265625
/kaggle/working/processed/19ed58a2-64aa-4f8b-ad74-9c3cf6e2e1a0_000000034821.png,1,1.0,0.93408203,1,1,FAULTY,FAULTY,True,0.17822265625
/kaggle/working/processed/2e2c0c05-b681-40fa-8c26-e8be47e80b99_000000012445.png,1,1.0,0.74609375,1,1,FAULTY,FAULTY,True,0.17822265625
/kaggle/working/processed/1af27507-978c-426d-b305-1bd2db2889fe_000000027970.png,1,1.0,0.9995117,1,1,FAULTY,FAULTY,True,0.17822265625
/kaggle/working/processed/046d3732-1a7e-436e-9ff9-5e7df0262685_000000025044.png,1,1.0,0.9975586,1,1,FAULTY,FAULTY,True,0.17822265625
/kaggle/working/processed/121f2a4a-94f0-40b4-accd-69b39086d865_000000035207.png,1,1.0,0.7236328,1,1,FAULTY,FAULTY,True,0.17822265625
/kaggle/working/processed/a1f43253-ebc8-4cb5-a895-78f5a3752ac7_000000013879.png,0,1.0,0.16259766,0,0,GOOD,GOOD,True,0.17822265625
/kaggle/working/processed/4b0071e5-bc6f-477f-bf05-57e0a40b34f4_000000003358.png,0,1.0,0.01020813,0,0,GOOD,GOOD,True,0.17822265625
/kaggle/working/processed/dd7114b0-d318-41af-8fb9-48c907c874b5_000000010727.png,0,1.0,0.12432861,0,0,GOOD,GOOD,True,0.17822265625
/kaggle/working/processed/fb316b08-11be-45c8-8458-41307316fb53_000000021788.png,1,1.0,0.9892578,1,1,FAULTY,FAULTY,True,0.17822265625
/kaggle/working/processed/1715c089-e672-4960-8990-6b0124ae0514_000000028723.png,1,1.0,0.75341797,1,1,FAULTY,FAULTY,True,0.17822265625
/kaggle/working/processed/6c88ff1d-22e8-4942-a329-9928b4bd37a0_000000004954.png,1,1.0,0.68408203,1,1,FAULTY,FAULTY,True,0.17822265625
/kaggle/working/processed/bfe1eddf-7a0d-4d67-89b5-2587e4d8d7de_000000000468.png,0,6.0,0.6113281,1,0,FAULTY,GOOD,False,0.17822265625
/kaggle/working/processed/91d5e7cf-870e-449e-ad6f-823de4aac045_000000004162.png,1,1.0,0.9897461,1,1,FAULTY,FAULTY,True,0.17822265625
/kaggle/working/processed/f7a83eff-2d88-4791-bf4f-dbeb30fa1aec_000000002439.png,0,1.0,0.08404541,0,0,GOOD,GOOD,True,0.17822265625
/kaggle/working/processed/b8d8b1c7-539c-473a-9751-67b3f8bbf6e1_000000017945.png,1,1.0,1.0,1,1,FAULTY,FAULTY,True,0.17822265625
/kaggle/working/processed/781f4b8a-d0b6-4cf4-92c7-d038bf8f2eaf_000000020245.png,0,1.0,0.07183838,0,0,GOOD,GOOD,True,0.17822265625
/kaggle/working/processed/b44833f9-f0f5-4dc7-bc9f-021faa595fcb_000000032561.png,1,1.0,0.9824219,1,1,FAULTY,FAULTY,True,0.17822265625
/kaggle/working/processed/251337c8-f872-43b5-9186-666ac4543afb_000000026852.png,1,1.0,0.30493164,1,1,FAULTY,FAULTY,True,0.17822265625
/kaggle/working/processed/1f0fd065-bfb8-44a1-bf48-97d0b9462fe2_000000012046.png,1,1.0,0.4711914,1,1,FAULTY,FAULTY,True,0.17822265625
/kaggle/working/processed/b43db461-f147-4c96-b130-4ff60ef74e02_000000017913.png,0,6.0,0.2824707,1,0,FAULTY,GOOD,False,0.17822265625
/kaggle/working/processed/9389bb8f-a11d-4f8c-a92b-84fa6d6c33ef_000000032944.png,0,6.0,0.8486328,1,0,FAULTY,GOOD,False,0.17822265625
/kaggle/working/processed/136b5510-57c5-4ce6-b71f-72771d24c997_000000015134.png,1,1.0,0.98828125,1,1,FAULTY,FAULTY,True,0.17822265625
/kaggle/working/processed/90d8f882-4aa2-4c30-b883-04f6b00fd971_000000013204.png,1,1.0,1.0,1,1,FAULTY,FAULTY,True,0.17822265625
/kaggle/working/processed/b94fd5ca-33cc-4138-ac27-d4629225fe66_000000020016.png,1,1.0,0.99853516,1,1,FAULTY,FAULTY,True,0.17822265625
/kaggle/working/processed/4c6ad0b2-640d-4c93-8b63-cd2289d95139_000000014035.png,1,1.0,0.92626953,1,1,FAULTY,FAULTY,True,0.17822265625
/kaggle/working/processed/40f5f4fc-f4cf-4fd8-b378-618b5fe85781_000000016849.png,0,6.0,0.18591309,1,0,FAULTY,GOOD,False,0.17822265625
/kaggle/working/processed/4ef34ab9-8b49-44a5-917a-9e086054d387_000000028767.png,1,1.0,1.0,1,1,FAULTY,FAULTY,True,0.17822265625
/kaggle/working/processed/1ada0599-9fae-45e3-a092-354a36f365e4_000000021150.png,0,6.0,0.17346191,0,0,GOOD,GOOD,True,0.17822265625
/kaggle/working/processed/836b1050-03c0-43b0-ab64-b14a71c478b8_000000012566.png,1,1.0,1.0,1,1,FAULTY,FAULTY,True,0.17822265625
/kaggle/working/processed/c59373fd-38fd-40af-a116-4dcacaa60549_000000028847.png,0,1.0,0.029708862,0,0,GOOD,GOOD,True,0.17822265625
/kaggle/working/processed/bab6d505-eebd-49e1-b7d2-50b954b54fa6_000000033184.png,1,1.0,1.0,1,1,FAULTY,FAULTY,True,0.17822265625
/kaggle/working/processed/f0f334db-0fc6-4d40-af4f-85f3ee00c831_000000019424.png,1,1.0,0.9892578,1,1,FAULTY,FAULTY,True,0.17822265625
/kaggle/working/processed/9ff51812-e28f-4d2f-88e9-0f16e345a230_000000014311.png,0,1.0,0.062561035,0,0,GOOD,GOOD,True,0.17822265625
/kaggle/working/processed/413166c6-59c5-4330-9f95-d2f1350091e7_000000028448.png,0,1.0,0.03704834,0,0,GOOD,GOOD,True,0.17822265625
/kaggle/working/processed/6ad3e000-e9ba-4f26-98a4-f38d0d968cac_000000002576.png,1,1.0,1.0,1,1,FAULTY,FAULTY,True,0.17822265625
/kaggle/working/processed/201432fa-ba31-4df4-8ac9-b548d6d44126_000000018971.png,1,1.0,1.0,1,1,FAULTY,FAULTY,True,0.17822265625
/kaggle/working/processed/c9224255-7b67-4af2-b75e-099720266d0d_000000022013.png,0,6.0,0.15515137,0,0,GOOD,GOOD,True,0.17822265625
/kaggle/working/processed/7ac03559-417e-4321-80be-798ca9f74601_000000034764.png,0,1.0,0.11279297,0,0,GOOD,GOOD,True,0.17822265625
/kaggle/working/processed/96a1d2f7-d1ee-40b6-a723-e5c25a7b50e4_000000016122.png,1,1.0,0.9980469,1,1,FAULTY,FAULTY,True,0.17822265625
/kaggle/working/processed/58e61ac7-cf08-4043-9a70-ecb4b849c1ff_000000029526.png,0,6.0,0.1743164,0,0,GOOD,GOOD,True,0.17822265625
/kaggle/working/processed/85850404-b84c-47dc-98c5-b38546972c2b_000000019776.png,1,1.0,0.99902344,1,1,FAULTY,FAULTY,True,0.17822265625
/kaggle/working/processed/29cf97d4-9986-49b5-bafb-31596435199f_000000009851.png,1,1.0,0.9838867,1,1,FAULTY,FAULTY,True,0.17822265625
/kaggle/working/processed/adf05e1a-9c90-4f04-84ac-1316a4013af7_000000028740.png,1,1.0,0.7705078,1,1,FAULTY,FAULTY,True,0.17822265625
/kaggle/working/processed/94b43207-5a26-4389-854a-03a47ad902b3_000000021240.png,1,1.0,0.80371094,1,1,FAULTY,FAULTY,True,0.17822265625
/kaggle/working/processed/39ba009c-3286-40c9-9b57-6af8777e3b19_000000029168.png,1,1.0,0.93359375,1,1,FAULTY,FAULTY,True,0.17822265625
/kaggle/working/processed/c289289d-be0a-4b91-9145-7dcffb2242bc_000000014913.png,1,1.0,0.99902344,1,1,FAULTY,FAULTY,True,0.17822265625
/kaggle/working/processed/cf50c62f-bad4-4e78-a353-8bdba8bcbcf4_000000020877.png,1,1.0,0.98339844,1,1,FAULTY,FAULTY,True,0.17822265625
/kaggle/working/processed/30020604-3c63-4e20-b585-f052901c3c75_000000009918.png,0,1.0,0.18127441,1,0,FAULTY,GOOD,False,0.17822265625
/kaggle/working/processed/f53755b0-fd0f-49f4-8fbf-471fe00b2388_000000007278.png,1,1.0,0.9970703,1,1,FAULTY,FAULTY,True,0.17822265625
/kaggle/working/processed/c0c3a51f-c424-455b-979d-de30d924da42_000000023678.png,1,1.0,0.55810547,1,1,FAULTY,FAULTY,True,0.17822265625
/kaggle/working/processed/3a5c7cc0-909d-4873-815e-09bad5cb32cf_000000018553.png,1,1.0,1.0,1,1,FAULTY,FAULTY,True,0.17822265625
/kaggle/working/processed/4b27a843-f30a-4847-b59a-aa451ecd36d7_000000034299.png,1,1.0,0.9980469,1,1,FAULTY,FAULTY,True,0.17822265625
/kaggle/working/processed/5141ecae-ba99-4806-8334-fe9ee6b6ae21_000000029994.png,1,1.0,1.0,1,1,FAULTY,FAULTY,True,0.17822265625
/kaggle/working/processed/5ad51c2b-bb25-472b-91e6-6082fe555758_000000017192.png,1,1.0,0.5361328,1,1,FAULTY,FAULTY,True,0.17822265625
/kaggle/working/processed/117a5f10-57c3-4a8f-aaad-33194c1ca356_000000028718.png,1,1.0,0.8984375,1,1,FAULTY,FAULTY,True,0.17822265625
/kaggle/working/processed/59549fca-360d-4e63-85f8-d771863e96ff_000000026349.png,0,1.0,0.18908691,1,0,FAULTY,GOOD,False,0.17822265625
/kaggle/working/processed/6161fca1-7e03-43cb-a5cd-394dd220a6f5_000000016567.png,0,1.0,0.10839844,0,0,GOOD,GOOD,True,0.17822265625
/kaggle/working/processed/d2458444-e577-4661-9e5c-0791cea915b9_000000029998.png,1,1.0,0.9995117,1,1,FAULTY,FAULTY,True,0.17822265625
/kaggle/working/processed/92dfc939-2735-4968-a9b9-31b02dbc181a_000000017201.png,1,1.0,0.99072266,1,1,FAULTY,FAULTY,True,0.17822265625
/kaggle/working/processed/2ddab2b9-9055-4aef-b76d-5c639b38978b_000000002942.png,0,6.0,0.26049805,1,0,FAULTY,GOOD,False,0.17822265625
/kaggle/working/processed/6506326c-1a8a-46ed-a090-3320c4b0f022_000000033503.png,0,6.0,0.12597656,0,0,GOOD,GOOD,True,0.17822265625
/kaggle/working/processed/963339b8-711e-4dcb-84f5-1f15f8d88cb9_000000028191.png,1,1.0,0.9970703,1,1,FAULTY,FAULTY,True,0.17822265625
/kaggle/working/processed/a56c3aed-5863-4a12-8693-a49d2b8816ff_000000003494.png,0,1.0,0.12792969,0,0,GOOD,GOOD,True,0.17822265625
/kaggle/working/processed/d8f16bc7-3f22-4e8c-8cf8-4c3b5f4f322b_000000026492.png,1,4.0,0.097717285,0,1,GOOD,FAULTY,False,0.17822265625
/kaggle/working/processed/8c4444a2-5457-433f-a97c-b3931bb52461_000000009477.png,1,1.0,1.0,1,1,FAULTY,FAULTY,True,0.17822265625
/kaggle/working/processed/0c445e83-5d81-4af8-bea7-69a835743de3_000000005588.png,0,6.0,0.6376953,1,0,FAULTY,GOOD,False,0.17822265625
/kaggle/working/processed/103c8286-24eb-434d-ae2d-bbfc4689ff6d_000000005463.png,1,1.0,0.99902344,1,1,FAULTY,FAULTY,True,0.17822265625
/kaggle/working/processed/b214c624-f24b-4684-a60e-c2958cc3640b_000000016703.png,1,1.0,0.9970703,1,1,FAULTY,FAULTY,True,0.17822265625
/kaggle/working/processed/d3fbf498-8a93-4200-aa35-07cf5233a514_000000015787.png,1,1.0,0.7373047,1,1,FAULTY,FAULTY,True,0.17822265625
/kaggle/working/processed/a41bd4e0-b043-4291-90a3-5f383516f02c_000000014746.png,0,6.0,0.16992188,0,0,GOOD,GOOD,True,0.17822265625
/kaggle/working/processed/06424b20-f970-4e2b-9b3b-0718871ab4bc_000000012012.png,1,1.0,0.9560547,1,1,FAULTY,FAULTY,True,0.17822265625
/kaggle/working/processed/9c1967b6-6659-4436-91d4-9cac88b983ce_000000008672.png,0,1.0,0.115356445,0,0,GOOD,GOOD,True,0.17822265625
/kaggle/working/processed/08bd0f75-0a00-4777-aef3-35cfe2d8cc9f_000000027728.png,0,6.0,0.14196777,0,0,GOOD,GOOD,True,0.17822265625
/kaggle/working/processed/44748981-5b73-445e-8cb0-4aef30df6cf4_000000006507.png,0,6.0,0.10632324,0,0,GOOD,GOOD,True,0.17822265625
/kaggle/working/processed/c3b2fc91-01f9-42e1-9fde-ed2058b51906_000000029130.png,1,1.0,0.8183594,1,1,FAULTY,FAULTY,True,0.17822265625
/kaggle/working/processed/03e9b485-5d83-432d-b83a-1a2425080760_000000003122.png,0,6.0,0.3774414,1,0,FAULTY,GOOD,False,0.17822265625
/kaggle/working/processed/6b559959-f158-4b9c-9fbb-c91a16c6571d_000000021203.png,1,1.0,1.0,1,1,FAULTY,FAULTY,True,0.17822265625
/kaggle/working/processed/3a7a69a3-6c26-49d8-99b9-7eb47cbeda8a_000000006236.png,1,1.0,1.0,1,1,FAULTY,FAULTY,True,0.17822265625
/kaggle/working/processed/854f1c17-4a5b-47d4-b087-34bc55978996_000000009485.png,1,1.0,0.99853516,1,1,FAULTY,FAULTY,True,0.17822265625
/kaggle/working/processed/0a2cedcc-50e8-46f2-8722-24c9fd0d92ea_000000031659.png,0,1.0,0.023727417,0,0,GOOD,GOOD,True,0.17822265625
/kaggle/working/processed/1412a318-289a-4d26-8994-f615856085b3_000000026902.png,1,1.0,0.3154297,1,1,FAULTY,FAULTY,True,0.17822265625
/kaggle/working/processed/6a4c7b11-63e1-4089-99e6-93d62a5d7c52_000000003259.png,0,1.0,0.11437988,0,0,GOOD,GOOD,True,0.17822265625
/kaggle/working/processed/d851a187-669a-4c2c-8e93-ad7e04a992d5_000000005569.png,1,1.0,1.0,1,1,FAULTY,FAULTY,True,0.17822265625
/kaggle/working/processed/c1765ae3-3321-426c-89fc-c5708ecc2249_000000025906.png,1,1.0,0.9995117,1,1,FAULTY,FAULTY,True,0.17822265625
/kaggle/working/processed/cf49ebbe-d3ea-4731-b582-adeadf4ac1f7_000000032003.png,0,1.0,0.040924072,0,0,GOOD,GOOD,True,0.17822265625
/kaggle/working/processed/a3041a3d-82ef-4ca7-8851-eb739c353900_000000008074.png,1,1.0,0.9970703,1,1,FAULTY,FAULTY,True,0.17822265625
/kaggle/working/processed/67995819-63f8-4709-b1ae-b506846bcda3_000000024789.png,0,1.0,0.107788086,0,0,GOOD,GOOD,True,0.17822265625
/kaggle/working/processed/e194652d-d097-4484-bb7a-7b860a88ea0d_000000020397.png,0,1.0,0.052337646,0,0,GOOD,GOOD,True,0.17822265625
/kaggle/working/processed/ad11d0ff-1a66-4e7e-9b51-d115a83992e2_000000014121.png,1,1.0,0.9404297,1,1,FAULTY,FAULTY,True,0.17822265625
/kaggle/working/processed/2ba291ad-885b-48f5-8a4b-60d9b7b6eec5_000000027195.png,1,1.0,0.3388672,1,1,FAULTY,FAULTY,True,0.17822265625
/kaggle/working/processed/c2c90bb6-b32e-4007-80dc-7b83e02f369e_000000035226.png,1,1.0,0.96484375,1,1,FAULTY,FAULTY,True,0.17822265625
/kaggle/working/processed/bc292c2e-5e79-4e18-b5fe-0dcbbf4ed6c0_000000010225.png,1,1.0,0.9995117,1,1,FAULTY,FAULTY,True,0.17822265625
/kaggle/working/processed/1c84f84d-3e27-4d64-8333-60877a4dd11c_000000002278.png,1,1.0,1.0,1,1,FAULTY,FAULTY,True,0.17822265625
/kaggle/working/processed/ee45844a-8969-4fd2-b7f5-e88e69d7637f_000000015622.png,0,1.0,0.08081055,0,0,GOOD,GOOD,True,0.17822265625
/kaggle/working/processed/aba53add-b4b7-4761-bbd2-9f11e0cbb819_000000020949.png,1,1.0,0.99853516,1,1,FAULTY,FAULTY,True,0.17822265625
/kaggle/working/processed/7395fd62-f1c1-4a01-9716-cc0a426894e2_000000007790.png,1,1.0,0.9995117,1,1,FAULTY,FAULTY,True,0.17822265625
/kaggle/working/processed/723be393-722f-437c-b0cb-f77b61377971_000000032437.png,1,1.0,1.0,1,1,FAULTY,FAULTY,True,0.17822265625
/kaggle/working/processed/e53c6557-4677-4678-ad3c-264c040697a8_000000005752.png,1,1.0,0.4958496,1,1,FAULTY,FAULTY,True,0.17822265625
/kaggle/working/processed/64e71fc5-dc38-47a5-9d4d-47bfae5ce200_000000027554.png,1,1.0,0.77246094,1,1,FAULTY,FAULTY,True,0.17822265625
/kaggle/working/processed/6f831399-6d3b-486c-9ac8-ad5f20661458_000000027120.png,0,6.0,0.13928223,0,0,GOOD,GOOD,True,0.17822265625
/kaggle/working/processed/b0cfd999-4435-4954-a70a-d8c9c9c49700_000000034363.png,0,1.0,0.12445068,0,0,GOOD,GOOD,True,0.17822265625
/kaggle/working/processed/c86c6c3a-acb9-459c-866a-bc890e3b5755_000000032729.png,0,6.0,0.20935059,1,0,FAULTY,GOOD,False,0.17822265625
/kaggle/working/processed/a22b54fb-f7cd-462e-a8a6-fe16e1f8e6c9_000000034789.png,0,1.0,0.12915039,0,0,GOOD,GOOD,True,0.17822265625
/kaggle/working/processed/a029da16-d421-4686-9de2-d43bbbac0561_000000034110.png,1,1.0,1.0,1,1,FAULTY,FAULTY,True,0.17822265625
/kaggle/working/processed/f43863cb-b11c-4597-adde-a707212e6318_000000018828.png,0,6.0,0.3503418,1,0,FAULTY,GOOD,False,0.17822265625
/kaggle/working/processed/2de11db0-41b9-4c6c-8047-49745946ab78_000000033939.png,0,1.0,0.066101074,0,0,GOOD,GOOD,True,0.17822265625
/kaggle/working/processed/d90cb32e-ff88-4e73-bdf6-7d266ae589d5_000000032026.png,1,1.0,0.90478516,1,1,FAULTY,FAULTY,True,0.17822265625
/kaggle/working/processed/a4c72828-1ac0-4711-8e31-ad6219ea628c_000000011769.png,1,1.0,1.0,1,1,FAULTY,FAULTY,True,0.17822265625
/kaggle/working/processed/f12f2dbb-d752-45de-a260-baae1aa0f0e2_000000032084.png,1,1.0,0.9838867,1,1,FAULTY,FAULTY,True,0.17822265625
/kaggle/working/processed/5d25085a-3e58-48ed-a5bf-cac83877fd3f_000000027456.png,0,1.0,0.020523071,0,0,GOOD,GOOD,True,0.17822265625
/kaggle/working/processed/01ff9a72-b100-4708-8e84-c89cd6d540a9_000000019698.png,0,1.0,0.0491333,0,0,GOOD,GOOD,True,0.17822265625
/kaggle/working/processed/01d87831-8273-4f15-a5ef-8d64d42806a4_000000023293.png,0,6.0,0.55615234,1,0,FAULTY,GOOD,False,0.17822265625
/kaggle/working/processed/11d3abd2-7b55-407a-9392-686135740800_000000011752.png,1,1.0,0.9863281,1,1,FAULTY,FAULTY,True,0.17822265625
/kaggle/working/processed/dbc740ca-fee3-4300-98df-fa2a2cb32523_000000024024.png,1,1.0,0.9980469,1,1,FAULTY,FAULTY,True,0.17822265625
/kaggle/working/processed/a0dfcecd-9e10-4ff1-ab56-07c67b616bba_000000006388.png,1,1.0,0.9995117,1,1,FAULTY,FAULTY,True,0.17822265625
/kaggle/working/processed/7aa4f7b3-7f0d-4e8b-ac82-4ab93f4d6269_000000015706.png,1,1.0,0.9267578,1,1,FAULTY,FAULTY,True,0.17822265625
/kaggle/working/processed/51143448-90dc-423b-9541-c9088c2d0325_000000004534.png,0,1.0,0.13208008,0,0,GOOD,GOOD,True,0.17822265625
/kaggle/working/processed/ac43aca6-d381-4b36-8ccd-03d59b60c16d_000000016719.png,1,1.0,0.80908203,1,1,FAULTY,FAULTY,True,0.17822265625
/kaggle/working/processed/b61fb564-833a-40d6-96f7-775fd0684824_000000002412.png,0,6.0,0.63183594,1,0,FAULTY,GOOD,False,0.17822265625
/kaggle/working/processed/75fd00c1-5225-4878-a73e-35f2e56e119f_000000000364.png,0,6.0,0.13769531,0,0,GOOD,GOOD,True,0.17822265625
/kaggle/working/processed/36cc429f-4592-4f01-a3e2-a0b10c6a50e6_000000009217.png,0,1.0,0.06719971,0,0,GOOD,GOOD,True,0.17822265625
/kaggle/working/processed/1543b8e7-c336-4b63-aec7-42860fc26ca0_000000034692.png,0,6.0,0.24865723,1,0,FAULTY,GOOD,False,0.17822265625
/kaggle/working/processed/4e01d179-7b40-4651-aee3-ae4f7e11a73b_000000005495.png,1,1.0,0.99853516,1,1,FAULTY,FAULTY,True,0.17822265625
/kaggle/working/processed/11af8f78-5426-44ad-88a4-dc1e4b4671ce_000000026436.png,0,6.0,0.2286377,1,0,FAULTY,GOOD,False,0.17822265625
/kaggle/working/processed/6d7e79ce-7307-48d7-a669-c4c23d4632ed_000000006397.png,1,1.0,0.9926758,1,1,FAULTY,FAULTY,True,0.17822265625
/kaggle/working/processed/458ed335-90d4-40c8-98f8-792b4ce954cc_000000002931.png,0,1.0,0.028442383,0,0,GOOD,GOOD,True,0.17822265625
/kaggle/working/processed/b9649ae6-93c4-480e-af7b-67a69ec9ea4c_000000008755.png,0,1.0,0.107788086,0,0,GOOD,GOOD,True,0.17822265625
/kaggle/working/processed/9e5d30e6-0fb9-4ee5-bc00-d3af9cb789c3_000000003967.png,0,1.0,0.13513184,0,0,GOOD,GOOD,True,0.17822265625
/kaggle/working/processed/d3076eab-c88e-47ec-861d-d0e77f32f3d7_000000006097.png,1,1.0,0.8852539,1,1,FAULTY,FAULTY,True,0.17822265625
/kaggle/working/processed/10d5003a-37f0-4881-af26-ee2632aca673_000000009021.png,0,1.0,0.087402344,0,0,GOOD,GOOD,True,0.17822265625
/kaggle/working/processed/a372e598-3873-4250-a9f4-ba1b3aa1a233_000000011710.png,1,1.0,0.9995117,1,1,FAULTY,FAULTY,True,0.17822265625
/kaggle/working/processed/11a6871e-6cbc-495d-8c14-797566e39c61_000000026188.png,0,6.0,0.11657715,0,0,GOOD,GOOD,True,0.17822265625
/kaggle/working/processed/8e479e06-e747-4a54-81c5-1af8d7cd85d6_000000012301.png,1,1.0,0.6020508,1,1,FAULTY,FAULTY,True,0.17822265625
/kaggle/working/processed/73e16c45-e77a-41ff-8da7-406ff8d8b7c8_000000028150.png,0,6.0,0.12792969,0,0,GOOD,GOOD,True,0.17822265625
/kaggle/working/processed/cb5d148c-d5b6-4566-b670-6ca58d3a2dfc_000000013980.png,0,6.0,0.17358398,0,0,GOOD,GOOD,True,0.17822265625
/kaggle/working/processed/e912c972-8880-403b-92bc-a7087d7b6326_000000010657.png,1,1.0,0.99658203,1,1,FAULTY,FAULTY,True,0.17822265625
/kaggle/working/processed/cfb2920a-cd01-4da6-9324-f89b982d4885_000000014856.png,1,1.0,0.98339844,1,1,FAULTY,FAULTY,True,0.17822265625
/kaggle/working/processed/5cb1acca-d65c-467d-beb8-9c468bdde49f_000000007142.png,0,1.0,0.0440979,0,0,GOOD,GOOD,True,0.17822265625
/kaggle/working/processed/5efe7469-5d32-4db0-bb09-659fe328b07b_000000004839.png,0,6.0,0.3166504,1,0,FAULTY,GOOD,False,0.17822265625
/kaggle/working/processed/2e9b50e0-7a10-4fdb-bbf5-1251a3532d6a_000000002037.png,1,1.0,1.0,1,1,FAULTY,FAULTY,True,0.17822265625
/kaggle/working/processed/40d8acd9-42e5-4d0e-9f7a-6837a8e1153a_000000011472.png,1,1.0,0.9472656,1,1,FAULTY,FAULTY,True,0.17822265625
/kaggle/working/processed/61105295-b8a1-41c1-af68-ac1ea6734813_000000003517.png,1,1.0,0.99072266,1,1,FAULTY,FAULTY,True,0.17822265625
/kaggle/working/processed/9475fde8-d696-4a66-9c76-e5f8da941113_000000017890.png,1,1.0,0.9970703,1,1,FAULTY,FAULTY,True,0.17822265625
/kaggle/working/processed/4b67a9ff-f96b-4c44-b721-cbf1b6765eaf_000000018085.png,1,1.0,1.0,1,1,FAULTY,FAULTY,True,0.17822265625
/kaggle/working/processed/abe22c7e-8620-45cf-8cea-f4a9ac09b9d2_000000025439.png,1,1.0,0.97753906,1,1,FAULTY,FAULTY,True,0.17822265625
/kaggle/working/processed/294d0a8b-4c18-434a-89a3-423a4767bc4a_000000029387.png,1,1.0,0.9970703,1,1,FAULTY,FAULTY,True,0.17822265625
/kaggle/working/processed/c8192177-11af-40db-ae2c-53ec64a62098_000000019672.png,1,1.0,0.9951172,1,1,FAULTY,FAULTY,True,0.17822265625
/kaggle/working/processed/23326744-52f9-4232-b116-b2c687dbd2e9_000000002219.png,0,1.0,0.114990234,0,0,GOOD,GOOD,True,0.17822265625
/kaggle/working/processed/c6d62164-5a89-42ca-933a-582d1a0bbf98_000000026291.png,1,1.0,0.95654297,1,1,FAULTY,FAULTY,True,0.17822265625
/kaggle/working/processed/717a53ef-9c7b-455d-b820-dff4900e40ee_000000031484.png,1,1.0,0.9970703,1,1,FAULTY,FAULTY,True,0.17822265625
/kaggle/working/processed/742f8c3c-2887-4d53-a4b6-6b1c4c53b42e_000000003184.png,1,1.0,0.9995117,1,1,FAULTY,FAULTY,True,0.17822265625
/kaggle/working/processed/91c91a1a-d848-4a10-93f0-fdec1c41b298_000000013356.png,1,1.0,0.97753906,1,1,FAULTY,FAULTY,True,0.17822265625
/kaggle/working/processed/c9b73686-bee9-4623-b3fb-74fee388a417_000000033198.png,1,1.0,1.0,1,1,FAULTY,FAULTY,True,0.17822265625
/kaggle/working/processed/6dc4bd6f-b0f0-4485-80fa-ee3fa158799f_000000014852.png,0,1.0,0.08227539,0,0,GOOD,GOOD,True,0.17822265625
/kaggle/working/processed/49430ee3-8aea-4801-9e07-3e842fea1f94_000000009591.png,0,6.0,0.18823242,1,0,FAULTY,GOOD,False,0.17822265625
/kaggle/working/processed/69a543a4-2088-4f33-bbec-ba8deaffcc59_000000005472.png,1,1.0,0.98779297,1,1,FAULTY,FAULTY,True,0.17822265625
/kaggle/working/processed/6aec190f-5e56-4698-8ef1-a597d3a0c4c9_000000008273.png,1,1.0,0.6982422,1,1,FAULTY,FAULTY,True,0.17822265625
/kaggle/working/processed/db3411c1-8c5e-472a-b910-a40d473b43d0_000000000311.png,0,1.0,0.044433594,0,0,GOOD,GOOD,True,0.17822265625
/kaggle/working/processed/31d6857d-9059-4ff8-8b7f-ac4530adb96e_000000021087.png,0,1.0,0.013587952,0,0,GOOD,GOOD,True,0.17822265625
/kaggle/working/processed/b2b2d546-faaf-4897-b4b9-22134c2f533a_000000008638.png,1,1.0,1.0,1,1,FAULTY,FAULTY,True,0.17822265625
/kaggle/working/processed/8dd32845-535e-41f8-96bb-b22c88e56e28_000000022771.png,0,6.0,0.07171631,0,0,GOOD,GOOD,True,0.17822265625
/kaggle/working/processed/53da3ab3-1ffd-44d5-b4bb-dd295e6bfaae_000000027299.png,0,6.0,0.066101074,0,0,GOOD,GOOD,True,0.17822265625
/kaggle/working/processed/7a77175f-cf93-4069-b6ca-ffe8102f7f84_000000010887.png,1,1.0,0.9995117,1,1,FAULTY,FAULTY,True,0.17822265625
/kaggle/working/processed/cad3f74b-87d1-4784-bfce-6b4ba1a12f11_000000028797.png,0,6.0,0.18566895,1,0,FAULTY,GOOD,False,0.17822265625
/kaggle/working/processed/d986d2bb-8014-4172-85bc-b3d52431ffa4_000000034852.png,1,1.0,1.0,1,1,FAULTY,FAULTY,True,0.17822265625
/kaggle/working/processed/7ce917e1-4170-45b3-b46d-83fabc2148eb_000000019112.png,1,1.0,0.8964844,1,1,FAULTY,FAULTY,True,0.17822265625
/kaggle/working/processed/72e8bbf0-8036-4390-b0b3-6359d895dfdf_000000034558.png,0,1.0,0.27294922,1,0,FAULTY,GOOD,False,0.17822265625
/kaggle/working/processed/5c413231-b122-4f68-845d-7a92cc9bd9fd_000000028717.png,1,1.0,0.99902344,1,1,FAULTY,FAULTY,True,0.17822265625
/kaggle/working/processed/276d669b-9f1a-4373-b56a-07c926a90b2d_000000013215.png,0,6.0,0.44580078,1,0,FAULTY,GOOD,False,0.17822265625
/kaggle/working/processed/9d69769d-b78e-4612-bc45-cd61c93dd332_000000012302.png,1,1.0,0.76464844,1,1,FAULTY,FAULTY,True,0.17822265625
/kaggle/working/processed/ed6b05a8-34b2-4254-8a76-2743ccad4eba_000000028848.png,0,1.0,0.050323486,0,0,GOOD,GOOD,True,0.17822265625
/kaggle/working/processed/df6d1b7e-7af2-4d58-84b6-7dff5df9482b_000000011365.png,1,1.0,0.99658203,1,1,FAULTY,FAULTY,True,0.17822265625
/kaggle/working/processed/fde1bb37-5a56-4d30-836f-47c3949173ef_000000028534.png,1,1.0,0.9067383,1,1,FAULTY,FAULTY,True,0.17822265625
/kaggle/working/processed/38667dfc-2fa8-4a1f-85d7-f30e550cb027_000000023077.png,1,1.0,0.99853516,1,1,FAULTY,FAULTY,True,0.17822265625
/kaggle/working/processed/8a0b7b3e-ec7a-4610-988c-d1186ab4fd53_000000032554.png,0,6.0,0.24975586,1,0,FAULTY,GOOD,False,0.17822265625
/kaggle/working/processed/795bf3d2-392f-4d81-a104-cfabc79efd7c_000000016164.png,1,1.0,0.4333496,1,1,FAULTY,FAULTY,True,0.17822265625
/kaggle/working/processed/3d7255c6-7235-4c35-b931-911ee7c061d6_000000018189.png,1,1.0,0.9814453,1,1,FAULTY,FAULTY,True,0.17822265625
/kaggle/working/processed/5bec5160-5c97-4539-a713-683340da7244_000000026975.png,0,6.0,0.3071289,1,0,FAULTY,GOOD,False,0.17822265625
/kaggle/working/processed/ed24b651-837d-4611-8a89-541035ccb791_000000016280.png,0,1.0,0.024337769,0,0,GOOD,GOOD,True,0.17822265625
/kaggle/working/processed/f27e0923-7e92-4003-b007-047a00083031_000000014588.png,1,1.0,1.0,1,1,FAULTY,FAULTY,True,0.17822265625
/kaggle/working/processed/8aba23e3-bf74-414e-a007-d4682e327fb0_000000035016.png,1,1.0,0.98828125,1,1,FAULTY,FAULTY,True,0.17822265625
/kaggle/working/processed/12297566-e4d8-4556-b1bc-72d6a7a67b4d_000000022486.png,1,1.0,1.0,1,1,FAULTY,FAULTY,True,0.17822265625
/kaggle/working/processed/f23b638e-c9ec-48ba-8e8c-46200953c400_000000004559.png,1,1.0,1.0,1,1,FAULTY,FAULTY,True,0.17822265625
/kaggle/working/processed/b254de19-d3b8-40c2-b17d-03606090e33d_000000004490.png,1,1.0,0.99658203,1,1,FAULTY,FAULTY,True,0.17822265625
/kaggle/working/processed/a3727521-a48f-41d1-bfd3-83da5f773e1c_000000026270.png,1,1.0,0.99902344,1,1,FAULTY,FAULTY,True,0.17822265625
/kaggle/working/processed/56181c82-fc82-4c2b-8123-f0e6c99fed69_000000009323.png,1,1.0,0.99853516,1,1,FAULTY,FAULTY,True,0.17822265625
/kaggle/working/processed/b2ab7fc3-cbb4-4d8a-bcb4-8e8b0107b8f7_000000032673.png,1,1.0,0.9980469,1,1,FAULTY,FAULTY,True,0.17822265625
/kaggle/working/processed/46b7bf35-04bb-4059-926d-9f06c2d334c6_000000000698.png,1,1.0,0.9995117,1,1,FAULTY,FAULTY,True,0.17822265625
/kaggle/working/processed/e14faeb0-5c35-49ca-b30c-1fdd4cb3d1e2_000000004168.png,0,6.0,0.43041992,1,0,FAULTY,GOOD,False,0.17822265625
/kaggle/working/processed/147bfa41-ec25-45ff-a5a3-500d061329dd_000000019199.png,0,6.0,0.3310547,1,0,FAULTY,GOOD,False,0.17822265625
/kaggle/working/processed/484ad040-b150-40a0-9224-84c8128a912d_000000027739.png,1,1.0,0.99658203,1,1,FAULTY,FAULTY,True,0.17822265625
/kaggle/working/processed/efa76de0-5d17-4ee8-8331-756a3ec6f1a4_000000006243.png,0,1.0,0.09655762,0,0,GOOD,GOOD,True,0.17822265625
/kaggle/working/processed/19412052-52ba-4844-a229-736a86a03201_000000025905.png,1,1.0,0.93066406,1,1,FAULTY,FAULTY,True,0.17822265625
/kaggle/working/processed/80ec20a8-3156-48d2-bdd2-a25e9b0c73ec_000000033321.png,0,1.0,0.18762207,1,0,FAULTY,GOOD,False,0.17822265625
/kaggle/working/processed/7fb7078f-379c-4169-b844-6196f34bf5bb_000000030371.png,0,6.0,0.39794922,1,0,FAULTY,GOOD,False,0.17822265625
/kaggle/working/processed/b89337bd-bd55-45ee-a8cb-2133170723a2_000000022965.png,1,1.0,1.0,1,1,FAULTY,FAULTY,True,0.17822265625
/kaggle/working/processed/687c621d-cf89-42aa-92f4-491f0a9f8b0b_000000013634.png,0,1.0,0.01777649,0,0,GOOD,GOOD,True,0.17822265625
/kaggle/working/processed/04dcc75e-ba61-4cb6-b9d4-5f75399a93ed_000000014887.png,1,1.0,0.94140625,1,1,FAULTY,FAULTY,True,0.17822265625
/kaggle/working/processed/99e674cf-d19a-4f41-8265-ad53f25a03ce_000000024577.png,1,1.0,1.0,1,1,FAULTY,FAULTY,True,0.17822265625
/kaggle/working/processed/02c1c0a5-eb4b-41b2-a718-c04abc8c7507_000000007183.png,1,1.0,0.50634766,1,1,FAULTY,FAULTY,True,0.17822265625
/kaggle/working/processed/c2d691e3-fb95-4d1e-9687-fa6abb46702f_000000000708.png,1,1.0,1.0,1,1,FAULTY,FAULTY,True,0.17822265625
/kaggle/working/processed/60461f53-a9dd-472a-9e71-3786deb9726c_000000010958.png,1,1.0,0.99902344,1,1,FAULTY,FAULTY,True,0.17822265625
/kaggle/working/processed/a8fe94d1-14bc-4898-8f31-afb7d30d3c34_000000007268.png,1,1.0,0.9995117,1,1,FAULTY,FAULTY,True,0.17822265625
/kaggle/working/processed/4279d919-3317-46ea-bfaa-566734272000_000000029365.png,1,1.0,0.7216797,1,1,FAULTY,FAULTY,True,0.17822265625
/kaggle/working/processed/ccd64cc3-000e-497e-82ce-782a2c47c12b_000000025375.png,1,1.0,0.99853516,1,1,FAULTY,FAULTY,True,0.17822265625
/kaggle/working/processed/9d3ee7f2-bec3-4ddd-8615-281e389c4207_000000009087.png,1,1.0,0.5336914,1,1,FAULTY,FAULTY,True,0.17822265625
/kaggle/working/processed/93a1e629-89ae-4a07-accc-203d701514e9_000000014528.png,0,1.0,0.10687256,0,0,GOOD,GOOD,True,0.17822265625
/kaggle/working/processed/75111bd3-765d-4448-ab71-9dbeabe4b2df_000000012983.png,0,1.0,0.05593872,0,0,GOOD,GOOD,True,0.17822265625
/kaggle/working/processed/ac56c2b0-2e06-407d-a385-25b9ad07bee4_000000025246.png,1,1.0,0.9995117,1,1,FAULTY,FAULTY,True,0.17822265625
/kaggle/working/processed/77c2cb32-8bbe-4376-b334-3191838198e5_000000002014.png,1,1.0,0.9970703,1,1,FAULTY,FAULTY,True,0.17822265625
/kaggle/working/processed/b102f88b-e5f0-4783-9573-9f86680bba14_000000016657.png,0,6.0,0.2331543,1,0,FAULTY,GOOD,False,0.17822265625
/kaggle/working/processed/ee947865-880b-4543-bf8a-d7f71017aa93_000000028370.png,1,1.0,0.98828125,1,1,FAULTY,FAULTY,True,0.17822265625
/kaggle/working/processed/b7041ffa-e237-4ba5-9cff-11169e64b24e_000000020784.png,1,1.0,0.984375,1,1,FAULTY,FAULTY,True,0.17822265625
/kaggle/working/processed/522a5818-3a63-4e9b-ab42-19b9332916a6_000000017467.png,1,1.0,0.9975586,1,1,FAULTY,FAULTY,True,0.17822265625
/kaggle/working/processed/f211b43b-f702-456f-bc37-7e00c264d7be_000000022180.png,1,1.0,0.9868164,1,1,FAULTY,FAULTY,True,0.17822265625
/kaggle/working/processed/45098472-9375-499c-af3a-0caec3088bc2_000000023176.png,1,1.0,0.68847656,1,1,FAULTY,FAULTY,True,0.17822265625
/kaggle/working/processed/a0867267-7d93-4849-8af2-d186a8b7d1a5_000000021794.png,0,1.0,0.078063965,0,0,GOOD,GOOD,True,0.17822265625
/kaggle/working/processed/d60bdd6f-b25e-4a78-bb17-6d45bcf3627e_000000014771.png,0,1.0,0.10229492,0,0,GOOD,GOOD,True,0.17822265625
/kaggle/working/processed/0bd0f263-4984-4290-b692-741590c91c46_000000019036.png,1,1.0,0.5288086,1,1,FAULTY,FAULTY,True,0.17822265625
/kaggle/working/processed/8157e6d4-f864-4a96-93b5-38cb215a7212_000000031203.png,0,1.0,0.059661865,0,0,GOOD,GOOD,True,0.17822265625
/kaggle/working/processed/b1925b81-35d0-47db-a547-bcb6150a3e31_000000007173.png,1,1.0,0.9477539,1,1,FAULTY,FAULTY,True,0.17822265625
/kaggle/working/processed/5f89cc2f-572e-4ae3-b91c-64e568982526_000000008081.png,0,6.0,0.20153809,1,0,FAULTY,GOOD,False,0.17822265625
/kaggle/working/processed/ef536610-1166-4465-bcc4-75cbafe01192_000000026063.png,0,1.0,0.066223145,0,0,GOOD,GOOD,True,0.17822265625
/kaggle/working/processed/acd55c79-fc6f-4a65-958c-73ce0bb80517_000000023129.png,1,1.0,0.7104492,1,1,FAULTY,FAULTY,True,0.17822265625
/kaggle/working/processed/96aa8985-6cea-422b-b8dc-289078fe39ae_000000000377.png,0,1.0,0.07043457,0,0,GOOD,GOOD,True,0.17822265625
/kaggle/working/processed/f4180863-2250-4d57-8a6d-eb3ff713e098_000000034477.png,1,1.0,0.7089844,1,1,FAULTY,FAULTY,True,0.17822265625
/kaggle/working/processed/28ac0faa-8f5c-4045-9c3e-765d5dbbecdd_000000010230.png,0,1.0,0.07965088,0,0,GOOD,GOOD,True,0.17822265625
/kaggle/working/processed/959492ba-3994-44af-b73c-200270bf90ae_000000027118.png,0,1.0,0.03881836,0,0,GOOD,GOOD,True,0.17822265625
/kaggle/working/processed/0888bb60-9814-4a84-bc5e-0ffca6a03a49_000000023073.png,1,1.0,1.0,1,1,FAULTY,FAULTY,True,0.17822265625
/kaggle/working/processed/230f4b52-fab4-4113-b408-4cd2a7601ea5_000000034459.png,0,6.0,0.17285156,0,0,GOOD,GOOD,True,0.17822265625
/kaggle/working/processed/a7505885-69f2-4338-99e0-b495be1cde93_000000032430.png,0,6.0,0.2409668,1,0,FAULTY,GOOD,False,0.17822265625
/kaggle/working/processed/2a203491-487f-4526-b130-6b29d72fbb2b_000000021841.png,0,1.0,0.11065674,0,0,GOOD,GOOD,True,0.17822265625
/kaggle/working/processed/8ad860a6-0cd3-4039-9ca9-c2cc35b27392_000000021230.png,0,6.0,0.09741211,0,0,GOOD,GOOD,True,0.17822265625
/kaggle/working/processed/bcdda81b-08b4-48be-a3ed-ab044dcd7160_000000000628.png,0,1.0,0.07434082,0,0,GOOD,GOOD,True,0.17822265625
/kaggle/working/processed/68b56455-d66d-405f-9319-dae9927b530f_000000021909.png,1,1.0,1.0,1,1,FAULTY,FAULTY,True,0.17822265625
/kaggle/working/processed/79ef2254-8de7-437e-8c44-fc85f9396b2e_000000033514.png,0,1.0,0.07385254,0,0,GOOD,GOOD,True,0.17822265625
/kaggle/working/processed/65f09abf-6820-45b5-8283-257e6ea0bf79_000000002141.png,0,6.0,0.3317871,1,0,FAULTY,GOOD,False,0.17822265625
/kaggle/working/processed/f1bab997-59db-4284-80cb-f1ebda1de8b9_000000015923.png,0,1.0,0.07751465,0,0,GOOD,GOOD,True,0.17822265625
/kaggle/working/processed/871a7f4b-cea3-4583-bee9-3bde78ba8b57_000000004533.png,1,1.0,0.81689453,1,1,FAULTY,FAULTY,True,0.17822265625
/kaggle/working/processed/1c8a88a3-c91e-4c5d-86b7-6f46bd24ce30_000000002720.png,1,1.0,0.99121094,1,1,FAULTY,FAULTY,True,0.17822265625
/kaggle/working/processed/f1ee1361-2582-409b-8301-3d2494f7f652_000000003156.png,1,1.0,0.9067383,1,1,FAULTY,FAULTY,True,0.17822265625
/kaggle/working/processed/d14a1790-7b4d-4079-a619-5fb998871645_000000019628.png,1,1.0,0.36376953,1,1,FAULTY,FAULTY,True,0.17822265625
/kaggle/working/processed/924d4b58-fa9c-4bf9-a7f7-4bf53729375f_000000018317.png,1,1.0,0.79589844,1,1,FAULTY,FAULTY,True,0.17822265625
/kaggle/working/processed/56fd36c1-2a1d-48de-8c78-d717ac8f05b2_000000014480.png,1,1.0,0.9584961,1,1,FAULTY,FAULTY,True,0.17822265625
/kaggle/working/processed/90a7f304-5d00-4309-a521-72f2edaf3dd7_000000019059.png,1,1.0,0.9995117,1,1,FAULTY,FAULTY,True,0.17822265625
/kaggle/working/processed/b1f9ad10-2cd8-4301-a95a-fe53ba897026_000000031959.png,0,6.0,0.30859375,1,0,FAULTY,GOOD,False,0.17822265625
/kaggle/working/processed/40ffb011-e00e-4a73-9c6e-416793df7d25_000000005125.png,1,1.0,0.99560547,1,1,FAULTY,FAULTY,True,0.17822265625
/kaggle/working/processed/72da6847-3326-4373-aff1-9af65b0c0145_000000002006.png,1,1.0,0.5654297,1,1,FAULTY,FAULTY,True,0.17822265625
/kaggle/working/processed/1dfac256-c0ca-4899-a058-d0bf09b4bd83_000000031073.png,1,1.0,0.99902344,1,1,FAULTY,FAULTY,True,0.17822265625
/kaggle/working/processed/8acbf900-e0f3-4527-8dc7-5e08e549267c_000000003512.png,1,1.0,1.0,1,1,FAULTY,FAULTY,True,0.17822265625
/kaggle/working/processed/6234825c-731f-4afb-a630-7ad6b86b569a_000000027072.png,1,1.0,1.0,1,1,FAULTY,FAULTY,True,0.17822265625
/kaggle/working/processed/8eba7e6e-257f-4bd5-8ec3-ed194ec051ef_000000029745.png,0,1.0,0.11437988,0,0,GOOD,GOOD,True,0.17822265625
/kaggle/working/processed/ee072eed-757b-4670-878a-97ecdfb574a4_000000008724.png,0,6.0,0.11779785,0,0,GOOD,GOOD,True,0.17822265625
/kaggle/working/processed/467bca81-f4fb-4a54-8e86-7d9fb172abe3_000000010624.png,1,1.0,0.99560547,1,1,FAULTY,FAULTY,True,0.17822265625
/kaggle/working/processed/4dfd8b7a-45b0-4c1c-81cb-6106eba9f1ae_000000034167.png,0,1.0,0.09979248,0,0,GOOD,GOOD,True,0.17822265625
/kaggle/working/processed/33358bd4-574e-4979-8f1a-78c53143ea0f_000000006951.png,0,6.0,0.37524414,1,0,FAULTY,GOOD,False,0.17822265625
/kaggle/working/processed/f13549bc-4a3c-48e2-92cf-850ff257d174_000000022922.png,0,6.0,0.12939453,0,0,GOOD,GOOD,True,0.17822265625
/kaggle/working/processed/4230a331-9296-437e-8b07-1cf44d275f1e_000000024009.png,1,1.0,0.9790039,1,1,FAULTY,FAULTY,True,0.17822265625
/kaggle/working/processed/6ac2cbff-2097-4a81-98f2-58e5336eca6e_000000028835.png,1,1.0,0.9995117,1,1,FAULTY,FAULTY,True,0.17822265625
/kaggle/working/processed/afcd71c8-a2f6-4eb4-b3f1-ddad751d5446_000000034369.png,1,1.0,0.34765625,1,1,FAULTY,FAULTY,True,0.17822265625
/kaggle/working/processed/abaeb5fd-eb39-49fc-8cc3-f70e30e0a106_000000000831.png,0,6.0,0.18383789,1,0,FAULTY,GOOD,False,0.17822265625
/kaggle/working/processed/393c444d-7633-4b9e-80f3-673c8b159d30_000000033716.png,0,1.0,0.08770752,0,0,GOOD,GOOD,True,0.17822265625
/kaggle/working/processed/89910984-da87-457e-8bba-e2e65663a67e_000000026415.png,1,1.0,0.97802734,1,1,FAULTY,FAULTY,True,0.17822265625
/kaggle/working/processed/089fbecb-bc0a-4ceb-bb36-e9082a92313b_000000028165.png,1,1.0,0.9995117,1,1,FAULTY,FAULTY,True,0.17822265625
/kaggle/working/processed/6e8d5379-e405-4381-bda3-a7df3f78ae71_000000026286.png,0,1.0,0.16992188,0,0,GOOD,GOOD,True,0.17822265625
/kaggle/working/processed/9fd0c102-b80b-40a3-ba0a-d253c69a72a0_000000005880.png,1,1.0,0.98339844,1,1,FAULTY,FAULTY,True,0.17822265625
/kaggle/working/processed/c23b3b69-be62-4672-8f18-3039de01b250_000000019035.png,1,1.0,0.8798828,1,1,FAULTY,FAULTY,True,0.17822265625
/kaggle/working/processed/f1149e76-c9dd-44b8-9787-1b4b0ed5c0a2_000000015475.png,1,1.0,0.99365234,1,1,FAULTY,FAULTY,True,0.17822265625
/kaggle/working/processed/2af07311-a4ae-4ccb-b9ac-d7e0f823e1d9_000000021213.png,0,1.0,0.06323242,0,0,GOOD,GOOD,True,0.17822265625
/kaggle/working/processed/efda4032-a016-44dd-8821-bed33b19539a_000000002010.png,0,6.0,0.3737793,1,0,FAULTY,GOOD,False,0.17822265625
/kaggle/working/processed/9dd61fc3-3b05-4517-bc8d-4abac2b5d2d9_000000033174.png,1,1.0,1.0,1,1,FAULTY,FAULTY,True,0.17822265625
/kaggle/working/processed/9cef01c8-a233-481d-b578-2d7a5ed4867e_000000001605.png,0,1.0,0.14233398,0,0,GOOD,GOOD,True,0.17822265625
/kaggle/working/processed/3237c996-2b32-45b1-8ffa-c182e9209a14_000000028416.png,1,1.0,0.99902344,1,1,FAULTY,FAULTY,True,0.17822265625
/kaggle/working/processed/322c882b-aebf-454e-838b-39fe6ae709a5_000000008867.png,1,1.0,0.98876953,1,1,FAULTY,FAULTY,True,0.17822265625
/kaggle/working/processed/d5bed07c-30e4-4776-9beb-24a1b227385d_000000006186.png,1,1.0,1.0,1,1,FAULTY,FAULTY,True,0.17822265625
/kaggle/working/processed/386b77fe-2c32-4dac-8bfb-7705ca60f16d_000000033103.png,0,1.0,0.064086914,0,0,GOOD,GOOD,True,0.17822265625
/kaggle/working/processed/818ab46a-0489-4d15-8153-1aedd4c0be6e_000000023874.png,0,1.0,0.10632324,0,0,GOOD,GOOD,True,0.17822265625
/kaggle/working/processed/97d3b1d5-f4bd-4156-b673-e7fd608d32ed_000000015641.png,0,6.0,0.2421875,1,0,FAULTY,GOOD,False,0.17822265625
/kaggle/working/processed/663567f5-a8c5-4478-ae92-8720a2bd43d7_000000008552.png,0,1.0,0.007843018,0,0,GOOD,GOOD,True,0.17822265625
/kaggle/working/processed/250c6d5f-ad53-4624-a13d-689dc667b874_000000017274.png,0,1.0,0.1282959,0,0,GOOD,GOOD,True,0.17822265625
/kaggle/working/processed/ae74b358-8ef9-4bf0-a859-454f9a708374_000000017024.png,1,1.0,0.62402344,1,1,FAULTY,FAULTY,True,0.17822265625
/kaggle/working/processed/360d0dc2-9030-4329-a7e0-7064b9ecdab3_000000023477.png,1,1.0,1.0,1,1,FAULTY,FAULTY,True,0.17822265625
/kaggle/working/processed/a884ef65-ce94-40b4-951f-a09ced0ef6bf_000000010612.png,1,1.0,0.6953125,1,1,FAULTY,FAULTY,True,0.17822265625
/kaggle/working/processed/ba5eb939-4d23-41f6-a89a-0a8ec7bf8b41_000000002398.png,0,6.0,0.17102051,0,0,GOOD,GOOD,True,0.17822265625
/kaggle/working/processed/2e731792-e44f-4420-86a0-b7dff38e73ca_000000002601.png,1,1.0,0.8798828,1,1,FAULTY,FAULTY,True,0.17822265625
/kaggle/working/processed/661c0654-5d23-4069-b131-501028091646_000000027770.png,1,1.0,0.96240234,1,1,FAULTY,FAULTY,True,0.17822265625
/kaggle/working/processed/24a78297-5f4b-45bf-b35e-29fb704bb189_000000007325.png,1,1.0,0.9995117,1,1,FAULTY,FAULTY,True,0.17822265625
/kaggle/working/processed/80a99dbf-22fb-4e51-a76d-443d5c2416a0_000000033891.png,0,1.0,0.12322998,0,0,GOOD,GOOD,True,0.17822265625
/kaggle/working/processed/ac2769c8-b17e-4a56-887a-1b5f8528bf4f_000000012219.png,1,1.0,1.0,1,1,FAULTY,FAULTY,True,0.17822265625
/kaggle/working/processed/6b0ff992-a38b-40fd-82d2-8281bdc60082_000000032706.png,0,6.0,0.3251953,1,0,FAULTY,GOOD,False,0.17822265625
/kaggle/working/processed/7f73c922-ac67-4e3e-b743-fa9f715195dc_000000021708.png,0,1.0,0.02418518,0,0,GOOD,GOOD,True,0.17822265625
/kaggle/working/processed/8213d34d-1dca-4cd9-b7ca-2975b1fe6e90_000000025810.png,0,6.0,0.31298828,1,0,FAULTY,GOOD,False,0.17822265625
/kaggle/working/processed/f4a034d1-568c-42f2-b01b-8cdc921c4168_000000002032.png,1,1.0,0.6484375,1,1,FAULTY,FAULTY,True,0.17822265625
/kaggle/working/processed/58a3ec5d-e95f-40e0-8b9c-24a39e8c281a_000000016541.png,0,1.0,0.04940796,0,0,GOOD,GOOD,True,0.17822265625
/kaggle/working/processed/dcb77afa-bb9b-4ba2-8bc3-6ef496c0f99f_000000017074.png,0,6.0,0.26416016,1,0,FAULTY,GOOD,False,0.17822265625
/kaggle/working/processed/3007c0ad-9e9c-4df5-915c-fd51039f5f1f_000000011885.png,0,1.0,0.1116333,0,0,GOOD,GOOD,True,0.17822265625
/kaggle/working/processed/3db33e09-f105-4121-9020-d5a33f00e117_000000025337.png,0,1.0,0.23461914,1,0,FAULTY,GOOD,False,0.17822265625
/kaggle/working/processed/f6dee59f-8f64-4edd-bc4a-261b8f0648b7_000000032186.png,1,1.0,1.0,1,1,FAULTY,FAULTY,True,0.17822265625
/kaggle/working/processed/7a2e29ac-949a-430e-a457-ccddcdafc266_000000009695.png,1,1.0,0.8227539,1,1,FAULTY,FAULTY,True,0.17822265625
/kaggle/working/processed/3ac57a5b-c420-4b0f-b1bf-701b84fcb7bf_000000007877.png,0,1.0,0.089904785,0,0,GOOD,GOOD,True,0.17822265625
/kaggle/working/processed/7b849b34-20ba-4897-9f30-a04d63f19c4f_000000018146.png,0,6.0,0.2709961,1,0,FAULTY,GOOD,False,0.17822265625
/kaggle/working/processed/7d44e351-2591-443c-b2eb-2f7aeb48f10c_000000034550.png,1,1.0,0.99902344,1,1,FAULTY,FAULTY,True,0.17822265625
/kaggle/working/processed/67ccd334-f28e-4c63-9c56-33ae53bc0d31_000000034014.png,1,1.0,0.84472656,1,1,FAULTY,FAULTY,True,0.17822265625
/kaggle/working/processed/26929dce-c869-46e7-8765-488489d6f140_000000027319.png,1,1.0,0.87353516,1,1,FAULTY,FAULTY,True,0.17822265625
/kaggle/working/processed/43f3f536-552a-4e9d-89c4-a024c3b92e05_000000008012.png,1,1.0,1.0,1,1,FAULTY,FAULTY,True,0.17822265625
/kaggle/working/processed/d5c8d3e2-d640-499d-ae7f-2dfe05a0f5cd_000000023269.png,1,1.0,0.93847656,1,1,FAULTY,FAULTY,True,0.17822265625
/kaggle/working/processed/e7b1aaa0-4f6d-497b-aefe-d623d19e1476_000000030075.png,0,1.0,0.2434082,1,0,FAULTY,GOOD,False,0.17822265625
/kaggle/working/processed/504ad770-b2d7-4262-9d0b-346561f621b4_000000012811.png,1,1.0,1.0,1,1,FAULTY,FAULTY,True,0.17822265625
/kaggle/working/processed/3341a1d9-fc06-4152-9265-c19470b42b92_000000000140.png,1,1.0,1.0,1,1,FAULTY,FAULTY,True,0.17822265625
/kaggle/working/processed/c3f1ffa4-c81b-4cd7-a8e2-e8b3d9d3e0aa_000000013113.png,0,6.0,0.09008789,0,0,GOOD,GOOD,True,0.17822265625
/kaggle/working/processed/c5cb3a8c-b7f7-4cdb-af0f-68d40b6d03fb_000000030165.png,0,6.0,0.31591797,1,0,FAULTY,GOOD,False,0.17822265625
/kaggle/working/processed/db6fbced-7abd-4592-8415-9123164a1300_000000006025.png,1,1.0,0.9995117,1,1,FAULTY,FAULTY,True,0.17822265625
/kaggle/working/processed/06664e2e-080e-4bc6-a4b6-b21bcec39f80_000000012238.png,0,1.0,0.1184082,0,0,GOOD,GOOD,True,0.17822265625
/kaggle/working/processed/40c965d8-56b3-4a54-95d7-ce866932bf99_000000001794.png,1,1.0,0.9692383,1,1,FAULTY,FAULTY,True,0.17822265625
/kaggle/working/processed/7651433a-c15b-4f85-9792-551efe1d2107_000000023496.png,0,1.0,0.20056152,1,0,FAULTY,GOOD,False,0.17822265625
/kaggle/working/processed/886f3624-d6a9-44fa-8c84-1f75b7b185ec_000000004472.png,0,6.0,0.19116211,1,0,FAULTY,GOOD,False,0.17822265625
/kaggle/working/processed/a613fc36-7aef-4cd0-8a87-486eac5c76ac_000000032800.png,1,1.0,1.0,1,1,FAULTY,FAULTY,True,0.17822265625
/kaggle/working/processed/330cb2fd-0e22-44e9-afc3-8d23ae00420b_000000031684.png,0,6.0,0.2836914,1,0,FAULTY,GOOD,False,0.17822265625
/kaggle/working/processed/392df62e-8d91-4252-840d-8458ceb928e9_000000024819.png,1,1.0,0.24206543,1,1,FAULTY,FAULTY,True,0.17822265625
/kaggle/working/processed/df637c43-a9bb-4582-87c1-1de60ee21f55_000000010364.png,1,1.0,0.6230469,1,1,FAULTY,FAULTY,True,0.17822265625
/kaggle/working/processed/d4d3a093-fc63-4e4b-ba16-0ec3ecdadd67_000000019705.png,1,1.0,0.35961914,1,1,FAULTY,FAULTY,True,0.17822265625
/kaggle/working/processed/bf3a3be7-8e17-4763-9cc9-37000acf1e71_000000002784.png,0,1.0,0.15039062,0,0,GOOD,GOOD,True,0.17822265625
/kaggle/working/processed/406a08cc-8f7b-4cc2-ab63-d0333d64270c_000000025653.png,1,1.0,1.0,1,1,FAULTY,FAULTY,True,0.17822265625
/kaggle/working/processed/89f2f9d5-5515-46b7-b163-663916d6e320_000000018439.png,0,1.0,0.14697266,0,0,GOOD,GOOD,True,0.17822265625
/kaggle/working/processed/1653934a-c8ff-466e-87cf-de73e91c7cc6_000000023756.png,0,1.0,0.07922363,0,0,GOOD,GOOD,True,0.17822265625
/kaggle/working/processed/125435ad-9041-4d63-87b0-90e7047bcd20_000000011105.png,1,1.0,0.9995117,1,1,FAULTY,FAULTY,True,0.17822265625
/kaggle/working/processed/33a7d9d6-a816-4e5b-82e5-f35799247fca_000000028945.png,0,6.0,0.2626953,1,0,FAULTY,GOOD,False,0.17822265625
/kaggle/working/processed/ff0d859f-dbfd-4972-ab23-2c9a3386ecdc_000000022509.png,1,1.0,0.37475586,1,1,FAULTY,FAULTY,True,0.17822265625
/kaggle/working/processed/d58c0fdf-1074-4274-b8c8-1ea769709673_000000000662.png,0,1.0,0.11242676,0,0,GOOD,GOOD,True,0.17822265625
/kaggle/working/processed/d56a384b-cde4-477a-9bce-02e2aada03a1_000000011687.png,0,6.0,0.19897461,1,0,FAULTY,GOOD,False,0.17822265625
/kaggle/working/processed/cc3c21db-23d4-47ba-93f9-f3f5fffa5fce_000000033696.png,0,1.0,0.07409668,0,0,GOOD,GOOD,True,0.17822265625
/kaggle/working/processed/8250412b-a630-4f10-bdeb-bcbd736deed5_000000026096.png,1,1.0,0.4975586,1,1,FAULTY,FAULTY,True,0.17822265625
/kaggle/working/processed/15f9311e-f7b7-4b1d-b22d-3492cd8b336c_000000021103.png,1,1.0,0.82958984,1,1,FAULTY,FAULTY,True,0.17822265625
/kaggle/working/processed/54c21803-ef0c-4def-91de-04cc57928e96_000000018727.png,0,6.0,0.17956543,1,0,FAULTY,GOOD,False,0.17822265625
/kaggle/working/processed/08e92781-59a6-4469-a15b-c285010e9807_000000000038.png,1,1.0,0.93408203,1,1,FAULTY,FAULTY,True,0.17822265625
/kaggle/working/processed/a0456250-41c2-495d-865d-27712b6c7429_000000018896.png,1,1.0,0.40356445,1,1,FAULTY,FAULTY,True,0.17822265625
/kaggle/working/processed/054a69b8-6c7c-4923-ba7f-1fd1ab0c4654_000000009635.png,0,1.0,0.2290039,1,0,FAULTY,GOOD,False,0.17822265625
/kaggle/working/processed/9e4499a8-7216-4ee8-a1c7-56ffc243eb98_000000029060.png,1,1.0,1.0,1,1,FAULTY,FAULTY,True,0.17822265625
/kaggle/working/processed/fcfc0d01-0158-414d-9102-9685407236ea_000000022919.png,0,6.0,0.24511719,1,0,FAULTY,GOOD,False,0.17822265625
/kaggle/working/processed/3834a1cd-6c75-4b99-9049-f8b670df79b3_000000004842.png,1,1.0,0.99658203,1,1,FAULTY,FAULTY,True,0.17822265625
/kaggle/working/processed/d3fd88cf-c8f7-4a3a-a0e3-6b2cda7ca721_000000027879.png,0,1.0,0.12683105,0,0,GOOD,GOOD,True,0.17822265625
/kaggle/working/processed/6fb05624-cb40-4b1e-9f65-5cc23d4993fe_000000023023.png,1,1.0,0.86865234,1,1,FAULTY,FAULTY,True,0.17822265625
/kaggle/working/processed/619cd7d7-958e-42e8-a57b-3b1ed350a5f5_000000027469.png,1,1.0,0.7861328,1,1,FAULTY,FAULTY,True,0.17822265625
/kaggle/working/processed/965e133b-19d9-49ab-8bd7-8ada5a23ceb5_000000025162.png,1,1.0,0.7294922,1,1,FAULTY,FAULTY,True,0.17822265625
/kaggle/working/processed/6a4fcd34-53ed-425c-9bb7-b09485eb0139_000000013916.png,0,1.0,0.15966797,0,0,GOOD,GOOD,True,0.17822265625
/kaggle/working/processed/a3599a9c-059b-4b7d-9a29-97cf0f83325d_000000009168.png,0,6.0,0.20263672,1,0,FAULTY,GOOD,False,0.17822265625
/kaggle/working/processed/82fc78ce-7199-4565-9675-9db075318e57_000000013967.png,1,1.0,0.9765625,1,1,FAULTY,FAULTY,True,0.17822265625
/kaggle/working/processed/0fae2a99-66a4-4155-9a93-c47bb9bae0a3_000000023775.png,0,6.0,0.7553711,1,0,FAULTY,GOOD,False,0.17822265625
/kaggle/working/processed/2b490334-02bd-416c-bbae-6d457b9f3da5_000000027059.png,0,1.0,0.17944336,1,0,FAULTY,GOOD,False,0.17822265625
/kaggle/working/processed/1512f5c5-0784-44fc-b493-fca6e7a08e7a_000000017209.png,0,1.0,0.16882324,0,0,GOOD,GOOD,True,0.17822265625
/kaggle/working/processed/0471832f-102e-4a74-b131-b66078c71b66_000000008756.png,0,1.0,0.09588623,0,0,GOOD,GOOD,True,0.17822265625
/kaggle/working/processed/58f2b28f-ea4a-4a03-bd16-3a854c719c65_000000009112.png,1,1.0,1.0,1,1,FAULTY,FAULTY,True,0.17822265625
/kaggle/working/processed/231e9caf-fbce-4df6-9a15-c577301c7349_000000008729.png,1,1.0,0.65234375,1,1,FAULTY,FAULTY,True,0.17822265625
/kaggle/working/processed/9b4732ee-80cf-4f87-b34d-662dc16bcf70_000000031703.png,1,1.0,1.0,1,1,FAULTY,FAULTY,True,0.17822265625
/kaggle/working/processed/8e2b9151-b08d-47fa-af9d-3e45fae01966_000000028349.png,1,1.0,1.0,1,1,FAULTY,FAULTY,True,0.17822265625
/kaggle/working/processed/111c5273-d8a3-443b-8a66-e9c81e99b69f_000000034587.png,1,1.0,0.90966797,1,1,FAULTY,FAULTY,True,0.17822265625
/kaggle/working/processed/5a4cef37-52bf-4c0c-8dc5-f8d432e55f51_000000014598.png,1,1.0,1.0,1,1,FAULTY,FAULTY,True,0.17822265625
/kaggle/working/processed/49469d3e-12ee-4246-934c-bec12dc5874b_000000014673.png,1,1.0,0.9941406,1,1,FAULTY,FAULTY,True,0.17822265625
/kaggle/working/processed/6017fd02-b158-402a-8419-47cc1c6238da_000000034445.png,1,1.0,0.9916992,1,1,FAULTY,FAULTY,True,0.17822265625
/kaggle/working/processed/a85beb4b-bd5c-4745-8076-219fa9457476_000000024065.png,0,6.0,0.36572266,1,0,FAULTY,GOOD,False,0.17822265625
/kaggle/working/processed/4b377d4c-a1ba-486b-a8a9-75975b6a934f_000000007705.png,0,6.0,0.5942383,1,0,FAULTY,GOOD,False,0.17822265625
/kaggle/working/processed/8dd37a29-20c6-4703-95b9-9b3faeb36342_000000030758.png,1,1.0,0.96777344,1,1,FAULTY,FAULTY,True,0.17822265625
/kaggle/working/processed/8ed44037-fe04-49c1-aa48-79f13f55ca58_000000011678.png,1,1.0,0.6503906,1,1,FAULTY,FAULTY,True,0.17822265625
/kaggle/working/processed/0ae50e97-6d8e-41f2-a1d9-d3d169a11886_000000014993.png,0,1.0,0.09039307,0,0,GOOD,GOOD,True,0.17822265625
/kaggle/working/processed/e21e41f6-b035-461f-b26a-a9716f9a8dfa_000000009198.png,1,1.0,1.0,1,1,FAULTY,FAULTY,True,0.17822265625
/kaggle/working/processed/2fdde9f5-ca95-4d68-be05-e040e1386b45_000000026101.png,1,1.0,0.92285156,1,1,FAULTY,FAULTY,True,0.17822265625
/kaggle/working/processed/4234f633-e1d8-4166-b4dc-7077e60b5c5f_000000025724.png,1,1.0,1.0,1,1,FAULTY,FAULTY,True,0.17822265625
/kaggle/working/processed/3a59e9ba-6e40-4522-8b0f-906b53778293_000000027863.png,0,6.0,0.09106445,0,0,GOOD,GOOD,True,0.17822265625
/kaggle/working/processed/86330c9c-f9cf-4311-b048-e3a1cbdda796_000000031697.png,0,1.0,0.07104492,0,0,GOOD,GOOD,True,0.17822265625
/kaggle/working/processed/dd44c425-0d69-4f85-a557-ecb14eb9db2f_000000004979.png,1,1.0,1.0,1,1,FAULTY,FAULTY,True,0.17822265625
/kaggle/working/processed/7868778c-d94f-4bbc-b065-b6e53803c66d_000000017597.png,1,1.0,0.7583008,1,1,FAULTY,FAULTY,True,0.17822265625
/kaggle/working/processed/9458104d-9763-40d4-8e7c-1dad52d34724_000000018034.png,1,1.0,0.98779297,1,1,FAULTY,FAULTY,True,0.17822265625
/kaggle/working/processed/a7e21e8c-ff7f-4975-9276-a5f27f9c62e9_000000007468.png,1,1.0,0.73583984,1,1,FAULTY,FAULTY,True,0.17822265625
/kaggle/working/processed/bce82cb3-8fdc-4328-ba5d-a0824c833260_000000029096.png,1,1.0,0.99365234,1,1,FAULTY,FAULTY,True,0.17822265625
/kaggle/working/processed/bf7793d5-4217-41e9-b3a9-4ee417e52225_000000013894.png,0,1.0,0.07019043,0,0,GOOD,GOOD,True,0.17822265625
/kaggle/working/processed/226a6e5d-c7be-4519-882d-c44f1b7f4447_000000026801.png,0,6.0,0.12536621,0,0,GOOD,GOOD,True,0.17822265625
/kaggle/working/processed/b207e7d1-ea0a-4923-90f6-a0b20ef4a1a2_000000018078.png,1,1.0,0.9482422,1,1,FAULTY,FAULTY,True,0.17822265625
/kaggle/working/processed/b56b818c-4cf4-4524-9926-dedc7a43d6d4_000000028992.png,1,1.0,0.93408203,1,1,FAULTY,FAULTY,True,0.17822265625
/kaggle/working/processed/b538b5d8-2127-4731-8791-10d3f9b86dac_000000018912.png,0,1.0,0.10668945,0,0,GOOD,GOOD,True,0.17822265625
/kaggle/working/processed/6d638f78-0822-457d-81a1-431b6755e09f_000000011485.png,1,1.0,0.9511719,1,1,FAULTY,FAULTY,True,0.17822265625
/kaggle/working/processed/ed929f69-84da-481a-8a86-8d829ea0c4f4_000000000459.png,1,1.0,1.0,1,1,FAULTY,FAULTY,True,0.17822265625
/kaggle/working/processed/003db801-10ad-41cd-a250-9264676326ab_000000029029.png,1,1.0,0.9995117,1,1,FAULTY,FAULTY,True,0.17822265625
/kaggle/working/processed/a5cd909e-f7f9-4eaf-bfb8-1189ec87fb8c_000000034730.png,0,1.0,0.13000488,0,0,GOOD,GOOD,True,0.17822265625
/kaggle/working/processed/66533976-867f-46f1-be39-6614b70b9333_000000026817.png,0,6.0,0.49902344,1,0,FAULTY,GOOD,False,0.17822265625
/kaggle/working/processed/1e98f6e0-e79a-4cdf-932b-3dac66aa586e_000000016173.png,0,6.0,0.3137207,1,0,FAULTY,GOOD,False,0.17822265625
/kaggle/working/processed/f54c5070-abfc-4a62-84d4-e77639fce0fd_000000025845.png,1,1.0,0.48046875,1,1,FAULTY,FAULTY,True,0.17822265625
/kaggle/working/processed/512d3a31-6b11-4dd9-b8df-5cb0ba0e7cb5_000000007222.png,1,1.0,0.9995117,1,1,FAULTY,FAULTY,True,0.17822265625
/kaggle/working/processed/3b3fa7c5-4ea7-4982-b52e-94b722056182_000000015040.png,1,1.0,0.9760742,1,1,FAULTY,FAULTY,True,0.17822265625
/kaggle/working/processed/2e633f45-7df0-4152-a773-eb04691b3c7a_000000016010.png,0,1.0,0.12176514,0,0,GOOD,GOOD,True,0.17822265625
/kaggle/working/processed/c58e7b53-a96c-456e-bab8-2b2b50886844_000000025245.png,1,1.0,1.0,1,1,FAULTY,FAULTY,True,0.17822265625
/kaggle/working/processed/336f2454-398f-4781-876a-85971b7f6603_000000009044.png,1,1.0,0.9946289,1,1,FAULTY,FAULTY,True,0.17822265625
/kaggle/working/processed/b39908dc-e107-4dc1-9197-0971a2c0a3d2_000000019598.png,1,1.0,0.99560547,1,1,FAULTY,FAULTY,True,0.17822265625
/kaggle/working/processed/bf8a30ee-9791-4946-949b-80d10622e0c2_000000030768.png,0,6.0,0.19152832,1,0,FAULTY,GOOD,False,0.17822265625
/kaggle/working/processed/35da7b1a-3d19-4ac4-901e-4db810cd7ed4_000000015927.png,1,1.0,0.64501953,1,1,FAULTY,FAULTY,True,0.17822265625
/kaggle/working/processed/ef9ae486-2c57-4b03-8932-b938ea93e1d9_000000011344.png,0,6.0,0.6010742,1,0,FAULTY,GOOD,False,0.17822265625
/kaggle/working/processed/a4117d57-ad19-4147-9f4b-dd1117982222_000000013448.png,0,6.0,0.50683594,1,0,FAULTY,GOOD,False,0.17822265625
/kaggle/working/processed/e7594705-c7b4-4729-9f38-87da58d83032_000000032132.png,1,1.0,0.59228516,1,1,FAULTY,FAULTY,True,0.17822265625
/kaggle/working/processed/8ddd005c-a477-4563-9930-309522ab69aa_000000022206.png,1,1.0,0.9995117,1,1,FAULTY,FAULTY,True,0.17822265625
/kaggle/working/processed/6bf29acc-91bc-4972-8dc3-9157372756c0_000000016339.png,0,1.0,0.11047363,0,0,GOOD,GOOD,True,0.17822265625
/kaggle/working/processed/cc837538-d29a-4f89-b5c0-574dcd145e7f_000000011787.png,1,1.0,0.8979492,1,1,FAULTY,FAULTY,True,0.17822265625
/kaggle/working/processed/d8818cbb-21c4-4938-99c3-4032b4087c88_000000015330.png,1,1.0,0.9995117,1,1,FAULTY,FAULTY,True,0.17822265625
/kaggle/working/processed/860f82ed-8e4b-4af7-9472-0a8251a1eb89_000000001800.png,1,1.0,0.46728516,1,1,FAULTY,FAULTY,True,0.17822265625
/kaggle/working/processed/36103d28-f781-465b-86a8-6f80b3ccfdea_000000031490.png,0,1.0,0.077941895,0,0,GOOD,GOOD,True,0.17822265625
/kaggle/working/processed/8fe7257b-4fd0-4d26-9254-8bc7df67a349_000000017578.png,0,6.0,0.22338867,1,0,FAULTY,GOOD,False,0.17822265625
/kaggle/working/processed/e744b01d-5785-4477-8022-3f0e8264f3bd_000000027425.png,1,1.0,0.74072266,1,1,FAULTY,FAULTY,True,0.17822265625
/kaggle/working/processed/5e983483-c51c-4e69-988d-6b6d0678cd2b_000000027525.png,0,1.0,0.1619873,0,0,GOOD,GOOD,True,0.17822265625
/kaggle/working/processed/f1acaba4-5570-4bc8-a8cb-2f7f2228002b_000000000152.png,1,1.0,1.0,1,1,FAULTY,FAULTY,True,0.17822265625
/kaggle/working/processed/a164cd5e-eab2-40bb-8d3c-180226fc596d_000000031695.png,1,1.0,0.9140625,1,1,FAULTY,FAULTY,True,0.17822265625
/kaggle/working/processed/691312e8-b6d9-4d2b-94d7-d373b93ea36c_000000012174.png,0,1.0,0.11755371,0,0,GOOD,GOOD,True,0.17822265625
/kaggle/working/processed/d0468494-3538-483c-8ce4-53a1b9b0068c_000000032469.png,0,1.0,0.18054199,1,0,FAULTY,GOOD,False,0.17822265625
/kaggle/working/processed/2cd8c72a-bc3b-43f1-b834-b9854281a334_000000027675.png,0,6.0,0.15307617,0,0,GOOD,GOOD,True,0.17822265625
/kaggle/working/processed/61da7545-dff7-413b-812f-467870a0e509_000000004389.png,1,1.0,0.98535156,1,1,FAULTY,FAULTY,True,0.17822265625
/kaggle/working/processed/c693790c-a24c-40c1-9d7f-b3c0046dd926_000000022727.png,1,1.0,0.9916992,1,1,FAULTY,FAULTY,True,0.17822265625
/kaggle/working/processed/c4536205-5788-47e6-9465-28457799427f_000000025520.png,0,6.0,0.38305664,1,0,FAULTY,GOOD,False,0.17822265625
/kaggle/working/processed/8fd358a3-a07e-4a36-a1ba-584e41b4f7b0_000000030204.png,0,6.0,0.14746094,0,0,GOOD,GOOD,True,0.17822265625
/kaggle/working/processed/fd7eae85-49de-4e3b-9305-2e3cbd36fd59_000000021124.png,1,1.0,0.48339844,1,1,FAULTY,FAULTY,True,0.17822265625
/kaggle/working/processed/c674a153-a08d-4475-a5d5-d4b34f237699_000000006952.png,0,6.0,0.19909668,1,0,FAULTY,GOOD,False,0.17822265625
/kaggle/working/processed/3485548e-1888-4268-a927-a341b4758f1f_000000025413.png,1,1.0,1.0,1,1,FAULTY,FAULTY,True,0.17822265625
/kaggle/working/processed/463b3499-4a9a-4565-bb83-247cd0965f5d_000000026168.png,1,1.0,0.9667969,1,1,FAULTY,FAULTY,True,0.17822265625
/kaggle/working/processed/608d5cd7-a0f9-4afa-a7dd-33db89f20bae_000000001087.png,1,1.0,1.0,1,1,FAULTY,FAULTY,True,0.17822265625
/kaggle/working/processed/8f4c051a-2a9e-4cbe-95df-ede915ad23da_000000027520.png,1,1.0,0.9926758,1,1,FAULTY,FAULTY,True,0.17822265625
/kaggle/working/processed/35d156cc-e995-4cf6-ab06-37b6053a474c_000000015076.png,1,1.0,0.9995117,1,1,FAULTY,FAULTY,True,0.17822265625
/kaggle/working/processed/dad2c06c-5e60-43e0-bf23-1b6c53b4f1e0_000000024169.png,1,1.0,1.0,1,1,FAULTY,FAULTY,True,0.17822265625
/kaggle/working/processed/b94ed945-6bf9-40cb-9b10-7a1d51a613ca_000000005207.png,1,1.0,1.0,1,1,FAULTY,FAULTY,True,0.17822265625
/kaggle/working/processed/1c98ac35-bd29-4d98-9b25-fcd10f8c4870_000000025449.png,0,1.0,0.107421875,0,0,GOOD,GOOD,True,0.17822265625
/kaggle/working/processed/17de6cb7-9143-4f22-a3db-54baa41a05e3_000000020623.png,0,6.0,0.23950195,1,0,FAULTY,GOOD,False,0.17822265625
/kaggle/working/processed/b8b8efac-62fa-4678-86c9-6573a44e440f_000000033958.png,1,1.0,0.9794922,1,1,FAULTY,FAULTY,True,0.17822265625
/kaggle/working/processed/c02700c4-c887-4268-bbeb-85880b99922a_000000031919.png,0,1.0,0.1005249,0,0,GOOD,GOOD,True,0.17822265625
/kaggle/working/processed/c3c8ef1f-ba54-4412-97fe-de869c0e5118_000000016761.png,0,6.0,0.29052734,1,0,FAULTY,GOOD,False,0.17822265625
/kaggle/working/processed/075dad0b-58af-4166-9326-3c8e780bd25c_000000007838.png,1,1.0,0.4880371,1,1,FAULTY,FAULTY,True,0.17822265625
/kaggle/working/processed/76c1df2d-1f55-412a-8943-f781ae73673f_000000002227.png,1,1.0,0.62109375,1,1,FAULTY,FAULTY,True,0.17822265625
/kaggle/working/processed/a5b2b89a-a6d1-4194-ad19-6c4e9cf14dea_000000017430.png,0,1.0,0.11340332,0,0,GOOD,GOOD,True,0.17822265625
/kaggle/working/processed/70ca5844-4e28-4273-b7be-b3355a07999e_000000010738.png,0,6.0,0.17382812,0,0,GOOD,GOOD,True,0.17822265625
/kaggle/working/processed/15552011-3eb7-4cf0-88b7-98ea0563750e_000000020533.png,0,1.0,0.04788208,0,0,GOOD,GOOD,True,0.17822265625
/kaggle/working/processed/99b5f824-fba6-4a82-887e-122a1252932f_000000018099.png,0,1.0,0.14782715,0,0,GOOD,GOOD,True,0.17822265625
/kaggle/working/processed/9431a511-29bd-467f-98b0-450706d4d587_000000013010.png,0,1.0,0.1973877,1,0,FAULTY,GOOD,False,0.17822265625
/kaggle/working/processed/5542e1c2-8a27-475c-b31a-4880d21a7be9_000000019175.png,1,1.0,0.97802734,1,1,FAULTY,FAULTY,True,0.17822265625
/kaggle/working/processed/ecb9dfb4-a6c0-46ba-95f2-1cfc050d0181_000000008133.png,0,1.0,0.048675537,0,0,GOOD,GOOD,True,0.17822265625
/kaggle/working/processed/5f52af92-5ab3-49d5-8584-7d4395a2e7e3_000000002643.png,0,1.0,0.06347656,0,0,GOOD,GOOD,True,0.17822265625
/kaggle/working/processed/4a43a709-2556-4808-af14-2d699e8f7405_000000019715.png,0,1.0,0.04638672,0,0,GOOD,GOOD,True,0.17822265625
/kaggle/working/processed/287ba45c-f272-4020-aa28-0791dd1f8ae4_000000019460.png,0,1.0,0.040771484,0,0,GOOD,GOOD,True,0.17822265625
/kaggle/working/processed/220c9d1a-e60f-44be-b007-389667fffd01_000000016281.png,1,1.0,0.9995117,1,1,FAULTY,FAULTY,True,0.17822265625
/kaggle/working/processed/b2220840-98e5-41bc-b082-40644ca5eb68_000000004815.png,1,1.0,0.99853516,1,1,FAULTY,FAULTY,True,0.17822265625
/kaggle/working/processed/7e6ce840-b909-4753-a854-9581b9f249be_000000006425.png,0,1.0,0.12200928,0,0,GOOD,GOOD,True,0.17822265625
/kaggle/working/processed/c4d2effa-0465-4c3c-a265-d0c1a7fbda5a_000000011395.png,1,1.0,0.54589844,1,1,FAULTY,FAULTY,True,0.17822265625
/kaggle/working/processed/ef77a9d8-ffbf-4208-b46c-329a1fc5689a_000000016531.png,1,1.0,1.0,1,1,FAULTY,FAULTY,True,0.17822265625
/kaggle/working/processed/0e2c28d9-3a56-4dd5-aa29-7a140bb631cd_000000008805.png,1,1.0,0.77490234,1,1,FAULTY,FAULTY,True,0.17822265625
/kaggle/working/processed/670af21b-d8c0-4242-9ea3-912f49408374_000000018101.png,1,1.0,0.62353516,1,1,FAULTY,FAULTY,True,0.17822265625
/kaggle/working/processed/c8ae5777-49dc-453c-a3c3-0210694fb8c8_000000005191.png,1,1.0,1.0,1,1,FAULTY,FAULTY,True,0.17822265625
/kaggle/working/processed/e1e87fd6-a2ad-473a-939f-372c781d0f4e_000000009681.png,1,1.0,0.98535156,1,1,FAULTY,FAULTY,True,0.17822265625
/kaggle/working/processed/7d46fbf0-ac19-4d3a-abee-6b9d7d3b3309_000000004871.png,1,1.0,0.9794922,1,1,FAULTY,FAULTY,True,0.17822265625
/kaggle/working/processed/53c06a18-daae-4e38-9ec0-c9df101f34f0_000000008200.png,1,1.0,0.69921875,1,1,FAULTY,FAULTY,True,0.17822265625
/kaggle/working/processed/52239873-974a-4cec-9642-546993b1a32a_000000022640.png,1,1.0,0.97753906,1,1,FAULTY,FAULTY,True,0.17822265625
/kaggle/working/processed/45f12468-fa14-4951-a2d6-d0b00edcb12b_000000014262.png,0,1.0,0.0927124,0,0,GOOD,GOOD,True,0.17822265625
/kaggle/working/processed/eec66c70-961a-401a-a85a-15dcae36b90d_000000011704.png,1,1.0,0.9995117,1,1,FAULTY,FAULTY,True,0.17822265625
/kaggle/working/processed/d5a88fb7-14f4-4b56-af24-38699bcc09cb_000000019068.png,1,1.0,0.9995117,1,1,FAULTY,FAULTY,True,0.17822265625
/kaggle/working/processed/6b3b52cf-5541-4f23-b514-c4cf47ca5120_000000013449.png,0,1.0,0.20947266,1,0,FAULTY,GOOD,False,0.17822265625
/kaggle/working/processed/6ce2f49d-7a0f-471b-8c55-04a33a36db5b_000000000162.png,0,1.0,0.14318848,0,0,GOOD,GOOD,True,0.17822265625
/kaggle/working/processed/7fd5b56c-e5c7-458b-8d2e-6c71dd88a39a_000000004007.png,0,6.0,0.35229492,1,0,FAULTY,GOOD,False,0.17822265625
/kaggle/working/processed/210a70ba-5971-4fbb-846d-1c8d046978a6_000000022083.png,1,1.0,0.9091797,1,1,FAULTY,FAULTY,True,0.17822265625
/kaggle/working/processed/307be960-c02e-4cba-aafc-f6f8f3e43d49_000000004321.png,0,1.0,0.19030762,1,0,FAULTY,GOOD,False,0.17822265625
/kaggle/working/processed/a889e3f6-d2f7-4a1f-a628-7c98f6307dd2_000000030301.png,0,6.0,0.08270264,0,0,GOOD,GOOD,True,0.17822265625
/kaggle/working/processed/9097f498-2053-49d0-bdeb-bcb2c437e64c_000000003607.png,0,1.0,0.21472168,1,0,FAULTY,GOOD,False,0.17822265625
/kaggle/working/processed/3c23183c-430d-4e02-a718-a874d54e48b9_000000027144.png,0,1.0,0.11199951,0,0,GOOD,GOOD,True,0.17822265625
/kaggle/working/processed/35740869-82a4-4e71-bd27-cf8c4112cd03_000000011024.png,1,1.0,1.0,1,1,FAULTY,FAULTY,True,0.17822265625
/kaggle/working/processed/a97fcc4d-4322-4b0f-9da2-cfb29614ed5b_000000018923.png,1,1.0,1.0,1,1,FAULTY,FAULTY,True,0.17822265625
/kaggle/working/processed/421ab5ce-edcb-4c83-beca-6d0457d2d566_000000010942.png,0,1.0,0.04849243,0,0,GOOD,GOOD,True,0.17822265625
/kaggle/working/processed/0e39bb88-e2e2-4c91-95d8-15e1e22a9e12_000000012173.png,0,6.0,0.38085938,1,0,FAULTY,GOOD,False,0.17822265625
/kaggle/working/processed/4651b125-80a9-4af8-9dc2-adabba575687_000000034709.png,1,1.0,0.7729492,1,1,FAULTY,FAULTY,True,0.17822265625
/kaggle/working/processed/1ccea3a8-595b-437e-b5dd-973c022f7338_000000008661.png,1,1.0,0.7260742,1,1,FAULTY,FAULTY,True,0.17822265625
/kaggle/working/processed/071803f6-4642-498a-ba63-fecb87ffe7cd_000000030302.png,1,1.0,0.99853516,1,1,FAULTY,FAULTY,True,0.17822265625
/kaggle/working/processed/4cb673f4-003a-4df2-a8f5-9c74651d2fce_000000000502.png,1,1.0,0.9970703,1,1,FAULTY,FAULTY,True,0.17822265625
/kaggle/working/processed/125386cc-d2eb-4458-9b94-702324216e50_000000014222.png,1,1.0,0.9482422,1,1,FAULTY,FAULTY,True,0.17822265625
/kaggle/working/processed/dc5c3558-6c3e-4523-a960-c06adb6020db_000000017318.png,0,1.0,0.058013916,0,0,GOOD,GOOD,True,0.17822265625
/kaggle/working/processed/1d74676f-150f-495c-8a7d-f7e475ade1ab_000000029245.png,1,1.0,0.9995117,1,1,FAULTY,FAULTY,True,0.17822265625
/kaggle/working/processed/60402edb-e61c-4b8e-8aa0-18e7683e7add_000000015587.png,1,1.0,0.76953125,1,1,FAULTY,FAULTY,True,0.17822265625
/kaggle/working/processed/f8be9251-584e-4767-9c6c-4d309cadc7cb_000000008376.png,1,1.0,0.94091797,1,1,FAULTY,FAULTY,True,0.17822265625
/kaggle/working/processed/29b000ad-5a7d-41b4-8015-8b769f324472_000000000151.png,1,1.0,0.99902344,1,1,FAULTY,FAULTY,True,0.17822265625
/kaggle/working/processed/170d951a-4a5c-42e3-af62-74bca49cdb56_000000027783.png,0,6.0,0.2915039,1,0,FAULTY,GOOD,False,0.17822265625
/kaggle/working/processed/cedcd5e6-c2c8-4388-b5ec-282fb0e1f7ea_000000030468.png,1,1.0,1.0,1,1,FAULTY,FAULTY,True,0.17822265625
/kaggle/working/processed/e759c230-580f-4449-af0e-965b6ef61a86_000000030732.png,1,1.0,0.6479492,1,1,FAULTY,FAULTY,True,0.17822265625
/kaggle/working/processed/bcb30d3f-af61-43a3-9707-4dc6b87d1f5c_000000017116.png,1,1.0,0.99853516,1,1,FAULTY,FAULTY,True,0.17822265625
/kaggle/working/processed/5d93ae50-13c8-4d0c-866a-ed1ff1573b03_000000016343.png,1,1.0,0.98876953,1,1,FAULTY,FAULTY,True,0.17822265625
/kaggle/working/processed/7507f9d7-9f90-4f66-9fcf-db42446e66cd_000000019011.png,0,6.0,0.42211914,1,0,FAULTY,GOOD,False,0.17822265625
/kaggle/working/processed/46d03e1e-3b8a-45f5-b770-9974d45e868e_000000027750.png,1,1.0,1.0,1,1,FAULTY,FAULTY,True,0.17822265625
/kaggle/working/processed/2fae01e0-ce7c-461b-bce8-bde591d21719_000000007538.png,1,1.0,1.0,1,1,FAULTY,FAULTY,True,0.17822265625
/kaggle/working/processed/cdbabcd1-fd35-4ffd-bf16-3ad5031fadb2_000000020911.png,0,6.0,0.12145996,0,0,GOOD,GOOD,True,0.17822265625
/kaggle/working/processed/4e3b0f49-5e10-40fb-8cad-1a6a21cc5d4c_000000024218.png,1,1.0,0.9980469,1,1,FAULTY,FAULTY,True,0.17822265625
/kaggle/working/processed/ff9463b4-74e7-4e95-833e-d51a30c60cad_000000016949.png,1,1.0,0.68652344,1,1,FAULTY,FAULTY,True,0.17822265625
/kaggle/working/processed/3660a6f4-b23d-4cae-9a6f-eb21a3248fd3_000000025094.png,0,1.0,0.061523438,0,0,GOOD,GOOD,True,0.17822265625
/kaggle/working/processed/38c870d5-ac1c-4244-b725-2263c010c27f_000000006276.png,1,1.0,1.0,1,1,FAULTY,FAULTY,True,0.17822265625
/kaggle/working/processed/9af93129-8e74-4679-8f0d-c1cb679806ae_000000004904.png,1,1.0,0.7104492,1,1,FAULTY,FAULTY,True,0.17822265625
/kaggle/working/processed/34cf487a-46de-4399-816d-dea67c8a8398_000000009268.png,0,1.0,0.23522949,1,0,FAULTY,GOOD,False,0.17822265625
/kaggle/working/processed/6f8f650f-5e9c-48ed-9cfd-2185cb4425f8_000000013519.png,0,1.0,0.06008911,0,0,GOOD,GOOD,True,0.17822265625
/kaggle/working/processed/fd9d2ac2-5a4e-4579-98e0-4db519e55476_000000024680.png,1,1.0,1.0,1,1,FAULTY,FAULTY,True,0.17822265625
/kaggle/working/processed/28db686a-1698-44b7-a801-36469e524f4a_000000013472.png,0,1.0,0.12390137,0,0,GOOD,GOOD,True,0.17822265625
/kaggle/working/processed/ae4982a2-69d1-4582-b535-cf32fa6a2f3b_000000032740.png,1,1.0,0.9995117,1,1,FAULTY,FAULTY,True,0.17822265625
/kaggle/working/processed/96958f5c-28e5-4b4d-bad6-991d49bb4886_000000026756.png,0,1.0,0.10266113,0,0,GOOD,GOOD,True,0.17822265625
/kaggle/working/processed/19af7334-30de-47e3-918b-88bb65863352_000000029840.png,1,1.0,0.20178223,1,1,FAULTY,FAULTY,True,0.17822265625
/kaggle/working/processed/1def1b9e-3342-47c4-ac2e-44bb073ec44a_000000018648.png,1,1.0,0.9946289,1,1,FAULTY,FAULTY,True,0.17822265625
/kaggle/working/processed/fcd98df1-e9de-4f83-8bd9-71bb682228fc_000000035017.png,0,1.0,0.10797119,0,0,GOOD,GOOD,True,0.17822265625
/kaggle/working/processed/ad927524-a8e8-4797-8151-9120c2414671_000000034755.png,0,1.0,0.041534424,0,0,GOOD,GOOD,True,0.17822265625
/kaggle/working/processed/aae0e38b-4193-4061-ba2f-63447e69d4ee_000000034859.png,1,1.0,0.99902344,1,1,FAULTY,FAULTY,True,0.17822265625
/kaggle/working/processed/fa2c85d6-19b7-477c-8bce-8032429d5bf8_000000003151.png,0,6.0,0.3996582,1,0,FAULTY,GOOD,False,0.17822265625
/kaggle/working/processed/4f344483-1a54-4b3f-a8cf-dc566ce37c73_000000031345.png,0,6.0,0.21582031,1,0,FAULTY,GOOD,False,0.17822265625
/kaggle/working/processed/0e0c4737-d1c9-4a41-8725-145f1eed57bc_000000019790.png,0,6.0,0.16381836,0,0,GOOD,GOOD,True,0.17822265625
/kaggle/working/processed/f0821f64-aacb-40de-a364-1682a50fd94d_000000021423.png,0,6.0,0.35058594,1,0,FAULTY,GOOD,False,0.17822265625
/kaggle/working/processed/543e6399-4122-4053-b8ef-92aa8016c8d0_000000008183.png,1,1.0,0.97509766,1,1,FAULTY,FAULTY,True,0.17822265625
/kaggle/working/processed/494ef55a-170a-4e37-a8ba-b29c6d00ea5a_000000021771.png,1,1.0,0.9926758,1,1,FAULTY,FAULTY,True,0.17822265625
/kaggle/working/processed/11ee7f97-b3e4-4e82-b06b-d9715029a694_000000029399.png,0,6.0,0.55810547,1,0,FAULTY,GOOD,False,0.17822265625
/kaggle/working/processed/201df3a9-20da-47a8-86f5-0158b5a51b03_000000010899.png,0,1.0,0.051849365,0,0,GOOD,GOOD,True,0.17822265625
/kaggle/working/processed/3af5ea63-2b88-4b03-86f0-9c11d720da90_000000024445.png,0,1.0,0.116760254,0,0,GOOD,GOOD,True,0.17822265625
/kaggle/working/processed/a2faff7b-29a3-46b5-8d4b-2ae47f63f123_000000006339.png,1,1.0,1.0,1,1,FAULTY,FAULTY,True,0.17822265625
/kaggle/working/processed/9cb05289-3f7c-4100-9059-2c3b83d02506_000000012688.png,1,1.0,0.9970703,1,1,FAULTY,FAULTY,True,0.17822265625
/kaggle/working/processed/d11fbdfe-d0f3-4ac4-8e90-3ac1d8fb2301_000000032424.png,1,1.0,0.99902344,1,1,FAULTY,FAULTY,True,0.17822265625
/kaggle/working/processed/705079dd-c318-40bb-950d-be9332dee4c3_000000010642.png,1,1.0,0.70654297,1,1,FAULTY,FAULTY,True,0.17822265625
/kaggle/working/processed/f6e90687-b24a-481a-ab9d-bc1d9bbb1a52_000000022630.png,0,1.0,0.23840332,1,0,FAULTY,GOOD,False,0.17822265625
/kaggle/working/processed/2cb5fe77-4276-4b02-9788-3c6ec7462b60_000000022080.png,1,1.0,0.9995117,1,1,FAULTY,FAULTY,True,0.17822265625
/kaggle/working/processed/3a978d2c-0dc5-4286-a3e0-3873fbd91631_000000003751.png,0,1.0,0.081970215,0,0,GOOD,GOOD,True,0.17822265625
/kaggle/working/processed/78459373-a508-4769-baef-db3c518aec0b_000000013810.png,0,6.0,0.22717285,1,0,FAULTY,GOOD,False,0.17822265625
/kaggle/working/processed/b97e269b-ae27-475d-af0f-b49d82a97768_000000011133.png,1,1.0,0.80029297,1,1,FAULTY,FAULTY,True,0.17822265625
/kaggle/working/processed/bb888bbc-f784-4ee5-8caa-93e116b6a0e0_000000009136.png,1,1.0,0.94189453,1,1,FAULTY,FAULTY,True,0.17822265625
/kaggle/working/processed/2f726ad3-b591-401e-9ad7-c018bce97d15_000000017009.png,1,1.0,1.0,1,1,FAULTY,FAULTY,True,0.17822265625
/kaggle/working/processed/5d0e324d-cfb0-4e61-b234-604dcca71feb_000000025455.png,0,1.0,0.047943115,0,0,GOOD,GOOD,True,0.17822265625
/kaggle/working/processed/0bdb378c-20d4-4264-b3a9-464ecca9159c_000000015878.png,0,6.0,0.44433594,1,0,FAULTY,GOOD,False,0.17822265625
/kaggle/working/processed/e60930a0-647c-455a-82b3-84f166f32c9f_000000031897.png,1,1.0,0.99853516,1,1,FAULTY,FAULTY,True,0.17822265625
/kaggle/working/processed/25375ff3-f380-409d-ac3e-6197fa45e972_000000030296.png,1,1.0,0.9995117,1,1,FAULTY,FAULTY,True,0.17822265625
/kaggle/working/processed/de9e9844-f320-42b7-a6c9-01959a5c5ca2_000000012759.png,0,6.0,0.30908203,1,0,FAULTY,GOOD,False,0.17822265625
/kaggle/working/processed/83206d67-24e7-4240-9ac6-96d1b73df2a9_000000012270.png,1,1.0,0.65527344,1,1,FAULTY,FAULTY,True,0.17822265625
/kaggle/working/processed/c0c7a50b-0776-441a-a912-c76fd91bf251_000000027841.png,0,6.0,0.4519043,1,0,FAULTY,GOOD,False,0.17822265625
/kaggle/working/processed/b49e1c95-68bb-4fba-8bf9-5a5ebf948115_000000007941.png,0,1.0,0.08630371,0,0,GOOD,GOOD,True,0.17822265625
/kaggle/working/processed/301b607e-14e6-474f-aa73-0683e85b5e3d_000000012090.png,0,1.0,0.26879883,1,0,FAULTY,GOOD,False,0.17822265625
/kaggle/working/processed/2badc3d9-e8f1-4512-b68c-cde93fb3c2c5_000000025179.png,1,1.0,0.9995117,1,1,FAULTY,FAULTY,True,0.17822265625
/kaggle/working/processed/47e5af32-14b8-4e96-908b-5ad1885cdcc6_000000004281.png,1,1.0,1.0,1,1,FAULTY,FAULTY,True,0.17822265625
/kaggle/working/processed/5efc353d-1eb6-4834-8360-b79402765e9e_000000000219.png,1,1.0,0.9770508,1,1,FAULTY,FAULTY,True,0.17822265625
/kaggle/working/processed/b6656386-47f2-4648-82b4-c14160d7d40e_000000011199.png,1,1.0,0.9995117,1,1,FAULTY,FAULTY,True,0.17822265625
/kaggle/working/processed/067a0733-36a7-472a-85de-cb42490d049e_000000019888.png,1,1.0,1.0,1,1,FAULTY,FAULTY,True,0.17822265625
/kaggle/working/processed/2e2b933d-1b93-4c1e-a1c7-7ef47266db8a_000000022927.png,1,1.0,0.9785156,1,1,FAULTY,FAULTY,True,0.17822265625
/kaggle/working/processed/68a05952-151f-44d3-87ce-110a46fbacb9_000000001631.png,1,1.0,0.48535156,1,1,FAULTY,FAULTY,True,0.17822265625
/kaggle/working/processed/2a5d711f-439c-416a-b614-a630610915f3_000000019172.png,0,1.0,0.06707764,0,0,GOOD,GOOD,True,0.17822265625
/kaggle/working/processed/6f1174f1-ec57-48bc-8c81-cd87a32e9e10_000000015538.png,1,1.0,0.9819336,1,1,FAULTY,FAULTY,True,0.17822265625
/kaggle/working/processed/56274ea0-d444-4ec0-8c1f-3c81b39cab9d_000000019090.png,1,4.0,0.2705078,1,1,FAULTY,FAULTY,True,0.17822265625
/kaggle/working/processed/33a909cb-f30b-4139-885b-d8400569d4ed_000000017857.png,1,1.0,0.328125,1,1,FAULTY,FAULTY,True,0.17822265625
/kaggle/working/processed/36a1b7ba-c906-47ba-8856-cd0d8d25c2ff_000000018065.png,0,1.0,0.076293945,0,0,GOOD,GOOD,True,0.17822265625
/kaggle/working/processed/51913078-ca9a-47b2-b7df-5569ba5aa1ac_000000033131.png,0,6.0,0.5371094,1,0,FAULTY,GOOD,False,0.17822265625
/kaggle/working/processed/458ce520-2bd7-4976-a37c-bef57308561f_000000001342.png,1,1.0,0.89160156,1,1,FAULTY,FAULTY,True,0.17822265625
/kaggle/working/processed/2bbb32e4-4517-4e9b-aaf4-077c07638892_000000013807.png,1,1.0,0.99902344,1,1,FAULTY,FAULTY,True,0.17822265625
/kaggle/working/processed/f4085e78-e0d7-4183-bf12-55dd41ddc927_000000010853.png,1,1.0,0.61816406,1,1,FAULTY,FAULTY,True,0.17822265625
/kaggle/working/processed/6c10256c-112a-41aa-929e-d4e044e85155_000000007010.png,0,1.0,0.041137695,0,0,GOOD,GOOD,True,0.17822265625
/kaggle/working/processed/964f50cd-ecf0-43cb-917a-f34731488d4e_000000032487.png,0,1.0,0.1459961,0,0,GOOD,GOOD,True,0.17822265625
/kaggle/working/processed/55236fe8-43e4-45ed-8cf5-7d2cca446836_000000026799.png,1,1.0,0.37036133,1,1,FAULTY,FAULTY,True,0.17822265625
/kaggle/working/processed/2ef64b79-9361-4e69-925d-2b6db680ebcc_000000030647.png,1,1.0,0.97509766,1,1,FAULTY,FAULTY,True,0.17822265625
/kaggle/working/processed/26b65c92-9881-47b9-9315-93677ffebfa5_000000020058.png,1,1.0,0.99658203,1,1,FAULTY,FAULTY,True,0.17822265625
/kaggle/working/processed/ed3a598e-ee8c-49c0-ae0c-33dc50faea53_000000029893.png,1,1.0,0.9941406,1,1,FAULTY,FAULTY,True,0.17822265625
/kaggle/working/processed/db28071b-2fd4-4d08-8f51-abebb02b0872_000000011755.png,1,1.0,1.0,1,1,FAULTY,FAULTY,True,0.17822265625
/kaggle/working/processed/4f3aa0ce-229b-408d-bbb1-623f16cc77c4_000000028136.png,0,1.0,0.13671875,0,0,GOOD,GOOD,True,0.17822265625
/kaggle/working/processed/6d6fc1ae-33ae-401b-b377-5b46c56d2416_000000005229.png,0,6.0,0.33007812,1,0,FAULTY,GOOD,False,0.17822265625
/kaggle/working/processed/0694f37e-da44-4ff0-9750-536230a461a5_000000003735.png,1,1.0,0.9897461,1,1,FAULTY,FAULTY,True,0.17822265625
/kaggle/working/processed/1143563d-f020-44fe-a402-8df4e4954554_000000030947.png,0,1.0,0.048858643,0,0,GOOD,GOOD,True,0.17822265625
/kaggle/working/processed/1553867b-d689-40f1-87b1-1532e9b89023_000000033163.png,0,1.0,0.06585693,0,0,GOOD,GOOD,True,0.17822265625
/kaggle/working/processed/9f92f940-572c-4937-bec3-ae16f949e5d6_000000028802.png,0,1.0,0.14868164,0,0,GOOD,GOOD,True,0.17822265625
/kaggle/working/processed/168fd5a0-994d-412e-b679-4838795314e6_000000006250.png,0,1.0,0.14904785,0,0,GOOD,GOOD,True,0.17822265625
/kaggle/working/processed/859da7fe-2272-4e69-be39-6c53b31a858c_000000026894.png,1,1.0,1.0,1,1,FAULTY,FAULTY,True,0.17822265625
/kaggle/working/processed/4b4a37a0-2cf8-4643-9063-f28137cf2205_000000030591.png,0,6.0,0.2064209,1,0,FAULTY,GOOD,False,0.17822265625
/kaggle/working/processed/3877f371-8f36-46d0-ad12-be3edca08405_000000010517.png,1,1.0,1.0,1,1,FAULTY,FAULTY,True,0.17822265625
/kaggle/working/processed/5ee52806-fca0-4dc7-986d-87990ab20021_000000023242.png,1,1.0,0.7163086,1,1,FAULTY,FAULTY,True,0.17822265625
/kaggle/working/processed/9a1d1f78-74f9-479d-8c16-399bde60186d_000000031843.png,1,1.0,0.9589844,1,1,FAULTY,FAULTY,True,0.17822265625
/kaggle/working/processed/a4e51e3e-804e-420a-91dc-2fb1da643f1d_000000021682.png,0,6.0,0.5859375,1,0,FAULTY,GOOD,False,0.17822265625
/kaggle/working/processed/bc007ba8-3a91-424b-87dc-a8029bea9919_000000029545.png,0,1.0,0.120666504,0,0,GOOD,GOOD,True,0.17822265625
/kaggle/working/processed/6d5feaee-e966-4c19-9544-87d33f665d63_000000016878.png,0,6.0,0.7241211,1,0,FAULTY,GOOD,False,0.17822265625
/kaggle/working/processed/1dc78fee-b324-4c95-8d6b-cde5ac4e0720_000000016185.png,0,1.0,0.16540527,0,0,GOOD,GOOD,True,0.17822265625
/kaggle/working/processed/0cb4273c-1f32-43b9-b104-0acc8148203d_000000024741.png,0,1.0,0.18652344,1,0,FAULTY,GOOD,False,0.17822265625
/kaggle/working/processed/0fc1de5a-cbc3-47e3-af27-fa2d57d4ef27_000000000269.png,1,1.0,0.5942383,1,1,FAULTY,FAULTY,True,0.17822265625
/kaggle/working/processed/925306fb-a565-45cd-a97d-801baf014356_000000002689.png,1,1.0,0.74853516,1,1,FAULTY,FAULTY,True,0.17822265625
/kaggle/working/processed/89fa0da1-1eae-429f-84a4-3dfb626467bc_000000024687.png,1,1.0,1.0,1,1,FAULTY,FAULTY,True,0.17822265625
/kaggle/working/processed/a51ed538-f8bd-430f-93d2-cf68cf500426_000000019275.png,1,1.0,1.0,1,1,FAULTY,FAULTY,True,0.17822265625
/kaggle/working/processed/c4a73a3d-8189-4362-b310-1553391f2687_000000016714.png,1,1.0,0.99316406,1,1,FAULTY,FAULTY,True,0.17822265625
/kaggle/working/processed/d62ef115-8611-45e3-bd11-593370a55b38_000000002594.png,0,1.0,0.13879395,0,0,GOOD,GOOD,True,0.17822265625
/kaggle/working/processed/eb747f46-dc87-4ded-b57e-112bf3ca9315_000000033049.png,1,1.0,0.2467041,1,1,FAULTY,FAULTY,True,0.17822265625
/kaggle/working/processed/9df58de8-5dba-4fc3-9831-5500c08e7a64_000000033903.png,1,1.0,0.98828125,1,1,FAULTY,FAULTY,True,0.17822265625
/kaggle/working/processed/50d231fc-4b2d-41dc-acf2-de27a13a174d_000000026855.png,1,1.0,0.9238281,1,1,FAULTY,FAULTY,True,0.17822265625
/kaggle/working/processed/ea28001d-8cc8-40d6-a00d-43d9d0b138b6_000000016338.png,1,1.0,1.0,1,1,FAULTY,FAULTY,True,0.17822265625
/kaggle/working/processed/5af20efa-081b-4715-862d-216ad3b4760f_000000018421.png,0,6.0,0.12487793,0,0,GOOD,GOOD,True,0.17822265625
/kaggle/working/processed/cd984d5b-fd3e-4b05-a3ec-75e81d75958d_000000028730.png,1,1.0,0.9550781,1,1,FAULTY,FAULTY,True,0.17822265625
/kaggle/working/processed/e66eb047-1813-4652-b805-aea4317a1156_000000034454.png,1,1.0,0.93896484,1,1,FAULTY,FAULTY,True,0.17822265625
/kaggle/working/processed/fc74b3c8-3817-4a18-b805-f15a43e2f8af_000000026262.png,0,1.0,0.23937988,1,0,FAULTY,GOOD,False,0.17822265625
/kaggle/working/processed/c7408a24-2176-400a-b97d-d9781e211e04_000000032935.png,0,6.0,0.2854004,1,0,FAULTY,GOOD,False,0.17822265625
/kaggle/working/processed/7cd47dca-576a-4264-abb9-401989fe5b15_000000013190.png,0,6.0,0.46362305,1,0,FAULTY,GOOD,False,0.17822265625
/kaggle/working/processed/f6f59232-dd3b-44f4-a950-6d1734dcd87f_000000033110.png,0,6.0,0.20007324,1,0,FAULTY,GOOD,False,0.17822265625
/kaggle/working/processed/5cb5778d-502d-47c4-ad01-34a054cd158c_000000024643.png,0,1.0,0.04724121,0,0,GOOD,GOOD,True,0.17822265625
/kaggle/working/processed/c5a7196a-8448-42ae-aeaa-ff41db8b675f_000000030893.png,1,1.0,0.80371094,1,1,FAULTY,FAULTY,True,0.17822265625
/kaggle/working/processed/ac2266f3-d23f-4162-a426-ed17c8878612_000000030679.png,1,1.0,0.9995117,1,1,FAULTY,FAULTY,True,0.17822265625
/kaggle/working/processed/b15e78d3-6e8e-4284-aee5-a27efb8b8ce7_000000023560.png,0,1.0,0.14428711,0,0,GOOD,GOOD,True,0.17822265625
/kaggle/working/processed/8839681c-1ab3-446a-af43-9bf60541c75f_000000024781.png,1,1.0,0.9995117,1,1,FAULTY,FAULTY,True,0.17822265625
/kaggle/working/processed/87b1d824-a689-44db-9f0c-c7e4bf3980c7_000000023130.png,1,1.0,0.9995117,1,1,FAULTY,FAULTY,True,0.17822265625
/kaggle/working/processed/52c201d6-85ef-4436-809e-c2acb0543625_000000029426.png,0,1.0,0.14892578,0,0,GOOD,GOOD,True,0.17822265625
/kaggle/working/processed/6473c901-d907-4e3f-b473-4d88b100a34a_000000008017.png,0,1.0,0.13806152,0,0,GOOD,GOOD,True,0.17822265625
/kaggle/working/processed/d8c86cf3-7b83-441d-b5d3-2ace978df12d_000000000233.png,1,1.0,0.98583984,1,1,FAULTY,FAULTY,True,0.17822265625
/kaggle/working/processed/dc7ff53a-7fc9-41ac-9337-a5a334398d79_000000027122.png,1,1.0,0.99853516,1,1,FAULTY,FAULTY,True,0.17822265625
/kaggle/working/processed/8a9291f7-f10d-44a2-b26c-c62716a30e75_000000030738.png,1,1.0,0.9873047,1,1,FAULTY,FAULTY,True,0.17822265625
/kaggle/working/processed/821e266c-170d-45b6-9e91-f87eb70b8fba_000000013067.png,0,1.0,0.11065674,0,0,GOOD,GOOD,True,0.17822265625
/kaggle/working/processed/d6fb1f8c-2dfe-4b44-a579-01c53c3301fb_000000033788.png,1,1.0,0.99658203,1,1,FAULTY,FAULTY,True,0.17822265625
/kaggle/working/processed/b079cb5d-b6cb-4bf2-9985-52c95e1e2634_000000008180.png,1,1.0,0.9477539,1,1,FAULTY,FAULTY,True,0.17822265625
/kaggle/working/processed/5a90a212-f12a-4749-8ba6-c5b84c44bfca_000000014638.png,1,1.0,0.9848633,1,1,FAULTY,FAULTY,True,0.17822265625
/kaggle/working/processed/b59b35ee-a9c2-410c-8063-6358a470cf7c_000000017988.png,0,6.0,0.28051758,1,0,FAULTY,GOOD,False,0.17822265625
/kaggle/working/processed/53ece5bc-476b-4196-a87f-4443c07d1a94_000000008506.png,0,1.0,0.13122559,0,0,GOOD,GOOD,True,0.17822265625
/kaggle/working/processed/3e179c37-5f19-4f55-ad7d-745ac420dba6_000000010273.png,0,6.0,0.11260986,0,0,GOOD,GOOD,True,0.17822265625
/kaggle/working/processed/6edbdf63-56f3-4525-9cee-3398a7c1457a_000000024231.png,1,1.0,0.5883789,1,1,FAULTY,FAULTY,True,0.17822265625
/kaggle/working/processed/4b1c11b8-a7e9-4d19-a81b-b2a08e074eaa_000000034838.png,1,1.0,0.8730469,1,1,FAULTY,FAULTY,True,0.17822265625
/kaggle/working/processed/f38c6fba-37d7-4102-ad7f-5ab842fff281_000000002408.png,1,1.0,0.9995117,1,1,FAULTY,FAULTY,True,0.17822265625
/kaggle/working/processed/04e448b9-d9ae-4225-bb3e-25e60c461cdb_000000007407.png,0,1.0,0.11126709,0,0,GOOD,GOOD,True,0.17822265625
/kaggle/working/processed/526655eb-5ce4-41d5-bfb4-5bb097da4926_000000017743.png,1,1.0,0.9604492,1,1,FAULTY,FAULTY,True,0.17822265625
/kaggle/working/processed/1f744fbb-3e02-4960-925b-323c4a5cf568_000000027623.png,1,1.0,0.9902344,1,1,FAULTY,FAULTY,True,0.17822265625
/kaggle/working/processed/b887518c-2d15-4b40-8e95-6379b9f4027b_000000008336.png,1,1.0,1.0,1,1,FAULTY,FAULTY,True,0.17822265625
/kaggle/working/processed/5765e05a-513d-47bc-8fa5-716c2bba55f3_000000020577.png,1,1.0,1.0,1,1,FAULTY,FAULTY,True,0.17822265625
/kaggle/working/processed/85e341d6-9486-4d96-9da1-7cf8adefb0d9_000000003975.png,0,1.0,0.12854004,0,0,GOOD,GOOD,True,0.17822265625
/kaggle/working/processed/f0b5bc0c-7786-4050-b4d6-3783f42bcdf5_000000016501.png,1,1.0,0.3869629,1,1,FAULTY,FAULTY,True,0.17822265625
/kaggle/working/processed/82b7ea1a-f36c-4c12-8e88-0980b5f09576_000000013782.png,0,1.0,0.20910645,1,0,FAULTY,GOOD,False,0.17822265625
/kaggle/working/processed/fe625b98-ae3a-49a3-9f04-cc3eb98ace79_000000011425.png,1,1.0,0.4194336,1,1,FAULTY,FAULTY,True,0.17822265625
/kaggle/working/processed/79b1d133-61c5-4b18-a171-aebeaf61e6c9_000000003314.png,1,1.0,1.0,1,1,FAULTY,FAULTY,True,0.17822265625
/kaggle/working/processed/eb3f63de-7c0d-470c-a129-a368d59c95b9_000000032940.png,1,1.0,0.90478516,1,1,FAULTY,FAULTY,True,0.17822265625
/kaggle/working/processed/769d258e-7802-4a1d-b61e-3071c721d524_000000003833.png,1,1.0,0.60498047,1,1,FAULTY,FAULTY,True,0.17822265625
/kaggle/working/processed/5a206099-d807-476b-a17a-e67678cd675c_000000025808.png,1,1.0,0.70166016,1,1,FAULTY,FAULTY,True,0.17822265625
/kaggle/working/processed/9d1b34e0-adab-457f-8af1-6d482a4b00ae_000000009941.png,1,1.0,0.99609375,1,1,FAULTY,FAULTY,True,0.17822265625
/kaggle/working/processed/c4bb8672-8ad9-466c-9d40-ba4d7db84649_000000004119.png,0,6.0,0.2043457,1,0,FAULTY,GOOD,False,0.17822265625
/kaggle/working/processed/6d992eb3-8d07-4976-9350-dbf617189899_000000035319.png,1,1.0,1.0,1,1,FAULTY,FAULTY,True,0.17822265625
/kaggle/working/processed/8bfa3e1f-54db-48dc-8fd7-18507208dcaa_000000007516.png,0,1.0,0.12072754,0,0,GOOD,GOOD,True,0.17822265625
/kaggle/working/processed/fc9dfe6c-24e7-473f-a5f1-b8395e88c658_000000001531.png,0,1.0,0.10192871,0,0,GOOD,GOOD,True,0.17822265625
/kaggle/working/processed/16471697-c61b-4423-990b-c6aa1a4ccf66_000000027907.png,1,1.0,0.99316406,1,1,FAULTY,FAULTY,True,0.17822265625
/kaggle/working/processed/5fcdf8c3-6f94-4b22-9fac-590b636948b9_000000015060.png,0,1.0,0.18273926,1,0,FAULTY,GOOD,False,0.17822265625
/kaggle/working/processed/6384efc2-766a-41aa-b7de-16b58685cee1_000000017015.png,1,1.0,0.9609375,1,1,FAULTY,FAULTY,True,0.17822265625
/kaggle/working/processed/b00ac95e-aff1-4d58-9b4a-544f4fb9db82_000000010093.png,1,1.0,0.99609375,1,1,FAULTY,FAULTY,True,0.17822265625
/kaggle/working/processed/243cee99-357d-430d-9df5-eead38d27a2d_000000019689.png,0,1.0,0.17492676,0,0,GOOD,GOOD,True,0.17822265625
/kaggle/working/processed/3170f88e-6b39-4aef-8e3f-67c832e6012f_000000017096.png,1,1.0,0.98535156,1,1,FAULTY,FAULTY,True,0.17822265625
/kaggle/working/processed/f1dfc799-426b-44b4-8bc9-e333a86a9f91_000000017953.png,0,6.0,0.26391602,1,0,FAULTY,GOOD,False,0.17822265625
/kaggle/working/processed/4dacaece-91a0-4b0f-8b02-42ea8c92414e_000000027352.png,1,1.0,0.9970703,1,1,FAULTY,FAULTY,True,0.17822265625
/kaggle/working/processed/639941d5-b435-4d2f-9c9d-3899d3d68a7d_000000030984.png,1,1.0,0.54785156,1,1,FAULTY,FAULTY,True,0.17822265625
/kaggle/working/processed/7401893f-8329-4f0e-b4ce-920cdb407605_000000030443.png,1,1.0,0.91552734,1,1,FAULTY,FAULTY,True,0.17822265625
/kaggle/working/processed/07ea5d49-1ae2-423d-aacf-62cfa3f27ac7_000000001420.png,1,1.0,1.0,1,1,FAULTY,FAULTY,True,0.17822265625
/kaggle/working/processed/b041a91c-d91b-4f2d-9365-1a7d652253a5_000000007990.png,1,1.0,0.88427734,1,1,FAULTY,FAULTY,True,0.17822265625
/kaggle/working/processed/c97e28af-16ba-4191-943f-3593e54788e2_000000017218.png,1,1.0,1.0,1,1,FAULTY,FAULTY,True,0.17822265625
/kaggle/working/processed/1f8be5ee-e843-40bd-94d0-fb6a2b3ac38e_000000002632.png,1,1.0,0.45532227,1,1,FAULTY,FAULTY,True,0.17822265625
/kaggle/working/processed/45d6b993-face-43f1-9f0b-e9fca17d4fcf_000000018271.png,0,6.0,0.20727539,1,0,FAULTY,GOOD,False,0.17822265625
/kaggle/working/processed/c212ffe6-9214-4c02-8a58-c00a6a31f6d4_000000034674.png,1,1.0,0.89746094,1,1,FAULTY,FAULTY,True,0.17822265625
/kaggle/working/processed/3e9eecd5-1d35-4a68-aa72-07463bcf757c_000000005243.png,1,1.0,0.9980469,1,1,FAULTY,FAULTY,True,0.17822265625
/kaggle/working/processed/f0510a5b-7100-4d43-8460-4f191654b1d7_000000020230.png,1,1.0,0.55078125,1,1,FAULTY,FAULTY,True,0.17822265625
/kaggle/working/processed/4af05ef9-5d4b-47e6-9a6d-6320105341cf_000000022604.png,0,1.0,0.21899414,1,0,FAULTY,GOOD,False,0.17822265625
/kaggle/working/processed/f962c0af-846e-40d1-9e11-dcbc82b57182_000000014782.png,0,1.0,0.22570801,1,0,FAULTY,GOOD,False,0.17822265625
/kaggle/working/processed/847e12c8-c17b-469a-89c8-c58f30d10b14_000000022292.png,1,1.0,0.9951172,1,1,FAULTY,FAULTY,True,0.17822265625
/kaggle/working/processed/6c2bcd4a-51fb-44bd-8a2d-e02d72205e1f_000000000652.png,0,1.0,0.113586426,0,0,GOOD,GOOD,True,0.17822265625
/kaggle/working/processed/85574ed8-5b6b-40e2-b73d-9ce82b70f80d_000000026284.png,0,1.0,0.023071289,0,0,GOOD,GOOD,True,0.17822265625
/kaggle/working/processed/9ddd259f-43fb-443a-8826-bffa994c79b8_000000027033.png,1,1.0,0.9980469,1,1,FAULTY,FAULTY,True,0.17822265625
/kaggle/working/processed/7b465a20-9b7c-46d1-8194-bc18707e10d5_000000033090.png,0,6.0,0.22631836,1,0,FAULTY,GOOD,False,0.17822265625
/kaggle/working/processed/299529d2-f460-4664-a051-a9f95a9707df_000000007560.png,0,1.0,0.046905518,0,0,GOOD,GOOD,True,0.17822265625
/kaggle/working/processed/e868eb63-7ada-4326-901c-efc45982ac47_000000012309.png,1,1.0,1.0,1,1,FAULTY,FAULTY,True,0.17822265625
/kaggle/working/processed/6a1ed756-0c98-4590-abc4-3fa0797b33a8_000000008412.png,0,1.0,0.1484375,0,0,GOOD,GOOD,True,0.17822265625
/kaggle/working/processed/cba3a9b9-0d03-4e30-9688-ba0210ce5122_000000025333.png,1,4.0,0.19702148,1,1,FAULTY,FAULTY,True,0.17822265625
/kaggle/working/processed/93974e63-d343-4443-af6e-3577a75ccdd6_000000029775.png,1,1.0,0.9975586,1,1,FAULTY,FAULTY,True,0.17822265625
/kaggle/working/processed/fb377ed3-2922-413e-8ec0-8e56717c9176_000000008146.png,1,1.0,0.9135742,1,1,FAULTY,FAULTY,True,0.17822265625
/kaggle/working/processed/197a2236-e79a-407f-9730-6dbca56ce09b_000000019086.png,0,1.0,0.29882812,1,0,FAULTY,GOOD,False,0.17822265625
/kaggle/working/processed/fa55a351-b1da-484f-b216-93d1bfdcdb70_000000000969.png,1,1.0,0.97314453,1,1,FAULTY,FAULTY,True,0.17822265625
/kaggle/working/processed/414abe2c-1768-4e05-82bb-7139e5e060b4_000000034747.png,0,1.0,0.16577148,0,0,GOOD,GOOD,True,0.17822265625
/kaggle/working/processed/cc49dcf9-7c36-40c7-a65d-f6de21a9e69b_000000033688.png,0,1.0,0.08343506,0,0,GOOD,GOOD,True,0.17822265625
/kaggle/working/processed/b8dc4645-9dfe-4b72-8676-02a6c8b6983d_000000016171.png,0,1.0,0.14367676,0,0,GOOD,GOOD,True,0.17822265625
/kaggle/working/processed/03158ae4-0a8e-40f5-b875-7972146d1542_000000034486.png,1,1.0,0.9897461,1,1,FAULTY,FAULTY,True,0.17822265625
/kaggle/working/processed/863bba7d-4ec4-4dd8-8557-2adfe850de32_000000023194.png,0,6.0,0.19897461,1,0,FAULTY,GOOD,False,0.17822265625
/kaggle/working/processed/adac0ef1-d629-4833-9595-2a469a79e264_000000024538.png,0,6.0,0.26367188,1,0,FAULTY,GOOD,False,0.17822265625
/kaggle/working/processed/0828ac4e-879d-40d9-b147-93e6212204ad_000000029582.png,1,1.0,0.87939453,1,1,FAULTY,FAULTY,True,0.17822265625
/kaggle/working/processed/41390bda-d8da-4492-84b5-78c382af4941_000000008592.png,0,1.0,0.1706543,0,0,GOOD,GOOD,True,0.17822265625
/kaggle/working/processed/d4059b5e-4b7c-42b1-b918-eeaafac74476_000000007137.png,0,1.0,0.10797119,0,0,GOOD,GOOD,True,0.17822265625
/kaggle/working/processed/113f8d3c-af15-4639-a2ea-ca587ea539d4_000000018192.png,0,1.0,0.054107666,0,0,GOOD,GOOD,True,0.17822265625
/kaggle/working/processed/8c15af74-e3f0-4177-93bb-969dd909f6ad_000000024418.png,1,1.0,0.9975586,1,1,FAULTY,FAULTY,True,0.17822265625
/kaggle/working/processed/970a2892-a039-4e87-8fb4-5d7f1edd46e1_000000020111.png,1,1.0,1.0,1,1,FAULTY,FAULTY,True,0.17822265625
/kaggle/working/processed/4dbe9080-a5d1-40d9-b29b-ea78e63dae10_000000028186.png,0,6.0,0.14416504,0,0,GOOD,GOOD,True,0.17822265625
/kaggle/working/processed/4c80d81d-d019-4628-b268-2054f8786186_000000012612.png,1,1.0,0.9794922,1,1,FAULTY,FAULTY,True,0.17822265625
/kaggle/working/processed/c2c00436-f48e-4a9c-b58a-a4422a52edce_000000026295.png,0,6.0,0.28198242,1,0,FAULTY,GOOD,False,0.17822265625
/kaggle/working/processed/1602fba5-6c82-47fd-9d10-d6e414690bee_000000021792.png,0,6.0,0.16333008,0,0,GOOD,GOOD,True,0.17822265625
/kaggle/working/processed/3e7b6c85-4282-4b45-a156-27065d18260a_000000004204.png,0,1.0,0.118774414,0,0,GOOD,GOOD,True,0.17822265625
/kaggle/working/processed/a57a9474-4f53-4e37-ad2f-cfd83e17d8e5_000000004232.png,1,1.0,0.9458008,1,1,FAULTY,FAULTY,True,0.17822265625
/kaggle/working/processed/a916071f-08cc-447e-a3ec-cd5d6f64e045_000000034344.png,1,1.0,0.9316406,1,1,FAULTY,FAULTY,True,0.17822265625
/kaggle/working/processed/74294833-8532-48a5-80b5-29962414d154_000000017661.png,0,1.0,0.1315918,0,0,GOOD,GOOD,True,0.17822265625
/kaggle/working/processed/1a2d6b4c-e7c6-4deb-98c7-180f81369fa4_000000019067.png,0,6.0,0.12420654,0,0,GOOD,GOOD,True,0.17822265625
/kaggle/working/processed/3fcafd20-aa62-4570-bf52-35eba57df73c_000000032752.png,1,1.0,0.99902344,1,1,FAULTY,FAULTY,True,0.17822265625
/kaggle/working/processed/a616600a-38f8-45ce-8243-2a7ac33fe757_000000025066.png,1,1.0,0.9921875,1,1,FAULTY,FAULTY,True,0.17822265625
/kaggle/working/processed/b14a665c-f84a-4ca7-b4f2-62d821005427_000000016756.png,0,1.0,0.14233398,0,0,GOOD,GOOD,True,0.17822265625
/kaggle/working/processed/94e4b96f-7f21-46cd-a444-3db3e3648204_000000031286.png,1,1.0,0.9868164,1,1,FAULTY,FAULTY,True,0.17822265625
/kaggle/working/processed/368d3714-5019-4f8d-bbae-0839a977ca8b_000000024904.png,1,1.0,0.96972656,1,1,FAULTY,FAULTY,True,0.17822265625
/kaggle/working/processed/6cbba21d-3ec6-42a8-a6b4-b78aacb2410d_000000004852.png,0,6.0,0.24597168,1,0,FAULTY,GOOD,False,0.17822265625
/kaggle/working/processed/3437c3a7-6edc-4aca-9880-e3be14f26039_000000013170.png,1,1.0,1.0,1,1,FAULTY,FAULTY,True,0.17822265625
/kaggle/working/processed/8d3c3cfb-92f8-4df7-af23-ca64dbd761cc_000000006582.png,1,1.0,1.0,1,1,FAULTY,FAULTY,True,0.17822265625
/kaggle/working/processed/17d54c0f-5bde-4a36-a110-c8cfad195682_000000027003.png,0,1.0,0.06085205,0,0,GOOD,GOOD,True,0.17822265625
/kaggle/working/processed/eaa09865-29dc-4471-b6ec-e7465f6fb21a_000000010477.png,1,1.0,1.0,1,1,FAULTY,FAULTY,True,0.17822265625
/kaggle/working/processed/fc90e3c2-c6d9-4e4a-a48a-6de724dbf610_000000028079.png,0,1.0,0.105773926,0,0,GOOD,GOOD,True,0.17822265625
/kaggle/working/processed/0fce3d7a-690a-441d-be19-b8ec47cc5d54_000000001211.png,0,6.0,0.38891602,1,0,FAULTY,GOOD,False,0.17822265625
/kaggle/working/processed/0f26391f-1b53-4b18-bafb-9ec96310acd9_000000003389.png,0,6.0,0.21008301,1,0,FAULTY,GOOD,False,0.17822265625
/kaggle/working/processed/3f237b58-3e28-445a-8d55-29f0830cf176_000000000984.png,0,1.0,0.091552734,0,0,GOOD,GOOD,True,0.17822265625
/kaggle/working/processed/56b8f2e3-886a-459c-822a-0998d634df95_000000029112.png,0,6.0,0.30859375,1,0,FAULTY,GOOD,False,0.17822265625
/kaggle/working/processed/7837c150-0d56-4272-8478-446e254ab39b_000000023785.png,0,1.0,0.10522461,0,0,GOOD,GOOD,True,0.17822265625
/kaggle/working/processed/c8d12ab6-4a1d-4267-ba34-4f1f2fa62be8_000000004640.png,0,1.0,0.10559082,0,0,GOOD,GOOD,True,0.17822265625
/kaggle/working/processed/e3345a11-9f79-4254-a2da-f234cdde2d1c_000000014972.png,0,6.0,0.078063965,0,0,GOOD,GOOD,True,0.17822265625
/kaggle/working/processed/69768da8-61d3-4072-bd85-45c3da976a10_000000018875.png,1,1.0,0.99902344,1,1,FAULTY,FAULTY,True,0.17822265625
/kaggle/working/processed/b0fa1afa-f50c-42a3-8595-895ee8b23ac3_000000001373.png,1,1.0,1.0,1,1,FAULTY,FAULTY,True,0.17822265625
/kaggle/working/processed/109182eb-8209-4ed2-ab91-0cf9b85de241_000000012587.png,0,1.0,0.12536621,0,0,GOOD,GOOD,True,0.17822265625
/kaggle/working/processed/0f460601-e0c5-40a8-9d84-2560da4fbadd_000000030480.png,1,1.0,0.99853516,1,1,FAULTY,FAULTY,True,0.17822265625
/kaggle/working/processed/bad154ee-78e6-49ba-87a1-1a0bd5e6f44d_000000005580.png,1,1.0,0.6015625,1,1,FAULTY,FAULTY,True,0.17822265625
/kaggle/working/processed/ef0213d1-f65f-45da-94f9-762abcabac17_000000005666.png,1,1.0,0.9267578,1,1,FAULTY,FAULTY,True,0.17822265625
/kaggle/working/processed/8672244c-1b5a-463a-8239-d70d00111945_000000020928.png,1,1.0,1.0,1,1,FAULTY,FAULTY,True,0.17822265625
/kaggle/working/processed/fb291158-860a-42ee-b812-874ec2ce757b_000000003260.png,0,1.0,0.07977295,0,0,GOOD,GOOD,True,0.17822265625
/kaggle/working/processed/9ce63c6a-a675-4e7a-8224-1769130b8c60_000000025278.png,1,1.0,0.63183594,1,1,FAULTY,FAULTY,True,0.17822265625
/kaggle/working/processed/ce0eec6e-94bf-4aa8-b086-a1ae2bf67d48_000000009484.png,1,1.0,0.8520508,1,1,FAULTY,FAULTY,True,0.17822265625
/kaggle/working/processed/80e60b08-1839-4c83-8029-12f9b1f64478_000000021217.png,1,1.0,0.71533203,1,1,FAULTY,FAULTY,True,0.17822265625
/kaggle/working/processed/ca6047f0-8970-4944-a2c6-fa44f50004ab_000000008259.png,0,6.0,0.18115234,1,0,FAULTY,GOOD,False,0.17822265625
/kaggle/working/processed/17afd372-90cc-4321-ac49-652153e0006d_000000022440.png,1,1.0,0.9682617,1,1,FAULTY,FAULTY,True,0.17822265625
/kaggle/working/processed/c664605a-6a5c-403c-90f7-bedd99963fb0_000000008071.png,1,1.0,1.0,1,1,FAULTY,FAULTY,True,0.17822265625
/kaggle/working/processed/24d0ca59-2b90-4d96-bc50-f57532ccb9f3_000000004500.png,1,1.0,0.9589844,1,1,FAULTY,FAULTY,True,0.17822265625
/kaggle/working/processed/08f65610-ef17-402f-87f9-b24672c113bf_000000005186.png,1,1.0,0.9995117,1,1,FAULTY,FAULTY,True,0.17822265625
/kaggle/working/processed/d0c2d06f-8ad0-4a82-bb0b-ff118c40ef79_000000006736.png,1,1.0,0.9995117,1,1,FAULTY,FAULTY,True,0.17822265625
/kaggle/working/processed/3fe8a0cd-16ef-4886-9ed4-e3d97ce50022_000000016361.png,0,1.0,0.103027344,0,0,GOOD,GOOD,True,0.17822265625
/kaggle/working/processed/82f0a1d7-8dce-4a07-b55c-aafca94a6676_000000018800.png,1,1.0,0.8598633,1,1,FAULTY,FAULTY,True,0.17822265625
/kaggle/working/processed/7eb3e0c5-91a7-4d5d-be3a-2631f4947004_000000004712.png,0,1.0,0.089782715,0,0,GOOD,GOOD,True,0.17822265625
/kaggle/working/processed/227b48f4-4138-4c3a-b67a-0b4132145b7f_000000024325.png,1,1.0,0.99365234,1,1,FAULTY,FAULTY,True,0.17822265625
/kaggle/working/processed/b1580b83-8fbe-40c1-8115-d614813f16b4_000000009610.png,1,1.0,0.9995117,1,1,FAULTY,FAULTY,True,0.17822265625
/kaggle/working/processed/7962b070-393b-4ffa-aded-e768275c1cae_000000016570.png,0,1.0,0.1184082,0,0,GOOD,GOOD,True,0.17822265625
/kaggle/working/processed/a249fa6c-6a84-46c8-adf4-a0340e1fd687_000000020208.png,1,1.0,1.0,1,1,FAULTY,FAULTY,True,0.17822265625
/kaggle/working/processed/8ca36872-f6cc-4017-84cd-6ccc1a95c2e8_000000026134.png,0,6.0,0.43725586,1,0,FAULTY,GOOD,False,0.17822265625
/kaggle/working/processed/95e61596-104b-4fdb-b6a1-0498e3d12524_000000030966.png,1,1.0,1.0,1,1,FAULTY,FAULTY,True,0.17822265625
/kaggle/working/processed/78427ad9-4451-4aff-ba45-2b0fc7a2c645_000000018498.png,1,1.0,1.0,1,1,FAULTY,FAULTY,True,0.17822265625
/kaggle/working/processed/813eb1e2-98db-4944-ae91-9f978740561a_000000014384.png,1,1.0,0.6855469,1,1,FAULTY,FAULTY,True,0.17822265625
/kaggle/working/processed/2fbf300a-0b24-497f-8e1b-5bd55f2ed2a3_000000006919.png,1,1.0,1.0,1,1,FAULTY,FAULTY,True,0.17822265625
/kaggle/working/processed/f8e780f9-04c8-42cb-bf87-e30033bdc981_000000031616.png,1,1.0,0.99853516,1,1,FAULTY,FAULTY,True,0.17822265625
/kaggle/working/processed/0e74d8df-7752-4596-bcd7-d8865dc29b91_000000034890.png,0,6.0,0.09753418,0,0,GOOD,GOOD,True,0.17822265625
/kaggle/working/processed/7d171513-f042-4830-86c3-703b1220466e_000000005971.png,1,1.0,0.9790039,1,1,FAULTY,FAULTY,True,0.17822265625
/kaggle/working/processed/b166a28d-27ff-4b21-badd-f5627ff3f627_000000019720.png,1,1.0,0.98339844,1,1,FAULTY,FAULTY,True,0.17822265625
/kaggle/working/processed/0e19110c-1c31-4280-b2ae-96bbbba805de_000000019158.png,0,6.0,0.17980957,1,0,FAULTY,GOOD,False,0.17822265625
/kaggle/working/processed/cb657097-bcee-4351-96b5-1f588127fe85_000000011653.png,0,6.0,0.20007324,1,0,FAULTY,GOOD,False,0.17822265625
/kaggle/working/processed/890f457f-2712-43cb-8385-3fc8e6b06658_000000017587.png,1,1.0,0.97753906,1,1,FAULTY,FAULTY,True,0.17822265625
/kaggle/working/processed/4dc1bc2b-e5b7-43dd-9638-84bb90ed602e_000000027501.png,1,1.0,1.0,1,1,FAULTY,FAULTY,True,0.17822265625
/kaggle/working/processed/ebff0ce9-92ed-4634-9383-2db9686c7576_000000019333.png,0,1.0,0.03933716,0,0,GOOD,GOOD,True,0.17822265625
/kaggle/working/processed/66a4c9c4-93fa-4dff-85f8-bbd07ddcb577_000000018063.png,0,6.0,0.20812988,1,0,FAULTY,GOOD,False,0.17822265625
/kaggle/working/processed/21e0b111-c5c3-45ea-9a09-51a4cb7f7117_000000025942.png,0,1.0,0.13537598,0,0,GOOD,GOOD,True,0.17822265625
/kaggle/working/processed/a776e503-c4ab-49e0-b617-b336bd18dbcb_000000001920.png,0,1.0,0.08959961,0,0,GOOD,GOOD,True,0.17822265625
/kaggle/working/processed/fe7799ac-b62f-4e5f-af4a-9dec05fb7bb9_000000032670.png,1,1.0,0.9902344,1,1,FAULTY,FAULTY,True,0.17822265625
/kaggle/working/processed/5b28ea26-0872-4006-9729-838f91c2059c_000000021726.png,1,1.0,0.78466797,1,1,FAULTY,FAULTY,True,0.17822265625
/kaggle/working/processed/5ea232d8-d026-4bf4-b995-44ca858f20af_000000008431.png,0,6.0,0.13793945,0,0,GOOD,GOOD,True,0.17822265625
/kaggle/working/processed/d66e4401-43df-4e21-bd68-faab600ba5c6_000000023051.png,1,1.0,1.0,1,1,FAULTY,FAULTY,True,0.17822265625
/kaggle/working/processed/a2b9e804-66be-4dac-9dc6-b9db446b9a67_000000006608.png,0,1.0,0.13757324,0,0,GOOD,GOOD,True,0.17822265625
/kaggle/working/processed/e6b980d0-3e4f-40ba-9299-caf84032abfe_000000001798.png,1,1.0,1.0,1,1,FAULTY,FAULTY,True,0.17822265625
/kaggle/working/processed/3bf73ca5-785c-4e9b-8748-e39d8df55b0a_000000009901.png,0,1.0,0.12158203,0,0,GOOD,GOOD,True,0.17822265625
/kaggle/working/processed/72ea2077-2dde-4593-a117-3835dd41db36_000000009356.png,0,1.0,0.11437988,0,0,GOOD,GOOD,True,0.17822265625
/kaggle/working/processed/1b1a64f8-cfcb-4a71-b24b-e779e3d7f0a1_000000022544.png,0,1.0,0.078063965,0,0,GOOD,GOOD,True,0.17822265625
/kaggle/working/processed/21422fc1-cf65-408d-83bd-3cfab32e23fc_000000001115.png,1,1.0,0.9863281,1,1,FAULTY,FAULTY,True,0.17822265625
/kaggle/working/processed/9151c6a5-4db0-4248-831c-4d143c6b3759_000000001894.png,0,1.0,0.10357666,0,0,GOOD,GOOD,True,0.17822265625
/kaggle/working/processed/16018b24-70ce-46ac-9cb3-0cbecc39bd7c_000000004744.png,0,1.0,0.12841797,0,0,GOOD,GOOD,True,0.17822265625
/kaggle/working/processed/8fa415a6-be57-4dc5-b071-6959ca559984_000000013146.png,0,1.0,0.062927246,0,0,GOOD,GOOD,True,0.17822265625
/kaggle/working/processed/89d337f0-19a8-4803-8ed0-38c2fb7a1138_000000034929.png,1,1.0,1.0,1,1,FAULTY,FAULTY,True,0.17822265625
/kaggle/working/processed/67e975f2-abbb-40ed-b601-c36d0eae2aab_000000021497.png,0,6.0,0.21850586,1,0,FAULTY,GOOD,False,0.17822265625
/kaggle/working/processed/f4bce197-1d1c-4574-94fc-aa45474ded40_000000013407.png,0,1.0,0.07879639,0,0,GOOD,GOOD,True,0.17822265625
/kaggle/working/processed/bd3bf180-1413-435c-a98d-dd8ad7f62b17_000000018290.png,1,1.0,0.9995117,1,1,FAULTY,FAULTY,True,0.17822265625
/kaggle/working/processed/ad38bfc8-db1b-43e3-8413-a38197d127b4_000000022070.png,1,1.0,0.99609375,1,1,FAULTY,FAULTY,True,0.17822265625
/kaggle/working/processed/342e5c9b-bd34-4d79-b40d-02f5685904c9_000000029504.png,1,1.0,0.9995117,1,1,FAULTY,FAULTY,True,0.17822265625
/kaggle/working/processed/edca81f1-825e-4924-b559-744e56ddacf3_000000033610.png,1,1.0,0.6459961,1,1,FAULTY,FAULTY,True,0.17822265625
/kaggle/working/processed/0c84c3d7-b8b1-4901-a00d-6bb0737c38e8_000000027198.png,1,1.0,0.93652344,1,1,FAULTY,FAULTY,True,0.17822265625
/kaggle/working/processed/386c9366-164f-44f1-b94c-21faf189860f_000000009372.png,1,1.0,0.9716797,1,1,FAULTY,FAULTY,True,0.17822265625
/kaggle/working/processed/bfbe7ded-4e40-4c7a-a0ff-24c5a9da9292_000000017846.png,0,6.0,0.34814453,1,0,FAULTY,GOOD,False,0.17822265625
/kaggle/working/processed/742f9bf5-aee4-44fa-bbbb-92172c999c46_000000001738.png,1,1.0,0.73779297,1,1,FAULTY,FAULTY,True,0.17822265625
/kaggle/working/processed/81f2aa0f-3966-4107-bab8-591eef8cbf40_000000027891.png,1,1.0,1.0,1,1,FAULTY,FAULTY,True,0.17822265625
/kaggle/working/processed/dadc0d88-0024-4411-bf57-4fafa86f72ae_000000027856.png,0,1.0,0.12597656,0,0,GOOD,GOOD,True,0.17822265625
/kaggle/working/processed/f81cf02a-9676-449b-8aa9-30e674aea93b_000000005314.png,1,1.0,0.9980469,1,1,FAULTY,FAULTY,True,0.17822265625
/kaggle/working/processed/0071dedd-c945-4a30-a2f3-fd75053e79c9_000000008979.png,0,1.0,0.10070801,0,0,GOOD,GOOD,True,0.17822265625
/kaggle/working/processed/b3008358-7e83-4af8-899e-f685a85ade31_000000006333.png,0,1.0,0.08947754,0,0,GOOD,GOOD,True,0.17822265625
/kaggle/working/processed/84c25285-18ce-407e-82b3-eef4dc374492_000000005149.png,1,1.0,1.0,1,1,FAULTY,FAULTY,True,0.17822265625
/kaggle/working/processed/e2e872b5-d6cd-44bd-814b-cdfeef63e992_000000003730.png,1,1.0,0.99609375,1,1,FAULTY,FAULTY,True,0.17822265625
/kaggle/working/processed/8a33465e-9b5e-4ef9-9783-89d92fe9bb85_000000029103.png,1,1.0,0.9995117,1,1,FAULTY,FAULTY,True,0.17822265625
/kaggle/working/processed/41d33454-b743-4207-b80c-76e984833e6d_000000016675.png,1,1.0,0.9980469,1,1,FAULTY,FAULTY,True,0.17822265625
/kaggle/working/processed/64e75f3b-ec96-4ede-b17f-cee903b98855_000000013193.png,1,1.0,0.9453125,1,1,FAULTY,FAULTY,True,0.17822265625
/kaggle/working/processed/343e55b0-575a-4d04-9781-55bcab5c1228_000000009680.png,0,6.0,0.23937988,1,0,FAULTY,GOOD,False,0.17822265625
/kaggle/working/processed/a29262c7-5b0c-47fb-9271-9b982a97af8d_000000002437.png,1,1.0,1.0,1,1,FAULTY,FAULTY,True,0.17822265625
/kaggle/working/processed/037861a2-65ed-4f94-bd9a-c486a8a6cdbd_000000002370.png,0,6.0,0.14929199,0,0,GOOD,GOOD,True,0.17822265625
/kaggle/working/processed/24cbb1ea-01e6-4bc4-971b-cd84ab16d41a_000000026084.png,1,1.0,0.85546875,1,1,FAULTY,FAULTY,True,0.17822265625
/kaggle/working/processed/f66c17d8-11d0-4c70-bae1-26349dfc58ba_000000015152.png,0,6.0,0.09448242,0,0,GOOD,GOOD,True,0.17822265625
/kaggle/working/processed/5b3e6579-98b3-4687-916c-ad8d7fba1666_000000008456.png,1,1.0,0.9995117,1,1,FAULTY,FAULTY,True,0.17822265625
/kaggle/working/processed/4b1628a3-4f33-4089-916c-cf938cfeee5d_000000029331.png,0,1.0,0.07354736,0,0,GOOD,GOOD,True,0.17822265625
/kaggle/working/processed/698b338f-2309-4f47-bdcb-ecbd7da685a0_000000003185.png,0,1.0,0.08496094,0,0,GOOD,GOOD,True,0.17822265625
/kaggle/working/processed/77584839-eddd-4cfd-a508-9231a188009c_000000028241.png,1,1.0,0.98828125,1,1,FAULTY,FAULTY,True,0.17822265625
/kaggle/working/processed/2910e297-348a-420c-9ef7-cb7ff3c43e98_000000026990.png,1,1.0,0.90771484,1,1,FAULTY,FAULTY,True,0.17822265625
/kaggle/working/processed/504a6690-a3cf-46df-8e51-49913ecb9648_000000008683.png,0,1.0,0.123046875,0,0,GOOD,GOOD,True,0.17822265625
/kaggle/working/processed/6d945e1f-881f-46a8-80ff-ce5aaf4c89f4_000000011744.png,0,1.0,0.04977417,0,0,GOOD,GOOD,True,0.17822265625
/kaggle/working/processed/1c3d988c-ffd0-480a-9c0c-ed3c69bd76fe_000000008989.png,1,1.0,0.9970703,1,1,FAULTY,FAULTY,True,0.17822265625
/kaggle/working/processed/13910746-d8cc-4eb9-9997-b15986c524f8_000000033902.png,0,1.0,0.094177246,0,0,GOOD,GOOD,True,0.17822265625
/kaggle/working/processed/cde952ea-1acf-4725-97a0-f68cd6e39199_000000022963.png,1,1.0,0.99902344,1,1,FAULTY,FAULTY,True,0.17822265625
/kaggle/working/processed/74d81ff7-cf6b-48b1-8313-849962eea58d_000000031791.png,0,1.0,0.050323486,0,0,GOOD,GOOD,True,0.17822265625
/kaggle/working/processed/ea677f42-e9de-4138-bbb7-4fbde8cb6873_000000000851.png,1,1.0,0.85791016,1,1,FAULTY,FAULTY,True,0.17822265625
/kaggle/working/processed/b34632d1-632e-40ad-9531-b102c3346640_000000003590.png,0,6.0,0.109313965,0,0,GOOD,GOOD,True,0.17822265625
/kaggle/working/processed/8ff2a6e4-de37-4587-af73-acbba87c7e23_000000033113.png,0,1.0,0.1776123,0,0,GOOD,GOOD,True,0.17822265625
/kaggle/working/processed/5658a7cf-be47-482b-a3fd-9d854acea726_000000005357.png,0,1.0,0.10992432,0,0,GOOD,GOOD,True,0.17822265625
/kaggle/working/processed/eaa0249c-bd88-4546-aa69-68fc5c2ad57b_000000015976.png,0,6.0,0.15686035,0,0,GOOD,GOOD,True,0.17822265625
/kaggle/working/processed/86aaf5ce-9161-49bf-86d2-2634459223fc_000000011646.png,0,6.0,0.10913086,0,0,GOOD,GOOD,True,0.17822265625
/kaggle/working/processed/b18d3455-8de5-4854-b8af-698cf77ba5f8_000000025929.png,0,1.0,0.13781738,0,0,GOOD,GOOD,True,0.17822265625
/kaggle/working/processed/59f5220c-399d-4cce-8c4a-31668218b6d4_000000009743.png,0,6.0,0.22216797,1,0,FAULTY,GOOD,False,0.17822265625
/kaggle/working/processed/33aa85b7-1eb4-4494-90ef-cda951ea8b43_000000004715.png,1,1.0,0.94677734,1,1,FAULTY,FAULTY,True,0.17822265625
/kaggle/working/processed/1d617409-4564-4f7f-a3a6-c19ef7d8438e_000000006697.png,1,1.0,1.0,1,1,FAULTY,FAULTY,True,0.17822265625
/kaggle/working/processed/5be0a00a-d6ff-48a5-84e7-9c3bcddb1938_000000011776.png,1,1.0,0.9995117,1,1,FAULTY,FAULTY,True,0.17822265625
/kaggle/working/processed/c283c398-8db4-4c0a-a51d-0eef039396db_000000025511.png,0,6.0,0.3371582,1,0,FAULTY,GOOD,False,0.17822265625
/kaggle/working/processed/d62edfa9-29d2-42c3-b42e-9f8ae88e021f_000000031351.png,1,1.0,1.0,1,1,FAULTY,FAULTY,True,0.17822265625
/kaggle/working/processed/0d75ec4f-9b9b-4dd7-9925-e11ebd68945f_000000014303.png,1,1.0,1.0,1,1,FAULTY,FAULTY,True,0.17822265625
/kaggle/working/processed/9935e0e9-1b2d-4fd4-acc2-12991ef46154_000000031951.png,1,1.0,0.99609375,1,1,FAULTY,FAULTY,True,0.17822265625
/kaggle/working/processed/048426a5-7f04-46a0-bdd9-167b3ea0348a_000000015799.png,1,1.0,0.9975586,1,1,FAULTY,FAULTY,True,0.17822265625
/kaggle/working/processed/a904ab0a-1c49-4a73-bbcd-911712cbd5cb_000000008660.png,1,1.0,0.8457031,1,1,FAULTY,FAULTY,True,0.17822265625
/kaggle/working/processed/93b1f051-d18e-4e4b-8036-3b118acf6116_000000006706.png,1,1.0,0.99560547,1,1,FAULTY,FAULTY,True,0.17822265625
/kaggle/working/processed/46551c63-3ed3-42ea-ba0b-17095acbd2eb_000000005244.png,1,1.0,1.0,1,1,FAULTY,FAULTY,True,0.17822265625
/kaggle/working/processed/c64a32c3-27a9-45ef-a3ca-ab9c3b5088e1_000000003669.png,1,1.0,0.94921875,1,1,FAULTY,FAULTY,True,0.17822265625
/kaggle/working/processed/a447b333-70fa-4078-a5b4-52fe827087cd_000000014363.png,1,1.0,0.9995117,1,1,FAULTY,FAULTY,True,0.17822265625
/kaggle/working/processed/f4692028-025f-4425-bd12-cc822f72b036_000000029205.png,0,1.0,0.083618164,0,0,GOOD,GOOD,True,0.17822265625
/kaggle/working/processed/40be8415-fab6-4274-a940-203f56bb4fc9_000000011622.png,0,1.0,0.103393555,0,0,GOOD,GOOD,True,0.17822265625
/kaggle/working/processed/2012d139-c710-4c9e-9861-bbe9721cb83b_000000023837.png,1,1.0,1.0,1,1,FAULTY,FAULTY,True,0.17822265625
/kaggle/working/processed/29c455a8-961d-43fa-bb64-8796e59ee9ab_000000029711.png,1,1.0,0.99609375,1,1,FAULTY,FAULTY,True,0.17822265625
/kaggle/working/processed/95f3cf00-e68b-4984-8ab6-5a73d9dbf10e_000000010285.png,1,1.0,0.9770508,1,1,FAULTY,FAULTY,True,0.17822265625
/kaggle/working/processed/3f5375f8-7030-4d4f-8113-31e806b1c64d_000000010676.png,1,1.0,0.6591797,1,1,FAULTY,FAULTY,True,0.17822265625
/kaggle/working/processed/c2ddabf3-9cff-47ec-b037-2df693f62fd4_000000024043.png,0,1.0,0.02508545,0,0,GOOD,GOOD,True,0.17822265625
/kaggle/working/processed/2ef00c0f-ea9c-4d1c-8769-ec4218af9beb_000000011109.png,0,1.0,0.066833496,0,0,GOOD,GOOD,True,0.17822265625
/kaggle/working/processed/a38d2cad-613b-4658-a8cb-effcc9723de4_000000032691.png,1,1.0,1.0,1,1,FAULTY,FAULTY,True,0.17822265625
/kaggle/working/processed/9907bfd1-aef9-46ea-b3b3-16457397c449_000000008596.png,1,1.0,0.99609375,1,1,FAULTY,FAULTY,True,0.17822265625
/kaggle/working/processed/95d6dbdb-f66e-4462-836d-2dc10e03e482_000000034484.png,0,1.0,0.15991211,0,0,GOOD,GOOD,True,0.17822265625
/kaggle/working/processed/b16b28f0-ffb4-46ee-94f7-db4857aa4f6e_000000025338.png,0,6.0,0.31469727,1,0,FAULTY,GOOD,False,0.17822265625
/kaggle/working/processed/12ec5a10-91fe-40cb-9447-192b748d7c71_000000000066.png,1,1.0,1.0,1,1,FAULTY,FAULTY,True,0.17822265625
/kaggle/working/processed/89bdffd7-e38c-47bd-9dfb-7a2c8f638c93_000000033286.png,1,1.0,0.9980469,1,1,FAULTY,FAULTY,True,0.17822265625
/kaggle/working/processed/0f3cb35c-8e9b-4e79-babc-06f79cee4c97_000000014460.png,0,1.0,0.11260986,0,0,GOOD,GOOD,True,0.17822265625
/kaggle/working/processed/e09bbd32-1bf6-4e34-8fda-99bc029f2477_000000012108.png,0,6.0,0.1394043,0,0,GOOD,GOOD,True,0.17822265625
/kaggle/working/processed/56c58886-5311-44ba-9fe4-4f3996a76f05_000000003361.png,0,6.0,0.23754883,1,0,FAULTY,GOOD,False,0.17822265625
/kaggle/working/processed/0bc08c7c-5f6e-444e-8a34-7e51e5aacd91_000000032734.png,0,1.0,0.047607422,0,0,GOOD,GOOD,True,0.17822265625
/kaggle/working/processed/dd7ef09f-7dee-415f-a8ab-bbe41ed5ebb3_000000021391.png,0,1.0,0.17028809,0,0,GOOD,GOOD,True,0.17822265625
/kaggle/working/processed/ed22f51c-f062-4bc1-a044-6ec11a3763c0_000000016955.png,1,1.0,0.56347656,1,1,FAULTY,FAULTY,True,0.17822265625
/kaggle/working/processed/ecf15d5b-a619-45af-a3d8-045b0e249ab3_000000034574.png,0,6.0,0.14868164,0,0,GOOD,GOOD,True,0.17822265625
/kaggle/working/processed/69067154-d74f-46e4-b425-135f7f6187e1_000000029397.png,0,1.0,0.0552063,0,0,GOOD,GOOD,True,0.17822265625
/kaggle/working/processed/4b2f1469-6b38-4778-b97f-41ce8158c865_000000006191.png,0,1.0,0.038757324,0,0,GOOD,GOOD,True,0.17822265625
/kaggle/working/processed/85283afc-b860-4f0a-a261-94f9743ccaf4_000000023524.png,0,6.0,0.30566406,1,0,FAULTY,GOOD,False,0.17822265625
/kaggle/working/processed/354a06a6-e6ab-4298-8fc2-1fd8cb43ff8f_000000034808.png,0,6.0,0.18981934,1,0,FAULTY,GOOD,False,0.17822265625
/kaggle/working/processed/f47c87e2-6076-4aee-ac0c-54fb2843ba45_000000011042.png,1,1.0,1.0,1,1,FAULTY,FAULTY,True,0.17822265625
/kaggle/working/processed/4d181947-766a-4b6a-91eb-0a2bf7801eae_000000015951.png,1,1.0,0.99902344,1,1,FAULTY,FAULTY,True,0.17822265625
/kaggle/working/processed/82f979a7-1698-4aef-a244-c7a311cffbc1_000000023990.png,0,1.0,0.021942139,0,0,GOOD,GOOD,True,0.17822265625
/kaggle/working/processed/c5478eb8-3f58-492f-a552-77cfd11de0c2_000000005682.png,1,1.0,0.72314453,1,1,FAULTY,FAULTY,True,0.17822265625
/kaggle/working/processed/90dbf9e2-f5e1-490a-9477-95156df8d0e5_000000009505.png,1,1.0,0.22180176,1,1,FAULTY,FAULTY,True,0.17822265625
/kaggle/working/processed/d954adf1-a6ae-498b-84b1-b9e581ae6e8a_000000011986.png,1,1.0,0.9975586,1,1,FAULTY,FAULTY,True,0.17822265625
/kaggle/working/processed/4d2167e3-d453-4545-aa60-acfb4ef8a63f_000000010793.png,1,1.0,0.99365234,1,1,FAULTY,FAULTY,True,0.17822265625
/kaggle/working/processed/faa0855a-7af4-4d36-b870-efb766f8d6b0_000000022887.png,0,6.0,0.65234375,1,0,FAULTY,GOOD,False,0.17822265625
/kaggle/working/processed/8a941ece-6889-4585-a0e8-e8343b2ae4b8_000000019165.png,1,1.0,0.68896484,1,1,FAULTY,FAULTY,True,0.17822265625
/kaggle/working/processed/5216cea0-bb36-4597-9e64-7a0b9aa6d86b_000000030751.png,1,1.0,1.0,1,1,FAULTY,FAULTY,True,0.17822265625
/kaggle/working/processed/1be24193-1dba-4e0e-9fab-b6873b9c4ecb_000000015408.png,1,1.0,0.8754883,1,1,FAULTY,FAULTY,True,0.17822265625
/kaggle/working/processed/61506d8b-0dc0-4469-9452-838b605f076c_000000027208.png,1,1.0,0.57666016,1,1,FAULTY,FAULTY,True,0.17822265625
/kaggle/working/processed/3a8f058f-6c0f-4281-ae5d-c84ff9f95448_000000013917.png,1,1.0,0.9941406,1,1,FAULTY,FAULTY,True,0.17822265625
/kaggle/working/processed/7f59fe62-6bdc-4706-89b4-8ca8c62b2d7a_000000025011.png,0,1.0,0.12988281,0,0,GOOD,GOOD,True,0.17822265625
/kaggle/working/processed/8e6a0d29-3c13-4c54-ab0d-c097592cfdc2_000000029033.png,1,1.0,0.9995117,1,1,FAULTY,FAULTY,True,0.17822265625
/kaggle/working/processed/3e554851-05e6-4018-869a-62d31a17426d_000000011829.png,1,1.0,0.9995117,1,1,FAULTY,FAULTY,True,0.17822265625
/kaggle/working/processed/cab2d744-7960-4a60-a653-20f6ca52e46b_000000021131.png,1,1.0,0.9995117,1,1,FAULTY,FAULTY,True,0.17822265625
/kaggle/working/processed/b282151d-50bb-4275-9360-3a2a982b0eeb_000000015121.png,0,1.0,0.035491943,0,0,GOOD,GOOD,True,0.17822265625
/kaggle/working/processed/6c85e20b-c5c0-408e-97b3-f9b0ffbec249_000000019717.png,1,1.0,0.92333984,1,1,FAULTY,FAULTY,True,0.17822265625
/kaggle/working/processed/49366787-3fbe-4f91-bba7-3099a111372a_000000006992.png,1,1.0,0.99853516,1,1,FAULTY,FAULTY,True,0.17822265625
/kaggle/working/processed/9c117b44-3d78-45d9-a335-2f9664e30fd5_000000025796.png,1,1.0,0.84375,1,1,FAULTY,FAULTY,True,0.17822265625
/kaggle/working/processed/8e45d717-edef-437b-8e81-ca5b86c2346b_000000016559.png,1,1.0,0.95214844,1,1,FAULTY,FAULTY,True,0.17822265625
/kaggle/working/processed/3bc9b48a-e5e3-4da3-84f3-f705c70ff565_000000014562.png,0,1.0,0.113586426,0,0,GOOD,GOOD,True,0.17822265625
/kaggle/working/processed/b75242b2-8048-441d-98ff-815aa94cbe9c_000000026858.png,1,1.0,0.9682617,1,1,FAULTY,FAULTY,True,0.17822265625
/kaggle/working/processed/8ac59eab-82d1-46c0-91bb-a812de87ebc2_000000012503.png,1,1.0,1.0,1,1,FAULTY,FAULTY,True,0.17822265625
/kaggle/working/processed/66498767-5db9-4507-9dca-679f3eca1fe1_000000014595.png,1,1.0,0.9980469,1,1,FAULTY,FAULTY,True,0.17822265625
/kaggle/working/processed/c6e19554-ede2-4a3c-83ee-b9040ab77d85_000000008164.png,0,1.0,0.11859131,0,0,GOOD,GOOD,True,0.17822265625
/kaggle/working/processed/3ef282fd-f3c6-4536-ad87-aa40d99c0b75_000000028226.png,1,1.0,0.9736328,1,1,FAULTY,FAULTY,True,0.17822265625
/kaggle/working/processed/1e4fc88b-3808-4c40-82de-4e2a3aa090ae_000000019414.png,1,1.0,0.5410156,1,1,FAULTY,FAULTY,True,0.17822265625
/kaggle/working/processed/92974875-fb3f-4904-9fe9-eefc78ba9db8_000000024844.png,0,1.0,0.1463623,0,0,GOOD,GOOD,True,0.17822265625
/kaggle/working/processed/1af8045e-487c-4021-b916-a9ae06cd1089_000000000110.png,1,1.0,0.9707031,1,1,FAULTY,FAULTY,True,0.17822265625
/kaggle/working/processed/a10d7aa5-8c23-4639-9116-bbfee31b6496_000000021114.png,0,1.0,0.23718262,1,0,FAULTY,GOOD,False,0.17822265625
/kaggle/working/processed/e539f4cf-bc87-461c-9d5c-95bb526430a1_000000029207.png,0,1.0,0.08648682,0,0,GOOD,GOOD,True,0.17822265625
/kaggle/working/processed/92f2e8ce-b2f4-42cc-a450-e21a1fe9c679_000000029674.png,0,1.0,0.0491333,0,0,GOOD,GOOD,True,0.17822265625
/kaggle/working/processed/925cc6c7-ae23-4fc3-bcf3-5b4f249a28f5_000000025130.png,1,1.0,0.9916992,1,1,FAULTY,FAULTY,True,0.17822265625
/kaggle/working/processed/0058a47f-f159-4530-958e-308eb40c3c44_000000002357.png,0,1.0,0.05117798,0,0,GOOD,GOOD,True,0.17822265625
/kaggle/working/processed/79d43dcf-d3ea-4f05-97e7-e8eb8ddbda7b_000000001671.png,1,1.0,0.99121094,1,1,FAULTY,FAULTY,True,0.17822265625
/kaggle/working/processed/c617186f-ed34-46b7-a125-3ed06944d74b_000000016765.png,0,1.0,0.11816406,0,0,GOOD,GOOD,True,0.17822265625
/kaggle/working/processed/665afc92-9348-4ccc-8776-00bc005a20f1_000000023039.png,1,1.0,0.46606445,1,1,FAULTY,FAULTY,True,0.17822265625
/kaggle/working/processed/71abedce-840d-43db-a6f6-9bb6b7501f2c_000000029765.png,1,1.0,0.9941406,1,1,FAULTY,FAULTY,True,0.17822265625
/kaggle/working/processed/6ec860fd-a447-40a7-8c72-21931836bbe3_000000033917.png,1,1.0,1.0,1,1,FAULTY,FAULTY,True,0.17822265625
/kaggle/working/processed/9094295e-1d7a-48bd-8afd-59f566294db4_000000032078.png,1,1.0,0.9946289,1,1,FAULTY,FAULTY,True,0.17822265625
/kaggle/working/processed/cca0fa09-599d-465a-840e-d4bba94acc28_000000004891.png,0,1.0,0.1829834,1,0,FAULTY,GOOD,False,0.17822265625
/kaggle/working/processed/05d9096e-e3e5-4c15-a587-e3b56f999712_000000023429.png,0,1.0,0.14001465,0,0,GOOD,GOOD,True,0.17822265625
/kaggle/working/processed/37bcd245-d7fd-4902-9746-6846063b0898_000000018384.png,0,1.0,0.11010742,0,0,GOOD,GOOD,True,0.17822265625
/kaggle/working/processed/79a275b6-ad7f-4f2f-ad7c-5af7203f7c34_000000015026.png,1,1.0,0.97021484,1,1,FAULTY,FAULTY,True,0.17822265625
/kaggle/working/processed/7a112fc0-a069-48a1-803d-356be42e6412_000000014901.png,1,1.0,1.0,1,1,FAULTY,FAULTY,True,0.17822265625
/kaggle/working/processed/6734a3a8-8e9d-4422-9a1a-3d33146580bb_000000006431.png,1,1.0,0.9814453,1,1,FAULTY,FAULTY,True,0.17822265625
/kaggle/working/processed/a09a0446-203a-494a-ae46-13934a562952_000000007766.png,0,6.0,0.26293945,1,0,FAULTY,GOOD,False,0.17822265625
/kaggle/working/processed/94f1e340-4849-4c29-a38a-211d5b626000_000000022543.png,0,1.0,0.0151901245,0,0,GOOD,GOOD,True,0.17822265625
/kaggle/working/processed/64aa2035-a231-4ccd-80c0-636a18d8efe5_000000033983.png,0,1.0,0.087890625,0,0,GOOD,GOOD,True,0.17822265625
/kaggle/working/processed/19690cd5-fe78-42b6-88e0-e701409c88d8_000000034614.png,1,1.0,0.9057617,1,1,FAULTY,FAULTY,True,0.17822265625
/kaggle/working/processed/c880838b-88cf-4d58-b11a-79ea6eb700f3_000000029266.png,0,6.0,0.15905762,0,0,GOOD,GOOD,True,0.17822265625
/kaggle/working/processed/bcf648f3-f9c6-439f-9262-4a77bfa98560_000000020263.png,1,1.0,0.99853516,1,1,FAULTY,FAULTY,True,0.17822265625
/kaggle/working/processed/c7660325-3169-421d-a62a-cab537f88951_000000028127.png,1,1.0,0.9980469,1,1,FAULTY,FAULTY,True,0.17822265625
/kaggle/working/processed/71e63ee0-bc69-4a8a-9844-40d2e57ea6da_000000003675.png,1,1.0,1.0,1,1,FAULTY,FAULTY,True,0.17822265625
/kaggle/working/processed/67b08a51-dab8-42c1-b65a-251528a60fb3_000000005249.png,1,1.0,0.9658203,1,1,FAULTY,FAULTY,True,0.17822265625
/kaggle/working/processed/408ba598-a659-4853-a398-7b756baea62e_000000029811.png,0,6.0,0.18823242,1,0,FAULTY,GOOD,False,0.17822265625
/kaggle/working/processed/4353a7d1-6a3f-46ae-bf3a-39593488ba58_000000008841.png,0,1.0,0.09075928,0,0,GOOD,GOOD,True,0.17822265625
/kaggle/working/processed/61e945e3-f06b-42e2-96e5-056864f386a3_000000016986.png,0,1.0,0.15710449,0,0,GOOD,GOOD,True,0.17822265625
/kaggle/working/processed/f3b4d6ee-148b-47f7-916c-b4557a9531f5_000000033218.png,0,6.0,0.18933105,1,0,FAULTY,GOOD,False,0.17822265625
/kaggle/working/processed/6c55eb73-fef8-42b9-a615-86dbd0cc3c1d_000000017337.png,1,1.0,0.5473633,1,1,FAULTY,FAULTY,True,0.17822265625
/kaggle/working/processed/d19b26b1-8cd8-4bf2-85fb-e4a63fee3acb_000000021820.png,1,1.0,1.0,1,1,FAULTY,FAULTY,True,0.17822265625
/kaggle/working/processed/5a9672a1-7ba1-455f-9538-537c0e33f059_000000017163.png,1,1.0,0.9584961,1,1,FAULTY,FAULTY,True,0.17822265625
/kaggle/working/processed/9dbda69c-2950-4558-9df7-d47f7db755dd_000000013847.png,0,1.0,0.18151855,1,0,FAULTY,GOOD,False,0.17822265625
/kaggle/working/processed/93e30c58-e0fc-4056-b78d-2c57f9577c8d_000000025720.png,1,1.0,1.0,1,1,FAULTY,FAULTY,True,0.17822265625
/kaggle/working/processed/a2d3d8fe-32cd-4e4a-9235-d2970017bd4c_000000018248.png,1,1.0,0.6401367,1,1,FAULTY,FAULTY,True,0.17822265625
/kaggle/working/processed/a2e80fea-e567-42e8-aece-8e49690aa9e3_000000005303.png,0,6.0,0.5361328,1,0,FAULTY,GOOD,False,0.17822265625
/kaggle/working/processed/f008b8e2-5859-4ef5-b8e6-b6ba6db50db6_000000030763.png,1,1.0,0.86328125,1,1,FAULTY,FAULTY,True,0.17822265625
/kaggle/working/processed/f86784fe-b78d-402e-bfdb-aad5b0af30ad_000000000201.png,0,6.0,0.16564941,0,0,GOOD,GOOD,True,0.17822265625
/kaggle/working/processed/9b399a8f-570e-4fc0-b0de-5beab5f269a4_000000034982.png,0,6.0,0.20532227,1,0,FAULTY,GOOD,False,0.17822265625
/kaggle/working/processed/e8c7f583-48b3-4d7c-9eb7-90e942610d07_000000024787.png,0,1.0,0.118774414,0,0,GOOD,GOOD,True,0.17822265625
/kaggle/working/processed/0eff4ad0-c41b-4c8e-8e44-82515c95e109_000000005521.png,1,1.0,0.9868164,1,1,FAULTY,FAULTY,True,0.17822265625
/kaggle/working/processed/de0e58a1-d969-44a6-9dc0-f4a90611e008_000000010811.png,0,6.0,0.20214844,1,0,FAULTY,GOOD,False,0.17822265625
/kaggle/working/processed/56e85000-59b0-46b9-bd3c-5cac916b72ff_000000033767.png,0,1.0,0.015960693,0,0,GOOD,GOOD,True,0.17822265625
/kaggle/working/processed/56f557e7-1ff0-43d3-9c72-39ab60c08126_000000006066.png,1,1.0,0.85253906,1,1,FAULTY,FAULTY,True,0.17822265625
/kaggle/working/processed/2ed3ee02-0dba-4e89-a3cf-4b361a64ec22_000000006677.png,1,1.0,0.9614258,1,1,FAULTY,FAULTY,True,0.17822265625
/kaggle/working/processed/e94e1d67-9478-4228-b545-53733daea518_000000029045.png,0,1.0,0.07879639,0,0,GOOD,GOOD,True,0.17822265625
/kaggle/working/processed/4ca0421e-76c9-4eef-9ed3-ac7e4bee3ba6_000000011609.png,1,1.0,1.0,1,1,FAULTY,FAULTY,True,0.17822265625
/kaggle/working/processed/93ac65ce-a942-4e4e-9ae2-44224cca6c7a_000000003087.png,1,1.0,0.98779297,1,1,FAULTY,FAULTY,True,0.17822265625
/kaggle/working/processed/d5da1978-3e12-4492-bc44-0e8357e7caa9_000000008894.png,0,1.0,0.039123535,0,0,GOOD,GOOD,True,0.17822265625
/kaggle/working/processed/e8481e5e-fc8e-4f96-b1bc-a3a4828852b0_000000034814.png,1,4.0,0.053100586,0,1,GOOD,FAULTY,False,0.17822265625
/kaggle/working/processed/0f49e7d4-6f25-48ba-8fac-2ed150249c39_000000004440.png,0,1.0,0.11340332,0,0,GOOD,GOOD,True,0.17822265625
/kaggle/working/processed/df4526cf-ea1e-4eab-a1f6-36a9af200178_000000016596.png,1,1.0,1.0,1,1,FAULTY,FAULTY,True,0.17822265625
/kaggle/working/processed/4838bed3-e111-45f2-bb78-845a690ca2d3_000000011473.png,0,1.0,0.07019043,0,0,GOOD,GOOD,True,0.17822265625
/kaggle/working/processed/3f83e3ed-426c-437b-afca-69b4cc540d04_000000024463.png,0,6.0,0.03918457,0,0,GOOD,GOOD,True,0.17822265625
/kaggle/working/processed/a6ac9b32-7751-406f-b690-d1effec19b31_000000002476.png,0,6.0,0.31884766,1,0,FAULTY,GOOD,False,0.17822265625
/kaggle/working/processed/2d6add67-e46f-44e1-89c7-019912fb7f71_000000007732.png,0,1.0,0.058013916,0,0,GOOD,GOOD,True,0.17822265625
/kaggle/working/processed/2918a6bc-e823-49be-a75a-7f8b105f184c_000000006973.png,1,1.0,0.9892578,1,1,FAULTY,FAULTY,True,0.17822265625
/kaggle/working/processed/6730cbe1-2b56-4e2b-b52c-08c1aa1b2b09_000000022642.png,0,1.0,0.061431885,0,0,GOOD,GOOD,True,0.17822265625
/kaggle/working/processed/80da1c56-4c61-48af-b60e-927c2b443a88_000000014554.png,1,1.0,0.94091797,1,1,FAULTY,FAULTY,True,0.17822265625
/kaggle/working/processed/d6432945-e2da-45c3-8c3a-3e61505ed07f_000000002329.png,1,1.0,0.9970703,1,1,FAULTY,FAULTY,True,0.17822265625
/kaggle/working/processed/d583d6d2-752f-48a7-8a8b-2154e24fcf16_000000026345.png,0,1.0,0.03753662,0,0,GOOD,GOOD,True,0.17822265625
/kaggle/working/processed/1c60e927-c0b2-4332-a371-d5bae887a5e5_000000000092.png,1,1.0,0.8774414,1,1,FAULTY,FAULTY,True,0.17822265625
/kaggle/working/processed/8187758c-b2b1-40f3-b165-273173867302_000000000854.png,1,1.0,1.0,1,1,FAULTY,FAULTY,True,0.17822265625
/kaggle/working/processed/1a4ec650-c717-4acf-b9bc-be23fff57b24_000000023457.png,0,6.0,0.38232422,1,0,FAULTY,GOOD,False,0.17822265625
/kaggle/working/processed/3b8e7b3e-a100-4631-a6cc-549c54f9c80d_000000027599.png,1,1.0,1.0,1,1,FAULTY,FAULTY,True,0.17822265625
/kaggle/working/processed/c3373e7b-a811-4041-9a42-3d009e5b2885_000000009765.png,1,1.0,0.99658203,1,1,FAULTY,FAULTY,True,0.17822265625
/kaggle/working/processed/c4607b7d-970f-4ffb-89d4-309c78d989db_000000010944.png,1,1.0,0.9926758,1,1,FAULTY,FAULTY,True,0.17822265625
/kaggle/working/processed/fb56d63a-4cc1-4bde-881e-84803b0616a8_000000017544.png,0,1.0,0.07489014,0,0,GOOD,GOOD,True,0.17822265625
/kaggle/working/processed/526a1c0a-085c-450d-8a15-a2dfc0590991_000000018779.png,1,1.0,0.99902344,1,1,FAULTY,FAULTY,True,0.17822265625
/kaggle/working/processed/37237d15-57d5-4a4d-957d-912428b4d81c_000000032850.png,1,1.0,0.99658203,1,1,FAULTY,FAULTY,True,0.17822265625
/kaggle/working/processed/7d7bb5dc-74ec-4c3d-9089-430f942f3529_000000030944.png,1,1.0,0.7480469,1,1,FAULTY,FAULTY,True,0.17822265625
/kaggle/working/processed/3ebb48a1-7dce-4f43-a8fb-8b0efe970ceb_000000011758.png,0,6.0,0.20935059,1,0,FAULTY,GOOD,False,0.17822265625
/kaggle/working/processed/ffc729d2-5bcf-4a7b-8669-79c3f6fa4c06_000000005506.png,0,1.0,0.12054443,0,0,GOOD,GOOD,True,0.17822265625
/kaggle/working/processed/49f90b47-5065-4a05-afaf-d95aeb0c3441_000000035121.png,1,1.0,1.0,1,1,FAULTY,FAULTY,True,0.17822265625
/kaggle/working/processed/698282eb-4b3b-4fd4-80c2-eb2952d1c45f_000000028477.png,0,6.0,0.47021484,1,0,FAULTY,GOOD,False,0.17822265625
/kaggle/working/processed/cb83b934-23ce-482c-a2fe-158f08994863_000000032771.png,1,1.0,0.5996094,1,1,FAULTY,FAULTY,True,0.17822265625
/kaggle/working/processed/99884e6a-864d-4880-b5d4-b5ca42228523_000000025358.png,0,1.0,0.053894043,0,0,GOOD,GOOD,True,0.17822265625
/kaggle/working/processed/f82ee228-85b5-4a75-86b2-b598f9f0bef3_000000021372.png,0,6.0,0.22766113,1,0,FAULTY,GOOD,False,0.17822265625
/kaggle/working/processed/15d6c241-9fb3-41a0-b6b4-8360cec9244c_000000009368.png,1,1.0,0.97314453,1,1,FAULTY,FAULTY,True,0.17822265625
/kaggle/working/processed/e0b78ff1-c642-4071-9c2b-419ec78da68f_000000033157.png,0,6.0,0.34521484,1,0,FAULTY,GOOD,False,0.17822265625
/kaggle/working/processed/dd0bf009-50a8-492b-969f-7211e76de784_000000015926.png,0,6.0,0.24511719,1,0,FAULTY,GOOD,False,0.17822265625
/kaggle/working/processed/c1866ccb-a37f-4677-8e98-f7a2034a8a89_000000007177.png,1,1.0,1.0,1,1,FAULTY,FAULTY,True,0.17822265625
/kaggle/working/processed/6e9676e0-3d19-49ca-9a27-6f40e994ebcb_000000007485.png,0,6.0,0.41357422,1,0,FAULTY,GOOD,False,0.17822265625
/kaggle/working/processed/904d84ee-9fbd-4e50-af48-621748eeb551_000000001766.png,1,1.0,1.0,1,1,FAULTY,FAULTY,True,0.17822265625
/kaggle/working/processed/4b854c2a-6bb5-4e78-beae-d2730c3427d7_000000025770.png,0,1.0,0.09448242,0,0,GOOD,GOOD,True,0.17822265625
/kaggle/working/processed/2e914f1f-c480-4ca8-9bb3-6652b59a14a0_000000020295.png,0,1.0,0.10949707,0,0,GOOD,GOOD,True,0.17822265625
/kaggle/working/processed/6a232d45-8468-43bf-80f4-bc3c6e8dc468_000000019722.png,0,6.0,0.5395508,1,0,FAULTY,GOOD,False,0.17822265625
/kaggle/working/processed/74b350ad-772b-4fe0-8836-dce1746ab97b_000000026095.png,0,6.0,0.31420898,1,0,FAULTY,GOOD,False,0.17822265625
/kaggle/working/processed/fc0da5f2-1931-40e8-98ba-97fdbb7348c3_000000016777.png,0,1.0,0.077819824,0,0,GOOD,GOOD,True,0.17822265625
/kaggle/working/processed/2811d64d-4c87-480e-bf09-108f69882f18_000000029946.png,1,1.0,1.0,1,1,FAULTY,FAULTY,True,0.17822265625
/kaggle/working/processed/508c8b24-7a1a-4e1e-b32c-8289b531b66b_000000022037.png,0,1.0,0.1796875,1,0,FAULTY,GOOD,False,0.17822265625
/kaggle/working/processed/a7145abd-ac8c-4ebf-8855-db1fbdec2ae1_000000031911.png,0,1.0,0.08850098,0,0,GOOD,GOOD,True,0.17822265625
/kaggle/working/processed/1b5d61a6-7f0a-4f6e-a92c-c228e1c3faeb_000000004222.png,0,1.0,0.14697266,0,0,GOOD,GOOD,True,0.17822265625
/kaggle/working/processed/53ba9201-ecb9-4031-9795-fd52454ff106_000000010741.png,1,1.0,0.99365234,1,1,FAULTY,FAULTY,True,0.17822265625
/kaggle/working/processed/19630915-2661-4e23-9b90-f48e9769d438_000000033540.png,1,1.0,0.9995117,1,1,FAULTY,FAULTY,True,0.17822265625
/kaggle/working/processed/1c8686d5-1c07-4710-86b9-f96a5f6a226b_000000006780.png,1,1.0,0.64746094,1,1,FAULTY,FAULTY,True,0.17822265625
/kaggle/working/processed/0e01bf11-c888-4f3e-a27c-22c4ca1497a1_000000014503.png,0,6.0,0.13366699,0,0,GOOD,GOOD,True,0.17822265625
/kaggle/working/processed/0ec41fff-a582-4bc3-b4fd-f8299cc61c4a_000000004253.png,1,1.0,0.98339844,1,1,FAULTY,FAULTY,True,0.17822265625
/kaggle/working/processed/c4b3bba2-fba9-40f7-a31b-78bbb0714875_000000026224.png,0,6.0,0.15844727,0,0,GOOD,GOOD,True,0.17822265625
/kaggle/working/processed/63d85993-3641-44ed-87a9-515ec120a115_000000033899.png,0,1.0,0.056854248,0,0,GOOD,GOOD,True,0.17822265625
/kaggle/working/processed/353ea09d-5183-41d4-9130-771a7ed5f274_000000029225.png,1,1.0,0.95166016,1,1,FAULTY,FAULTY,True,0.17822265625
/kaggle/working/processed/a6ede78f-9ae2-412d-9a29-767c6926d61e_000000020776.png,0,6.0,0.21057129,1,0,FAULTY,GOOD,False,0.17822265625
/kaggle/working/processed/444df42d-5ee1-4217-88be-1631997038be_000000004800.png,1,1.0,1.0,1,1,FAULTY,FAULTY,True,0.17822265625
/kaggle/working/processed/7ab27a1d-14d3-4ef5-8f48-8c13a293d42b_000000030128.png,0,6.0,0.55566406,1,0,FAULTY,GOOD,False,0.17822265625
/kaggle/working/processed/bcf45939-dfd3-4773-b789-9e58ff764136_000000034860.png,1,1.0,0.57177734,1,1,FAULTY,FAULTY,True,0.17822265625
/kaggle/working/processed/5c776ff3-3638-452b-a864-4f2bdc9af1bd_000000034858.png,1,1.0,0.69628906,1,1,FAULTY,FAULTY,True,0.17822265625
/kaggle/working/processed/07b9b088-b14f-4dbc-91e5-57f37254c5c5_000000032330.png,1,1.0,0.91259766,1,1,FAULTY,FAULTY,True,0.17822265625
/kaggle/working/processed/24914766-c231-4abf-b9d7-0f9eaf810db3_000000005866.png,0,6.0,0.3725586,1,0,FAULTY,GOOD,False,0.17822265625
/kaggle/working/processed/4528fbec-a1c1-425e-97c8-27b6017937dd_000000015887.png,0,6.0,0.1282959,0,0,GOOD,GOOD,True,0.17822265625
/kaggle/working/processed/a98fade4-6628-4549-ab23-834cdcf92cab_000000016784.png,0,1.0,0.01751709,0,0,GOOD,GOOD,True,0.17822265625
/kaggle/working/processed/12e74e88-b6b0-49e9-848d-a4070e2ff661_000000016045.png,1,1.0,0.6645508,1,1,FAULTY,FAULTY,True,0.17822265625
/kaggle/working/processed/20ff19b1-5924-4e0b-9218-8dfe1d4bd3a9_000000028184.png,1,1.0,0.9980469,1,1,FAULTY,FAULTY,True,0.17822265625
/kaggle/working/processed/d997af97-593f-4bfc-bd29-572ecba9acaf_000000016843.png,1,1.0,1.0,1,1,FAULTY,FAULTY,True,0.17822265625
/kaggle/working/processed/6e48c576-1187-4880-a420-752eab372bdd_000000019687.png,1,1.0,0.5185547,1,1,FAULTY,FAULTY,True,0.17822265625
/kaggle/working/processed/31e239f2-ea18-4f37-ba62-e72c6da080ec_000000016117.png,0,1.0,0.04647827,0,0,GOOD,GOOD,True,0.17822265625
/kaggle/working/processed/cad7661b-b278-40e3-8410-6ef6cc97c057_000000022830.png,0,1.0,0.060516357,0,0,GOOD,GOOD,True,0.17822265625
/kaggle/working/processed/89d34bb7-6493-4500-a7b9-082e461d1c7e_000000004367.png,1,1.0,0.99902344,1,1,FAULTY,FAULTY,True,0.17822265625
/kaggle/working/processed/63994297-8caf-4866-88b9-0a2de080c4aa_000000004106.png,1,1.0,0.8886719,1,1,FAULTY,FAULTY,True,0.17822265625
/kaggle/working/processed/285cc8e2-5f12-450b-b734-78401ed42cbf_000000001895.png,0,1.0,0.036010742,0,0,GOOD,GOOD,True,0.17822265625
/kaggle/working/processed/4794e79d-5c48-47e8-adfc-50b02144bdc6_000000001156.png,0,6.0,0.11816406,0,0,GOOD,GOOD,True,0.17822265625
/kaggle/working/processed/3b13c09c-d883-408c-b0a5-9121fd7d6593_000000021996.png,1,1.0,0.9946289,1,1,FAULTY,FAULTY,True,0.17822265625
/kaggle/working/processed/1f5d2449-d9c8-45b9-9956-250bc24d45ac_000000010947.png,1,4.0,0.17883301,1,1,FAULTY,FAULTY,True,0.17822265625
/kaggle/working/processed/497e2422-2967-4cdd-a0e9-6394abbbb5f8_000000000130.png,1,1.0,0.9995117,1,1,FAULTY,FAULTY,True,0.17822265625
/kaggle/working/processed/a0f3b636-0317-4ea8-90b2-d412879fb2b0_000000019958.png,1,1.0,0.95214844,1,1,FAULTY,FAULTY,True,0.17822265625
/kaggle/working/processed/50a5ae46-4f54-44ee-a06e-def5fbcc74a8_000000019576.png,0,6.0,0.21252441,1,0,FAULTY,GOOD,False,0.17822265625
/kaggle/working/processed/24c1b058-b79c-4788-b12a-0080c2989000_000000027414.png,1,1.0,0.99609375,1,1,FAULTY,FAULTY,True,0.17822265625
/kaggle/working/processed/4336b0ad-cde0-4942-b9a5-ab5e7d79f4f6_000000026325.png,1,1.0,1.0,1,1,FAULTY,FAULTY,True,0.17822265625
/kaggle/working/processed/9517f981-06c0-416d-9c8b-86b11a6406d0_000000034450.png,1,1.0,0.9995117,1,1,FAULTY,FAULTY,True,0.17822265625
/kaggle/working/processed/8edf9a52-f750-4291-9173-0ace6a5506b7_000000008444.png,0,6.0,0.25097656,1,0,FAULTY,GOOD,False,0.17822265625
/kaggle/working/processed/feb0311e-017e-41dc-a28f-be9f82176dcb_000000019294.png,1,1.0,0.9658203,1,1,FAULTY,FAULTY,True,0.17822265625
/kaggle/working/processed/adc6397b-6f70-4829-96b4-336df079393e_000000011957.png,1,1.0,0.5131836,1,1,FAULTY,FAULTY,True,0.17822265625
/kaggle/working/processed/295db350-47da-4126-835c-4654b97a3951_000000023035.png,1,1.0,0.9355469,1,1,FAULTY,FAULTY,True,0.17822265625
/kaggle/working/processed/607dd862-c1b5-4271-9de9-42504fe9895f_000000002705.png,0,1.0,0.066711426,0,0,GOOD,GOOD,True,0.17822265625
/kaggle/working/processed/dde8d3b2-c13f-4317-a6e6-c29e7c94fb95_000000027543.png,1,1.0,0.50634766,1,1,FAULTY,FAULTY,True,0.17822265625
/kaggle/working/processed/2015f286-3777-4eb6-a6d3-7e2a4c80d981_000000014512.png,0,6.0,0.21105957,1,0,FAULTY,GOOD,False,0.17822265625
/kaggle/working/processed/88ed80b8-b38c-4f09-9ffa-e5e0f708f00a_000000023528.png,1,1.0,0.99560547,1,1,FAULTY,FAULTY,True,0.17822265625
/kaggle/working/processed/88c08aaa-a20e-4ee2-949c-b13ad9a52d17_000000018745.png,0,1.0,0.02810669,0,0,GOOD,GOOD,True,0.17822265625
/kaggle/working/processed/f025c0e3-07d3-4a00-bed1-5e8d6a17f5e2_000000002883.png,0,1.0,0.007205963,0,0,GOOD,GOOD,True,0.17822265625
/kaggle/working/processed/9045da63-e1aa-4353-9cc1-5531ed35a75d_000000030469.png,0,6.0,0.10876465,0,0,GOOD,GOOD,True,0.17822265625
/kaggle/working/processed/ddb3ae64-a345-46e9-bd67-e48f273596f0_000000011298.png,1,1.0,0.92333984,1,1,FAULTY,FAULTY,True,0.17822265625
/kaggle/working/processed/75967486-1c52-4ead-a9c5-111b2c03c0f9_000000013294.png,0,6.0,0.30932617,1,0,FAULTY,GOOD,False,0.17822265625
/kaggle/working/processed/0b0adef2-280e-44ee-a799-a4a347512ae2_000000006820.png,0,1.0,0.037109375,0,0,GOOD,GOOD,True,0.17822265625
/kaggle/working/processed/1ca79e66-052a-4904-8939-dd6a93a9717e_000000016053.png,0,1.0,0.08465576,0,0,GOOD,GOOD,True,0.17822265625
/kaggle/working/processed/49655efb-e14f-483b-a567-7b8579d69e99_000000018744.png,1,1.0,0.9604492,1,1,FAULTY,FAULTY,True,0.17822265625
/kaggle/working/processed/60ed6aab-975e-4962-b521-bec1886ec48a_000000000656.png,0,1.0,0.05633545,0,0,GOOD,GOOD,True,0.17822265625
/kaggle/working/processed/31497d4c-eb5c-43c1-a42a-19dc56baa4fc_000000008142.png,1,1.0,1.0,1,1,FAULTY,FAULTY,True,0.17822265625
/kaggle/working/processed/1fd313b6-61d9-48da-900f-9ead9084e8fe_000000004341.png,0,1.0,0.16394043,0,0,GOOD,GOOD,True,0.17822265625
/kaggle/working/processed/b60ab276-0641-493e-90ed-f3275e5f8d7c_000000004967.png,0,1.0,0.02619934,0,0,GOOD,GOOD,True,0.17822265625
/kaggle/working/processed/e32476b6-c768-45d5-ad3e-bca64a253462_000000018460.png,1,1.0,0.97753906,1,1,FAULTY,FAULTY,True,0.17822265625
/kaggle/working/processed/8612ef9d-ab13-4682-8698-ef73304a28d4_000000028295.png,0,1.0,0.13671875,0,0,GOOD,GOOD,True,0.17822265625
/kaggle/working/processed/70f4233e-a900-406d-b859-bb097ad4f75d_000000016255.png,0,6.0,0.26635742,1,0,FAULTY,GOOD,False,0.17822265625
/kaggle/working/processed/0c5f1e3c-e373-4eef-b55b-d87eea3326be_000000024623.png,0,1.0,0.07720947,0,0,GOOD,GOOD,True,0.17822265625
/kaggle/working/processed/d7bf0989-35ea-42d7-8796-9b082d3523eb_000000008156.png,1,1.0,0.9980469,1,1,FAULTY,FAULTY,True,0.17822265625
/kaggle/working/processed/e29b6cec-eedb-4a84-94d4-6a14ee0e5596_000000030139.png,0,1.0,0.111450195,0,0,GOOD,GOOD,True,0.17822265625
/kaggle/working/processed/d99d01b7-096b-4124-83dd-8f24b2037726_000000026839.png,1,1.0,0.5493164,1,1,FAULTY,FAULTY,True,0.17822265625
/kaggle/working/processed/99c03eee-b586-4c27-a77f-05374d9a4c73_000000021944.png,0,1.0,0.062683105,0,0,GOOD,GOOD,True,0.17822265625
/kaggle/working/processed/c46a732a-535b-4b49-8c9d-efb042597467_000000022917.png,0,6.0,0.13586426,0,0,GOOD,GOOD,True,0.17822265625
/kaggle/working/processed/a00ac1fa-1e5d-4acc-9d4f-d14ede2dc63f_000000025749.png,1,1.0,1.0,1,1,FAULTY,FAULTY,True,0.17822265625
/kaggle/working/processed/ff777d43-3c7b-4deb-8040-88854786954b_000000024308.png,0,6.0,0.113586426,0,0,GOOD,GOOD,True,0.17822265625
/kaggle/working/processed/045dd2fb-88a2-414f-98c4-3abbf96295ba_000000015518.png,1,1.0,1.0,1,1,FAULTY,FAULTY,True,0.17822265625
/kaggle/working/processed/0037f512-94c3-4c79-ba4b-a7d6b5c427aa_000000031321.png,0,1.0,0.057281494,0,0,GOOD,GOOD,True,0.17822265625
/kaggle/working/processed/7d067d8f-c586-422c-bb7b-bd9bec66230d_000000022134.png,0,6.0,0.43066406,1,0,FAULTY,GOOD,False,0.17822265625
/kaggle/working/processed/db4a8005-d6ec-4f1a-94df-be3ca9df4043_000000027568.png,1,1.0,0.8359375,1,1,FAULTY,FAULTY,True,0.17822265625
/kaggle/working/processed/43bb0ee3-d6b1-4e42-9c52-89c4c9883193_000000009375.png,1,1.0,1.0,1,1,FAULTY,FAULTY,True,0.17822265625
/kaggle/working/processed/f0de3fb1-4ddd-4f35-8fda-247084a4018e_000000027237.png,1,1.0,0.94189453,1,1,FAULTY,FAULTY,True,0.17822265625
/kaggle/working/processed/e21cb6af-705b-4647-864d-310972c8b393_000000023953.png,1,1.0,0.31640625,1,1,FAULTY,FAULTY,True,0.17822265625
/kaggle/working/processed/77cd64ac-fa60-4c9d-9eed-9166ffce7e7e_000000015911.png,0,6.0,0.34350586,1,0,FAULTY,GOOD,False,0.17822265625
/kaggle/working/processed/a14251ef-bb67-4b0b-9a4a-514c6188ba6a_000000029054.png,1,1.0,0.9995117,1,1,FAULTY,FAULTY,True,0.17822265625
/kaggle/working/processed/7106ee64-d44c-40cd-975a-a49a3ebb4292_000000034775.png,0,6.0,0.41723633,1,0,FAULTY,GOOD,False,0.17822265625
/kaggle/working/processed/04688f47-b133-4373-ba65-57d4c9d55000_000000025578.png,0,1.0,0.076293945,0,0,GOOD,GOOD,True,0.17822265625
/kaggle/working/processed/87e1bfda-1ae8-4df1-a48f-c0e33d1279b0_000000021075.png,0,1.0,0.023239136,0,0,GOOD,GOOD,True,0.17822265625
/kaggle/working/processed/d9f02920-55ea-417e-8a8d-5343f721c00f_000000028475.png,0,6.0,0.875,1,0,FAULTY,GOOD,False,0.17822265625
/kaggle/working/processed/38cdba0e-dca7-4b23-b0c7-6ce857a84202_000000017258.png,1,1.0,1.0,1,1,FAULTY,FAULTY,True,0.17822265625
/kaggle/working/processed/73b75578-a661-4d6b-b99d-c46b29adc273_000000008763.png,0,1.0,0.03527832,0,0,GOOD,GOOD,True,0.17822265625
/kaggle/working/processed/d8124995-b060-4fd5-9f66-ce0fd344e439_000000022483.png,1,1.0,0.9902344,1,1,FAULTY,FAULTY,True,0.17822265625
/kaggle/working/processed/d8dcf45f-d3b8-464b-bd3f-8c6bde6713d3_000000017642.png,1,1.0,0.76123047,1,1,FAULTY,FAULTY,True,0.17822265625
/kaggle/working/processed/69fdbe4a-a71d-48ea-ae8c-2c146df43b47_000000011057.png,0,1.0,0.13635254,0,0,GOOD,GOOD,True,0.17822265625
/kaggle/working/processed/520d4112-184d-4e4c-bcea-9dfbc7901140_000000027697.png,1,1.0,0.42749023,1,1,FAULTY,FAULTY,True,0.17822265625
/kaggle/working/processed/a2d335d6-3579-4ff2-947a-6f4412fff4b8_000000025999.png,0,6.0,0.16040039,0,0,GOOD,GOOD,True,0.17822265625
/kaggle/working/processed/67037cee-0546-4306-99cc-dea55fe848c9_000000010069.png,1,1.0,0.98779297,1,1,FAULTY,FAULTY,True,0.17822265625
/kaggle/working/processed/933cc2a8-e95d-40aa-a36a-ef52bb83396b_000000030796.png,1,1.0,0.8227539,1,1,FAULTY,FAULTY,True,0.17822265625
/kaggle/working/processed/a16ab4a4-e742-41d2-9912-949ba6ef4b07_000000015723.png,0,6.0,0.30737305,1,0,FAULTY,GOOD,False,0.17822265625
/kaggle/working/processed/4b3550f3-6f1f-4bb0-832f-e8e9dd1256c3_000000011717.png,1,1.0,1.0,1,1,FAULTY,FAULTY,True,0.17822265625
/kaggle/working/processed/05f7063c-9896-4254-b5aa-7b454458e9e4_000000031220.png,0,1.0,0.061767578,0,0,GOOD,GOOD,True,0.17822265625
/kaggle/working/processed/1fbcd5c8-41d2-4857-910e-830113b66537_000000015081.png,1,1.0,0.99121094,1,1,FAULTY,FAULTY,True,0.17822265625
/kaggle/working/processed/55fdf3b6-8251-45f4-83a8-1afb8e0c2253_000000003035.png,0,1.0,0.13696289,0,0,GOOD,GOOD,True,0.17822265625
/kaggle/working/processed/9b1db539-59e8-4450-b5e5-74149d7c1470_000000023601.png,1,1.0,0.99316406,1,1,FAULTY,FAULTY,True,0.17822265625
/kaggle/working/processed/670097a8-7aa4-45c3-abe8-cdf3925a496d_000000006207.png,0,1.0,0.028701782,0,0,GOOD,GOOD,True,0.17822265625
/kaggle/working/processed/3769be93-9eeb-4cc8-a07c-110002f26b40_000000021778.png,0,1.0,0.048034668,0,0,GOOD,GOOD,True,0.17822265625
/kaggle/working/processed/1f5d7d83-50e1-44b8-9a66-f80674ab037d_000000005011.png,0,1.0,0.1352539,0,0,GOOD,GOOD,True,0.17822265625
/kaggle/working/processed/cc700c1b-d54f-40cc-b4eb-85029cc430e4_000000009226.png,0,1.0,0.07879639,0,0,GOOD,GOOD,True,0.17822265625
/kaggle/working/processed/c4007047-d971-4a3c-a1dc-2c7fef50a127_000000004821.png,0,6.0,0.22680664,1,0,FAULTY,GOOD,False,0.17822265625
/kaggle/working/processed/58115e97-9e3a-4dc0-8bed-f730c50debfe_000000020247.png,0,1.0,0.077941895,0,0,GOOD,GOOD,True,0.17822265625
/kaggle/working/processed/6c4b7857-45a0-4e8f-a9cc-a0ba2a917db9_000000004070.png,0,6.0,0.41259766,1,0,FAULTY,GOOD,False,0.17822265625
/kaggle/working/processed/564c7351-991d-40e2-bb74-79b19b24c05b_000000026988.png,0,1.0,0.05770874,0,0,GOOD,GOOD,True,0.17822265625
/kaggle/working/processed/7dc093d6-ae01-465a-95ea-2d7d7e2f1f38_000000028689.png,0,6.0,0.14758301,0,0,GOOD,GOOD,True,0.17822265625
/kaggle/working/processed/aabd6216-c00e-441e-965a-ba0e624dd46a_000000016899.png,1,1.0,0.9921875,1,1,FAULTY,FAULTY,True,0.17822265625
/kaggle/working/processed/124cfdcc-d993-42e1-9d5f-e936817799ad_000000028898.png,1,1.0,0.62353516,1,1,FAULTY,FAULTY,True,0.17822265625
/kaggle/working/processed/c08bba2e-eb9b-4706-bb2b-f02e17832e22_000000014331.png,0,1.0,0.18774414,1,0,FAULTY,GOOD,False,0.17822265625
/kaggle/working/processed/39d796a7-a839-441e-a317-26c2c74d916c_000000023915.png,1,1.0,1.0,1,1,FAULTY,FAULTY,True,0.17822265625
/kaggle/working/processed/d5e4014e-4a0f-450f-acd3-99e11b70c0d5_000000010780.png,1,1.0,0.50097656,1,1,FAULTY,FAULTY,True,0.17822265625
/kaggle/working/processed/8296d7d4-9ff2-4d10-bf9b-94c673959190_000000029912.png,1,1.0,0.515625,1,1,FAULTY,FAULTY,True,0.17822265625
/kaggle/working/processed/88685c83-4815-4c9b-ac60-63cd196b5675_000000000476.png,0,6.0,0.27856445,1,0,FAULTY,GOOD,False,0.17822265625
/kaggle/working/processed/b84f248f-3e7c-44e1-a4f6-481497c49902_000000018778.png,1,1.0,0.8491211,1,1,FAULTY,FAULTY,True,0.17822265625
/kaggle/working/processed/041bc22a-37df-4a27-9300-ef24dec64cf3_000000030086.png,1,1.0,0.95751953,1,1,FAULTY,FAULTY,True,0.17822265625
/kaggle/working/processed/0dd59ca2-e0cf-437d-96cb-c3352108fbdf_000000032098.png,0,1.0,0.17199707,0,0,GOOD,GOOD,True,0.17822265625
/kaggle/working/processed/2b85aa08-820f-4480-90a5-128675921bd7_000000022649.png,1,1.0,1.0,1,1,FAULTY,FAULTY,True,0.17822265625
/kaggle/working/processed/6dc35941-60cf-470f-a7e9-ecd60232b0cf_000000028428.png,1,1.0,0.9975586,1,1,FAULTY,FAULTY,True,0.17822265625
/kaggle/working/processed/bec31195-3466-4d02-a52a-0102af5261cc_000000030489.png,0,1.0,0.040100098,0,0,GOOD,GOOD,True,0.17822265625
/kaggle/working/processed/546112bb-ece6-4386-ab76-90d1d4fdfccd_000000024564.png,1,1.0,0.96240234,1,1,FAULTY,FAULTY,True,0.17822265625
/kaggle/working/processed/21f8059f-48bc-414e-a40b-b8b5484b0d5e_000000028347.png,1,1.0,0.56396484,1,1,FAULTY,FAULTY,True,0.17822265625
/kaggle/working/processed/d24ece65-9c1d-47d2-af28-e832d1b7ef1d_000000023173.png,1,1.0,1.0,1,1,FAULTY,FAULTY,True,0.17822265625
/kaggle/working/processed/79d325da-e72e-4baf-8ae2-603017a86034_000000010859.png,1,1.0,0.9995117,1,1,FAULTY,FAULTY,True,0.17822265625
/kaggle/working/processed/9e7d134f-8d12-481f-851c-a2353c77152f_000000011564.png,0,1.0,0.06744385,0,0,GOOD,GOOD,True,0.17822265625
/kaggle/working/processed/c6592e13-dd40-40c3-bcb7-6815d530fd6e_000000012171.png,0,1.0,0.08618164,0,0,GOOD,GOOD,True,0.17822265625
/kaggle/working/processed/f06b4b0d-d899-4c27-a3e0-e82be7d42a63_000000026980.png,0,1.0,0.07684326,0,0,GOOD,GOOD,True,0.17822265625
/kaggle/working/processed/fd6d128e-2fb1-439f-b417-b03b1b052505_000000032067.png,1,1.0,0.8027344,1,1,FAULTY,FAULTY,True,0.17822265625
/kaggle/working/processed/d6ff3d0d-6ba6-4eb5-8b2d-c0984fd8707c_000000033519.png,1,1.0,0.46972656,1,1,FAULTY,FAULTY,True,0.17822265625
/kaggle/working/processed/f861b7a1-82cd-4c19-8a42-f4cbcad3fcce_000000018352.png,1,1.0,0.99658203,1,1,FAULTY,FAULTY,True,0.17822265625
/kaggle/working/processed/bc92abec-6e6b-487a-b334-00aa0eba4a8b_000000025313.png,1,1.0,0.99853516,1,1,FAULTY,FAULTY,True,0.17822265625
/kaggle/working/processed/edfb13d8-1926-40a5-b65f-edc7a16c75b6_000000025927.png,0,1.0,0.11315918,0,0,GOOD,GOOD,True,0.17822265625
/kaggle/working/processed/6f61c4c6-d434-47fb-8642-6fd33409d285_000000001756.png,0,1.0,0.07434082,0,0,GOOD,GOOD,True,0.17822265625
/kaggle/working/processed/092b26bb-e855-41c1-af2a-68bf8aa26396_000000010596.png,1,1.0,0.9995117,1,1,FAULTY,FAULTY,True,0.17822265625
/kaggle/working/processed/782b69c7-bc77-4905-9397-e46cc4f5e453_000000024681.png,1,1.0,1.0,1,1,FAULTY,FAULTY,True,0.17822265625
/kaggle/working/processed/c293499f-fb15-4d1c-8389-4afd66f5e785_000000023999.png,0,6.0,0.14990234,0,0,GOOD,GOOD,True,0.17822265625
/kaggle/working/processed/26652336-6388-4da5-9d8d-c5e5073ff6c5_000000032862.png,0,1.0,0.14477539,0,0,GOOD,GOOD,True,0.17822265625
/kaggle/working/processed/1c32dec7-5e2a-4cb3-97f1-0c7af0d16926_000000027375.png,1,1.0,0.72021484,1,1,FAULTY,FAULTY,True,0.17822265625
/kaggle/working/processed/90ea6fbf-2625-48ea-9cd9-7ac8fa0d5a89_000000023439.png,0,6.0,0.4711914,1,0,FAULTY,GOOD,False,0.17822265625
/kaggle/working/processed/a4ef1d91-8f7b-4d5c-9ea4-1e0235d73f7d_000000014246.png,1,1.0,0.8745117,1,1,FAULTY,FAULTY,True,0.17822265625
/kaggle/working/processed/3f3eeb95-7f77-4427-a6c7-735aba4d51f1_000000024651.png,0,1.0,0.052124023,0,0,GOOD,GOOD,True,0.17822265625
/kaggle/working/processed/030da278-dea7-4cd6-ab9d-bb2443c0496a_000000023285.png,0,1.0,0.1385498,0,0,GOOD,GOOD,True,0.17822265625
/kaggle/working/processed/1defe83c-ddf8-4c73-a273-b4efe53f7c94_000000023371.png,1,1.0,1.0,1,1,FAULTY,FAULTY,True,0.17822265625
/kaggle/working/processed/741d16ea-5a52-4acf-9b80-1c99d9281e38_000000000356.png,0,1.0,0.031921387,0,0,GOOD,GOOD,True,0.17822265625
/kaggle/working/processed/99b0c554-09ad-48da-bd6b-1ab1dc1a7292_000000021855.png,0,1.0,0.0993042,0,0,GOOD,GOOD,True,0.17822265625
/kaggle/working/processed/67c9e6f7-442a-4e48-9e95-ff15a18a8a2e_000000009243.png,0,1.0,0.10668945,0,0,GOOD,GOOD,True,0.17822265625
/kaggle/working/processed/7b4a746b-0403-4087-bebc-d0bb0799e934_000000001403.png,1,1.0,0.9892578,1,1,FAULTY,FAULTY,True,0.17822265625
/kaggle/working/processed/8a557c35-46bc-44ca-b9fd-5e59e0106659_000000016907.png,0,6.0,0.28930664,1,0,FAULTY,GOOD,False,0.17822265625
/kaggle/working/processed/6791a525-2a88-491f-91b0-58927657fefd_000000034214.png,0,6.0,0.49072266,1,0,FAULTY,GOOD,False,0.17822265625
/kaggle/working/processed/ed1befee-79c0-4405-96a5-495aa265519b_000000027277.png,0,6.0,0.25878906,1,0,FAULTY,GOOD,False,0.17822265625
/kaggle/working/processed/65bcfe3a-df22-4d5b-9e7f-191836a49e78_000000006161.png,1,1.0,0.6689453,1,1,FAULTY,FAULTY,True,0.17822265625
/kaggle/working/processed/328e7c65-64f5-4397-9d98-9c2a268a17d9_000000033128.png,0,6.0,0.39038086,1,0,FAULTY,GOOD,False,0.17822265625
/kaggle/working/processed/d8cfd958-294b-4cb7-ba24-4da7233e303a_000000016519.png,1,1.0,0.42773438,1,1,FAULTY,FAULTY,True,0.17822265625
/kaggle/working/processed/6314163d-8297-4127-8aad-b2e765985294_000000021517.png,0,1.0,0.044769287,0,0,GOOD,GOOD,True,0.17822265625
/kaggle/working/processed/0c1ed648-002f-48f3-80e4-585e8c347f31_000000005344.png,1,1.0,0.9980469,1,1,FAULTY,FAULTY,True,0.17822265625
/kaggle/working/processed/ae032c74-a5a4-4802-be6a-6350532f3303_000000021636.png,0,1.0,0.08880615,0,0,GOOD,GOOD,True,0.17822265625
/kaggle/working/processed/084f7cc4-d39b-49d7-96c4-74753ac7158a_000000010553.png,1,1.0,1.0,1,1,FAULTY,FAULTY,True,0.17822265625
/kaggle/working/processed/6bd3ab02-191c-46ec-9600-c3d7cdea7017_000000014015.png,1,1.0,0.88964844,1,1,FAULTY,FAULTY,True,0.17822265625
/kaggle/working/processed/52a1f2bc-13f6-4f73-92d1-05a5d6e5d6e7_000000028417.png,1,1.0,0.9921875,1,1,FAULTY,FAULTY,True,0.17822265625
/kaggle/working/processed/27fc8355-0611-4244-ba96-a24ddb1581dc_000000003341.png,0,6.0,0.21789551,1,0,FAULTY,GOOD,False,0.17822265625
/kaggle/working/processed/00b1df68-a7c0-4f4a-b1fa-ee1de77ff35a_000000018355.png,0,1.0,0.09686279,0,0,GOOD,GOOD,True,0.17822265625
/kaggle/working/processed/97c6bf1d-fda6-4277-b716-d088d18f3883_000000022626.png,1,1.0,1.0,1,1,FAULTY,FAULTY,True,0.17822265625
/kaggle/working/processed/9718586c-94a8-487d-9dc2-4a6c5afc499d_000000013219.png,1,1.0,0.9921875,1,1,FAULTY,FAULTY,True,0.17822265625
/kaggle/working/processed/933bc3ff-23d9-482b-9411-29d300168837_000000000869.png,1,1.0,1.0,1,1,FAULTY,FAULTY,True,0.17822265625
/kaggle/working/processed/bfbe7451-c1d6-416b-9675-dd4f6c1d3528_000000030514.png,0,1.0,0.052612305,0,0,GOOD,GOOD,True,0.17822265625
/kaggle/working/processed/dec0a9df-aba4-40a4-b2cb-51dcf9988558_000000026610.png,0,6.0,0.109313965,0,0,GOOD,GOOD,True,0.17822265625
/kaggle/working/processed/086e5e28-e2f4-46e8-8bbe-c750b6ed2583_000000011437.png,0,6.0,0.19177246,1,0,FAULTY,GOOD,False,0.17822265625
/kaggle/working/processed/cff3b65c-57d7-48fc-853b-1be9f1cc1677_000000021692.png,1,1.0,0.7416992,1,1,FAULTY,FAULTY,True,0.17822265625
/kaggle/working/processed/600d6d39-b3a0-4844-871f-415f2a84fdee_000000021943.png,0,1.0,0.050048828,0,0,GOOD,GOOD,True,0.17822265625
/kaggle/working/processed/d02dd699-27c6-47c9-8e94-9e766fc30d3d_000000000261.png,1,1.0,0.8154297,1,1,FAULTY,FAULTY,True,0.17822265625
/kaggle/working/processed/22aafba1-3f64-4280-b6cb-b3f697a433bc_000000006763.png,0,1.0,0.19152832,1,0,FAULTY,GOOD,False,0.17822265625
/kaggle/working/processed/f67ab6db-42e1-45d6-ab03-4b2a30a9907e_000000005731.png,0,1.0,0.1673584,0,0,GOOD,GOOD,True,0.17822265625
/kaggle/working/processed/7e2c4d71-2b72-4cdd-b616-5451a0c2c5d1_000000027293.png,1,1.0,1.0,1,1,FAULTY,FAULTY,True,0.17822265625
/kaggle/working/processed/16b3a48c-727c-416d-ac33-567705c03084_000000031276.png,1,1.0,0.4658203,1,1,FAULTY,FAULTY,True,0.17822265625
/kaggle/working/processed/1cf07a29-8db4-4bf9-8dc2-4fac758a3dc9_000000028870.png,0,6.0,0.5019531,1,0,FAULTY,GOOD,False,0.17822265625
/kaggle/working/processed/4acb31b1-12b1-4256-8a39-e69f7e3f5ace_000000005966.png,0,1.0,0.06359863,0,0,GOOD,GOOD,True,0.17822265625
/kaggle/working/processed/0a30ab9c-1af9-4681-a9e5-286bbb2fa6c2_000000024032.png,0,6.0,0.33276367,1,0,FAULTY,GOOD,False,0.17822265625
/kaggle/working/processed/0c251e01-d088-4dad-a1b2-b1c165c2e367_000000013643.png,1,1.0,0.97753906,1,1,FAULTY,FAULTY,True,0.17822265625
/kaggle/working/processed/8af5bd82-b398-4c4d-8947-3ac1c077c444_000000013330.png,1,1.0,0.97998047,1,1,FAULTY,FAULTY,True,0.17822265625
/kaggle/working/processed/60db8ed2-2aef-472c-8ebc-eb681c50f224_000000014898.png,1,1.0,0.99072266,1,1,FAULTY,FAULTY,True,0.17822265625
/kaggle/working/processed/665b2164-d8d1-4150-8645-636387fbae79_000000023753.png,1,1.0,0.99902344,1,1,FAULTY,FAULTY,True,0.17822265625
/kaggle/working/processed/e5b8edfa-4ce3-4607-bbff-f01bfa3b57ee_000000012784.png,1,1.0,0.99853516,1,1,FAULTY,FAULTY,True,0.17822265625
/kaggle/working/processed/24fc31e1-4ffd-46f6-a98d-6e4453f989e7_000000033512.png,1,1.0,1.0,1,1,FAULTY,FAULTY,True,0.17822265625
/kaggle/working/processed/801d1f1c-b8f1-4db6-a1e6-63a980ed1414_000000020367.png,1,1.0,1.0,1,1,FAULTY,FAULTY,True,0.17822265625
/kaggle/working/processed/c5b31533-6c2d-494a-b2f8-a92b1f5abd97_000000018425.png,1,1.0,0.99853516,1,1,FAULTY,FAULTY,True,0.17822265625
/kaggle/working/processed/fb2f90e7-4c6d-44ff-9fcf-93bef898a7ad_000000026569.png,0,6.0,0.22180176,1,0,FAULTY,GOOD,False,0.17822265625
/kaggle/working/processed/6d6e4c04-1740-4ddd-bc8d-ea4796cf0872_000000033073.png,1,1.0,0.9873047,1,1,FAULTY,FAULTY,True,0.17822265625
/kaggle/working/processed/899eedeb-f870-4872-a251-a3bdde75396a_000000031396.png,1,1.0,1.0,1,1,FAULTY,FAULTY,True,0.17822265625
/kaggle/working/processed/a5f4cfa4-857f-48da-b308-3520f8f61e1e_000000025881.png,1,1.0,0.9785156,1,1,FAULTY,FAULTY,True,0.17822265625
/kaggle/working/processed/98b563c8-9b4f-4fdf-96ad-0a8a041896a7_000000030973.png,1,1.0,1.0,1,1,FAULTY,FAULTY,True,0.17822265625
/kaggle/working/processed/995a3981-5450-4ac9-884e-7f38d74ee709_000000033348.png,1,1.0,0.7758789,1,1,FAULTY,FAULTY,True,0.17822265625
/kaggle/working/processed/f4cdc07c-3490-4378-9a22-b6858d592c38_000000008658.png,1,1.0,1.0,1,1,FAULTY,FAULTY,True,0.17822265625
/kaggle/working/processed/09a1cab8-ec8e-4110-8bea-c6d2a5bc5465_000000003932.png,1,1.0,0.99902344,1,1,FAULTY,FAULTY,True,0.17822265625
/kaggle/working/processed/a968f39f-b3af-4798-9fad-11f2206fe6c0_000000027168.png,1,1.0,1.0,1,1,FAULTY,FAULTY,True,0.17822265625
/kaggle/working/processed/d5261c5c-f7ab-46a9-8e9a-c606033eb61b_000000006563.png,1,1.0,0.99853516,1,1,FAULTY,FAULTY,True,0.17822265625
/kaggle/working/processed/90d53380-05bb-4f10-a4db-8498e5d9f3f5_000000029398.png,0,6.0,0.23596191,1,0,FAULTY,GOOD,False,0.17822265625
/kaggle/working/processed/a51254cd-a86c-4558-8e22-74e2d41a75e5_000000023121.png,1,1.0,1.0,1,1,FAULTY,FAULTY,True,0.17822265625
/kaggle/working/processed/0500f54f-9e34-4eaa-ab6c-8e6d122d7efa_000000013258.png,1,1.0,0.3256836,1,1,FAULTY,FAULTY,True,0.17822265625
/kaggle/working/processed/e25c9a5b-45fc-4d68-bfcf-1f2a33af0b4a_000000016184.png,1,1.0,0.9892578,1,1,FAULTY,FAULTY,True,0.17822265625
/kaggle/working/processed/dd7fdcad-cf67-461d-b210-0f3883ffd4c3_000000012018.png,1,1.0,0.9995117,1,1,FAULTY,FAULTY,True,0.17822265625
/kaggle/working/processed/eb0a66c0-76a2-4e33-92cf-19e6597b8ee0_000000014200.png,0,1.0,0.13391113,0,0,GOOD,GOOD,True,0.17822265625
/kaggle/working/processed/d95a5c2c-770d-4fd6-a744-c44cf1aff474_000000021881.png,0,1.0,0.09844971,0,0,GOOD,GOOD,True,0.17822265625
/kaggle/working/processed/16417fc3-01b5-4b9d-b4ee-5092ca0c8a3b_000000027475.png,0,6.0,0.31103516,1,0,FAULTY,GOOD,False,0.17822265625
/kaggle/working/processed/0c46e4f1-f1ee-4a3b-aa63-9a0c95bb4a27_000000009415.png,0,6.0,0.34350586,1,0,FAULTY,GOOD,False,0.17822265625
/kaggle/working/processed/76f8cf95-7426-4f78-a138-3e27c33a6b82_000000010176.png,1,1.0,0.87939453,1,1,FAULTY,FAULTY,True,0.17822265625
/kaggle/working/processed/88f1a1d3-3fe6-496b-9e0f-00be93b61fbe_000000010075.png,0,1.0,0.024047852,0,0,GOOD,GOOD,True,0.17822265625
/kaggle/working/processed/db5b94c2-bed2-4552-85bc-12d0d1169c54_000000000410.png,1,1.0,0.97021484,1,1,FAULTY,FAULTY,True,0.17822265625
/kaggle/working/processed/f1fd259c-cadd-492c-a40b-5db69e7e526e_000000016533.png,0,6.0,0.103027344,0,0,GOOD,GOOD,True,0.17822265625
/kaggle/working/processed/974c4faf-2f45-4a88-beb2-b4dae663dbcf_000000025607.png,0,1.0,0.12011719,0,0,GOOD,GOOD,True,0.17822265625
/kaggle/working/processed/069c5dd9-2e9a-4328-abc6-0cb2ac7ad1ee_000000022670.png,1,1.0,0.9995117,1,1,FAULTY,FAULTY,True,0.17822265625
/kaggle/working/processed/39015874-f715-475f-8aa5-31fb9abc3e17_000000031782.png,0,6.0,0.14489746,0,0,GOOD,GOOD,True,0.17822265625
/kaggle/working/processed/275fdbc4-480c-413a-aba2-b3b2df4a136f_000000009928.png,1,1.0,1.0,1,1,FAULTY,FAULTY,True,0.17822265625
/kaggle/working/processed/eba0fd39-947a-463f-9491-c41b314cb05d_000000017938.png,1,1.0,0.9980469,1,1,FAULTY,FAULTY,True,0.17822265625
/kaggle/working/processed/6347059e-fbe3-4ea6-b63b-5d9e463c0bfd_000000008727.png,1,1.0,0.62646484,1,1,FAULTY,FAULTY,True,0.17822265625
/kaggle/working/processed/c65ea840-bdc8-47e2-a3e0-bf0663e31033_000000018625.png,0,1.0,0.101257324,0,0,GOOD,GOOD,True,0.17822265625
/kaggle/working/processed/d1b75cab-1cf8-499c-8c3d-4390e5ec0f76_000000021874.png,0,6.0,0.25805664,1,0,FAULTY,GOOD,False,0.17822265625
/kaggle/working/processed/e868f96e-bed8-4d93-b36f-347413a3113c_000000008057.png,1,1.0,0.72509766,1,1,FAULTY,FAULTY,True,0.17822265625
/kaggle/working/processed/9d027c8b-6438-4e5b-b420-e875fca6c97f_000000012928.png,1,1.0,0.23596191,1,1,FAULTY,FAULTY,True,0.17822265625
/kaggle/working/processed/a21c186b-9f9c-48b3-9413-6fbd182dad64_000000024411.png,0,6.0,0.15478516,0,0,GOOD,GOOD,True,0.17822265625
/kaggle/working/processed/1abaf2c1-198e-4e84-90e8-863a6c45d87e_000000024049.png,1,1.0,0.91748047,1,1,FAULTY,FAULTY,True,0.17822265625
/kaggle/working/processed/9a88444c-23d3-433b-bcd6-a905b6bfe465_000000005980.png,0,6.0,0.13110352,0,0,GOOD,GOOD,True,0.17822265625
/kaggle/working/processed/78aa4544-38d3-40c2-8bf6-66b2caaf0c35_000000000877.png,1,1.0,0.99072266,1,1,FAULTY,FAULTY,True,0.17822265625
/kaggle/working/processed/3935d827-49cd-4071-92e9-1aea8798d5b8_000000029605.png,0,1.0,0.21325684,1,0,FAULTY,GOOD,False,0.17822265625
/kaggle/working/processed/d6f17772-0803-4ea7-a52c-0c1b8192fb08_000000026013.png,1,1.0,0.86376953,1,1,FAULTY,FAULTY,True,0.17822265625
/kaggle/working/processed/5577fccd-231e-46a9-8fa1-ff2d23a7fabb_000000000572.png,1,1.0,0.99365234,1,1,FAULTY,FAULTY,True,0.17822265625
/kaggle/working/processed/fdd0f679-ad02-4e65-883e-8e7fb6f4901c_000000006991.png,1,1.0,1.0,1,1,FAULTY,FAULTY,True,0.17822265625
/kaggle/working/processed/c475bc3e-81fa-485d-87df-5c2c92e8f837_000000004323.png,1,1.0,0.96191406,1,1,FAULTY,FAULTY,True,0.17822265625
/kaggle/working/processed/869d8b1e-9dde-433b-aa81-8bbd5fd10985_000000021595.png,0,1.0,0.036895752,0,0,GOOD,GOOD,True,0.17822265625
/kaggle/working/processed/1bc86053-e4b1-4c07-92d7-1cbf31fa1a4c_000000015100.png,0,1.0,0.072631836,0,0,GOOD,GOOD,True,0.17822265625
/kaggle/working/processed/592b0cd0-b98d-43a8-9115-90e923052055_000000011014.png,0,1.0,0.07977295,0,0,GOOD,GOOD,True,0.17822265625
/kaggle/working/processed/ec1552e0-f6d8-4927-bf3c-4805e09d169f_000000022060.png,0,1.0,0.14941406,0,0,GOOD,GOOD,True,0.17822265625
/kaggle/working/processed/be64c9a9-c8ba-4b23-bedd-09ef3ea87b15_000000020145.png,0,1.0,0.13085938,0,0,GOOD,GOOD,True,0.17822265625
/kaggle/working/processed/5dcad78a-4cec-4f97-aaea-d7d865122b4f_000000011417.png,0,1.0,0.07183838,0,0,GOOD,GOOD,True,0.17822265625
/kaggle/working/processed/36cea644-7cac-4c35-96ca-75987d9ca66f_000000033273.png,1,1.0,1.0,1,1,FAULTY,FAULTY,True,0.17822265625
/kaggle/working/processed/2e80d31a-c114-4c3b-806b-00ef75cf84b5_000000022388.png,0,1.0,0.035064697,0,0,GOOD,GOOD,True,0.17822265625
/kaggle/working/processed/f635053b-a525-4eb0-8c29-aa50f9896f83_000000011102.png,1,1.0,0.77490234,1,1,FAULTY,FAULTY,True,0.17822265625
/kaggle/working/processed/76abe690-1219-449d-9ed2-565b1b0487f6_000000009406.png,1,1.0,0.7871094,1,1,FAULTY,FAULTY,True,0.17822265625
/kaggle/working/processed/0490c31a-9029-4f10-ad5a-7e636d86c490_000000034522.png,0,6.0,0.14770508,0,0,GOOD,GOOD,True,0.17822265625
/kaggle/working/processed/acb0591a-2d15-4fdb-b628-ee3ada7eedda_000000029532.png,1,1.0,0.4338379,1,1,FAULTY,FAULTY,True,0.17822265625
/kaggle/working/processed/a3ec321d-b5eb-4719-820c-c6ba5bb2b262_000000020471.png,0,6.0,0.16967773,0,0,GOOD,GOOD,True,0.17822265625
/kaggle/working/processed/0b9c06cc-af9a-4929-895d-2b0bc622a3f9_000000024723.png,1,1.0,1.0,1,1,FAULTY,FAULTY,True,0.17822265625
/kaggle/working/processed/01cdacb1-993b-4f05-b849-368af6aa3378_000000030669.png,0,6.0,0.1538086,0,0,GOOD,GOOD,True,0.17822265625
/kaggle/working/processed/3bd6b0da-3522-4f27-9a38-77ae85a248e6_000000032411.png,0,6.0,0.16149902,0,0,GOOD,GOOD,True,0.17822265625
/kaggle/working/processed/f250f8d1-6845-4f30-a598-10ed03bd542d_000000026267.png,1,1.0,1.0,1,1,FAULTY,FAULTY,True,0.17822265625
/kaggle/working/processed/d7d3bbbe-085a-4314-99e6-2638e17145d7_000000000694.png,0,1.0,0.17944336,1,0,FAULTY,GOOD,False,0.17822265625
/kaggle/working/processed/b59cabe2-91ed-41b3-933d-ac4aa9e8d4fa_000000020047.png,0,1.0,0.06951904,0,0,GOOD,GOOD,True,0.17822265625
/kaggle/working/processed/2ed0b61c-094d-4179-b698-0b99f3dba615_000000022522.png,1,1.0,0.99902344,1,1,FAULTY,FAULTY,True,0.17822265625
/kaggle/working/processed/9532b0b0-37f0-47cf-8fcd-fca0c29acca8_000000014604.png,1,1.0,1.0,1,1,FAULTY,FAULTY,True,0.17822265625
/kaggle/working/processed/576eef09-dc2b-4fb9-8943-d17793b157c5_000000014950.png,1,1.0,0.99853516,1,1,FAULTY,FAULTY,True,0.17822265625
/kaggle/working/processed/3cea950a-f204-463d-bfc3-4e48bef4abb1_000000008455.png,1,1.0,0.8066406,1,1,FAULTY,FAULTY,True,0.17822265625
/kaggle/working/processed/63eb2f2c-ebff-40cf-bcb1-a0ecc735ec40_000000032183.png,0,1.0,0.10668945,0,0,GOOD,GOOD,True,0.17822265625
/kaggle/working/processed/47faca43-a1fa-43ce-8995-d0322655d0b9_000000016669.png,1,1.0,0.515625,1,1,FAULTY,FAULTY,True,0.17822265625
/kaggle/working/processed/a57f45c7-9e7e-4543-a719-51ccc691e85e_000000007619.png,0,6.0,0.3564453,1,0,FAULTY,GOOD,False,0.17822265625
/kaggle/working/processed/04290a07-38be-4c29-80de-d23b97bb1e58_000000012568.png,0,6.0,0.41601562,1,0,FAULTY,GOOD,False,0.17822265625
/kaggle/working/processed/a8f3cf10-1093-4897-b290-ee838b69c1db_000000029484.png,0,6.0,0.4152832,1,0,FAULTY,GOOD,False,0.17822265625
/kaggle/working/processed/06a4f91d-e804-4dd2-9007-46af4e712314_000000000334.png,1,1.0,0.9995117,1,1,FAULTY,FAULTY,True,0.17822265625
/kaggle/working/processed/1148beb5-f557-4218-bf4e-047597b4db2c_000000017334.png,0,6.0,0.17822266,1,0,FAULTY,GOOD,False,0.17822265625
/kaggle/working/processed/89bf6974-ed07-4a62-82d5-4af31dce3ee8_000000006852.png,0,1.0,0.105041504,0,0,GOOD,GOOD,True,0.17822265625
/kaggle/working/processed/8c1c32b6-2c75-4108-8b54-13996b1f0a92_000000003218.png,0,6.0,0.24902344,1,0,FAULTY,GOOD,False,0.17822265625
/kaggle/working/processed/b7efdfbc-13ff-4636-9281-5ecc5e6d65dd_000000023515.png,1,1.0,0.62353516,1,1,FAULTY,FAULTY,True,0.17822265625
/kaggle/working/processed/8940c63b-e6c7-49bf-a8fd-eec55c28f94a_000000023338.png,1,1.0,0.8286133,1,1,FAULTY,FAULTY,True,0.17822265625
/kaggle/working/processed/32b9700e-bc51-434a-9a41-d7d5e4a6ca6b_000000026714.png,0,1.0,0.062561035,0,0,GOOD,GOOD,True,0.17822265625
/kaggle/working/processed/bf1400af-4b00-4c27-9baa-dc8db4e5d47a_000000014506.png,0,1.0,0.030792236,0,0,GOOD,GOOD,True,0.17822265625
/kaggle/working/processed/0e589697-3f75-47ff-96c1-b2e1886eadd5_000000028783.png,0,1.0,0.1673584,0,0,GOOD,GOOD,True,0.17822265625
/kaggle/working/processed/12fbe7d6-e6d8-48a6-b668-b0d219042648_000000001886.png,1,1.0,0.99365234,1,1,FAULTY,FAULTY,True,0.17822265625
/kaggle/working/processed/5d8b0a9f-bf58-43fb-8e4d-a8b6337b47a4_000000025060.png,1,1.0,1.0,1,1,FAULTY,FAULTY,True,0.17822265625
/kaggle/working/processed/a770327a-bca9-4886-85b5-e318feb42a4b_000000031540.png,1,1.0,0.99902344,1,1,FAULTY,FAULTY,True,0.17822265625
/kaggle/working/processed/8468f336-dbc5-44ed-b106-34aebefc9de6_000000022597.png,1,1.0,1.0,1,1,FAULTY,FAULTY,True,0.17822265625
/kaggle/working/processed/dff60c91-71ed-4750-8c73-51d5d2ebf422_000000025861.png,1,1.0,0.9970703,1,1,FAULTY,FAULTY,True,0.17822265625
/kaggle/working/processed/c6948241-9281-4571-873a-1218cbc6e82d_000000021566.png,0,1.0,0.13830566,0,0,GOOD,GOOD,True,0.17822265625
/kaggle/working/processed/849ed330-2c5a-453c-827c-5729f8cf1d10_000000004337.png,0,6.0,0.22814941,1,0,FAULTY,GOOD,False,0.17822265625
/kaggle/working/processed/386aebca-26e5-4d31-953b-00987e2c1897_000000012714.png,1,1.0,0.9980469,1,1,FAULTY,FAULTY,True,0.17822265625
/kaggle/working/processed/7bc03f4a-4ccd-4288-a066-62a95c48b324_000000016189.png,1,1.0,0.9692383,1,1,FAULTY,FAULTY,True,0.17822265625
/kaggle/working/processed/ff650444-5aae-489a-a975-8e464b3665f3_000000019308.png,0,6.0,0.16430664,0,0,GOOD,GOOD,True,0.17822265625
/kaggle/working/processed/3f6c6b21-df0b-4d48-a4f8-6cbea9d27a42_000000004308.png,1,1.0,0.99609375,1,1,FAULTY,FAULTY,True,0.17822265625
/kaggle/working/processed/1cff9b0b-34ad-4ed1-b501-7c836bac87e6_000000006344.png,1,1.0,0.71728516,1,1,FAULTY,FAULTY,True,0.17822265625
/kaggle/working/processed/01d4575d-74d7-48ad-9eb6-dd69bcd39637_000000005168.png,1,1.0,1.0,1,1,FAULTY,FAULTY,True,0.17822265625
/kaggle/working/processed/51706b2c-c87e-4e69-afe2-4b42efe4afeb_000000021638.png,0,6.0,0.3293457,1,0,FAULTY,GOOD,False,0.17822265625
/kaggle/working/processed/d2988ef3-38c3-4746-8c18-8fafd279da50_000000015023.png,1,1.0,0.68359375,1,1,FAULTY,FAULTY,True,0.17822265625
/kaggle/working/processed/2cc22589-499b-41f9-bb24-521e2211c241_000000003050.png,0,6.0,0.18115234,1,0,FAULTY,GOOD,False,0.17822265625
/kaggle/working/processed/53c2173a-d5f7-4f00-83b0-df0c13e6dd4e_000000031734.png,1,1.0,1.0,1,1,FAULTY,FAULTY,True,0.17822265625
/kaggle/working/processed/17a1e443-f8f5-4018-a0df-2abf04d19911_000000032550.png,1,1.0,1.0,1,1,FAULTY,FAULTY,True,0.17822265625
/kaggle/working/processed/8832adc9-e427-4e89-b462-1a6d70d7b494_000000000987.png,1,1.0,0.9995117,1,1,FAULTY,FAULTY,True,0.17822265625
/kaggle/working/processed/9791669f-948d-4b21-8bb6-1900276c3599_000000030015.png,0,1.0,0.052337646,0,0,GOOD,GOOD,True,0.17822265625
/kaggle/working/processed/5411b4ac-d574-47f0-b192-73656d1732c8_000000034321.png,1,1.0,1.0,1,1,FAULTY,FAULTY,True,0.17822265625
/kaggle/working/processed/4a4377ad-795f-4aa9-b74a-ea21d45805f4_000000023465.png,1,1.0,0.94189453,1,1,FAULTY,FAULTY,True,0.17822265625
/kaggle/working/processed/497c9662-e514-4e1b-b947-e53e7d34db24_000000010353.png,1,1.0,0.9946289,1,1,FAULTY,FAULTY,True,0.17822265625
/kaggle/working/processed/06fef9a4-5b11-4c7c-9334-aad64ef902a3_000000002331.png,1,1.0,0.9995117,1,1,FAULTY,FAULTY,True,0.17822265625
/kaggle/working/processed/61445b86-6067-42fd-ae94-6e1a21122c79_000000007789.png,1,1.0,0.7080078,1,1,FAULTY,FAULTY,True,0.17822265625
/kaggle/working/processed/8459c215-8bbb-4a13-be73-a76c1442c605_000000032353.png,1,1.0,1.0,1,1,FAULTY,FAULTY,True,0.17822265625
/kaggle/working/processed/6a732081-cdd6-453d-868f-d25a25b807fa_000000027573.png,0,6.0,0.14990234,0,0,GOOD,GOOD,True,0.17822265625
/kaggle/working/processed/42e05cfa-bc7f-4a2c-8fdb-09a8c5bc1199_000000009036.png,0,6.0,0.22814941,1,0,FAULTY,GOOD,False,0.17822265625
/kaggle/working/processed/abd0fe52-7441-4d7a-af18-fa852ecd1d9b_000000012377.png,1,1.0,0.99853516,1,1,FAULTY,FAULTY,True,0.17822265625
/kaggle/working/processed/82d9294d-baa4-49a6-ac5e-d3ffbeeb8563_000000015319.png,0,6.0,0.22216797,1,0,FAULTY,GOOD,False,0.17822265625
/kaggle/working/processed/fb65a5be-0a56-4018-8dab-57d24f2431f6_000000028818.png,1,1.0,0.9995117,1,1,FAULTY,FAULTY,True,0.17822265625
/kaggle/working/processed/695a87e1-f98a-4d48-ad65-fff804009ccc_000000002948.png,1,1.0,1.0,1,1,FAULTY,FAULTY,True,0.17822265625
/kaggle/working/processed/e6699f4d-05dd-464d-8fad-3971685ce9a8_000000025121.png,1,1.0,1.0,1,1,FAULTY,FAULTY,True,0.17822265625
/kaggle/working/processed/a0d5367d-99b0-436f-8afb-40cdf0cad758_000000035139.png,1,1.0,0.9926758,1,1,FAULTY,FAULTY,True,0.17822265625
/kaggle/working/processed/7c18524a-fffb-4700-a42c-ab731c38f8d0_000000015974.png,1,1.0,0.98291016,1,1,FAULTY,FAULTY,True,0.17822265625
/kaggle/working/processed/14cef9f8-d836-4f86-9b0e-c37be22aa684_000000000221.png,1,1.0,1.0,1,1,FAULTY,FAULTY,True,0.17822265625
/kaggle/working/processed/d09b8df8-cae3-4e5c-af7c-9bfa6872dffd_000000030179.png,0,6.0,0.19482422,1,0,FAULTY,GOOD,False,0.17822265625
/kaggle/working/processed/8e6edde3-5373-4b68-8e4d-80ef270fae22_000000029463.png,0,6.0,0.2006836,1,0,FAULTY,GOOD,False,0.17822265625
/kaggle/working/processed/c1366dca-9443-4eee-8510-b123c30553ff_000000033269.png,0,1.0,0.06549072,0,0,GOOD,GOOD,True,0.17822265625
/kaggle/working/processed/3af0d3b7-9588-40f8-b46d-30cab7814326_000000013408.png,1,1.0,0.7163086,1,1,FAULTY,FAULTY,True,0.17822265625
/kaggle/working/processed/651d22e5-16d7-432b-b790-e4e9ec998fbb_000000010563.png,0,1.0,0.07354736,0,0,GOOD,GOOD,True,0.17822265625
/kaggle/working/processed/36630aef-8bf1-416a-b8fb-1f5a5d4c9998_000000034312.png,0,6.0,0.37060547,1,0,FAULTY,GOOD,False,0.17822265625
/kaggle/working/processed/2e4be0e8-f78f-47c2-8c8c-96ca2cebb35b_000000026483.png,1,1.0,0.46142578,1,1,FAULTY,FAULTY,True,0.17822265625
/kaggle/working/processed/41650c0d-a725-4f50-b704-1c0b19b87876_000000025110.png,0,6.0,0.22180176,1,0,FAULTY,GOOD,False,0.17822265625
/kaggle/working/processed/73f2f685-1c18-41bf-b51e-6e8d7044d5e3_000000024950.png,1,1.0,0.21081543,1,1,FAULTY,FAULTY,True,0.17822265625
/kaggle/working/processed/edf8ef6a-7b13-43da-a524-90ad3fc66da5_000000018282.png,0,1.0,0.2746582,1,0,FAULTY,GOOD,False,0.17822265625
/kaggle/working/processed/124bdd61-9c62-4b6c-b61f-044abe8730b7_000000027611.png,0,6.0,0.19836426,1,0,FAULTY,GOOD,False,0.17822265625
/kaggle/working/processed/0c670ca9-f695-4e52-8a2a-e5626a80cf63_000000022176.png,1,1.0,1.0,1,1,FAULTY,FAULTY,True,0.17822265625
/kaggle/working/processed/dbd956ef-a615-44dd-bebb-abb8bc2f99cd_000000012509.png,0,6.0,0.2088623,1,0,FAULTY,GOOD,False,0.17822265625
/kaggle/working/processed/a867ecfc-2cdf-4a53-9806-ad83a87e2280_000000006538.png,0,6.0,0.45898438,1,0,FAULTY,GOOD,False,0.17822265625
/kaggle/working/processed/ea9e4ed5-1cfd-4fb8-b56c-af72cc973eb2_000000009016.png,0,6.0,0.25732422,1,0,FAULTY,GOOD,False,0.17822265625
/kaggle/working/processed/d099fce0-bd6f-4a2e-a3bb-990371e2f08e_000000007599.png,1,1.0,0.7163086,1,1,FAULTY,FAULTY,True,0.17822265625
/kaggle/working/processed/579fc011-8ebb-492c-ae5f-ee11303f9dad_000000023481.png,1,1.0,0.6323242,1,1,FAULTY,FAULTY,True,0.17822265625
/kaggle/working/processed/7699361f-6970-439d-af9d-68231b7041ff_000000013570.png,0,1.0,0.16894531,0,0,GOOD,GOOD,True,0.17822265625
/kaggle/working/processed/66ad0b55-c49b-44da-b183-80315e84bebd_000000001127.png,0,6.0,0.22265625,1,0,FAULTY,GOOD,False,0.17822265625
/kaggle/working/processed/b0ff57c3-7507-4835-8702-cdb12d7012c0_000000008587.png,0,1.0,0.13720703,0,0,GOOD,GOOD,True,0.17822265625
/kaggle/working/processed/3b0c7c85-806a-4140-b89b-48b1235c9e70_000000035162.png,0,6.0,0.20324707,1,0,FAULTY,GOOD,False,0.17822265625
/kaggle/working/processed/1a4dff5b-8f5b-4620-bb4a-7c91a28b6b93_000000032506.png,0,6.0,0.3696289,1,0,FAULTY,GOOD,False,0.17822265625
/kaggle/working/processed/7754c8d9-18bb-43bd-a24b-bbb4b7f0a5b1_000000020502.png,0,6.0,0.16442871,0,0,GOOD,GOOD,True,0.17822265625
/kaggle/working/processed/9634ae7a-c1c7-468d-9584-b63f948ca98c_000000029479.png,0,1.0,0.06536865,0,0,GOOD,GOOD,True,0.17822265625
/kaggle/working/processed/07f43cdd-65c9-4f9c-8314-d4df861d857e_000000015983.png,1,1.0,0.7861328,1,1,FAULTY,FAULTY,True,0.17822265625
/kaggle/working/processed/c2fefe46-43e0-4333-bf5c-7322515db2a5_000000030435.png,0,1.0,0.1217041,0,0,GOOD,GOOD,True,0.17822265625
/kaggle/working/processed/463cd2c3-6a4b-47d0-be34-6ffe73989dff_000000028595.png,1,1.0,0.7866211,1,1,FAULTY,FAULTY,True,0.17822265625
/kaggle/working/processed/28e31a13-7374-489a-8876-eae481a4ebcf_000000010591.png,0,6.0,0.11242676,0,0,GOOD,GOOD,True,0.17822265625
/kaggle/working/processed/9598276b-781e-4f2b-b27d-d1c4bee4d576_000000024845.png,1,1.0,1.0,1,1,FAULTY,FAULTY,True,0.17822265625
/kaggle/working/processed/333ffdfa-5667-4237-9547-c40b067dae52_000000015311.png,0,1.0,0.16491699,0,0,GOOD,GOOD,True,0.17822265625
/kaggle/working/processed/ab624e47-ac1b-4366-87bc-4515212f6eef_000000010701.png,1,1.0,1.0,1,1,FAULTY,FAULTY,True,0.17822265625
/kaggle/working/processed/1edcbc6b-d221-4179-8f76-5e3db403c5cc_000000031099.png,0,1.0,0.07385254,0,0,GOOD,GOOD,True,0.17822265625
/kaggle/working/processed/637b64dd-8d43-4d1f-b621-1465431172d8_000000022691.png,0,6.0,0.2290039,1,0,FAULTY,GOOD,False,0.17822265625
/kaggle/working/processed/38ba1297-151d-4e78-ab2b-545a4feb25e2_000000021417.png,0,6.0,0.2775879,1,0,FAULTY,GOOD,False,0.17822265625
/kaggle/working/processed/198e87be-ca35-4e4f-b5a7-8d74686823b2_000000033079.png,0,6.0,0.7011719,1,0,FAULTY,GOOD,False,0.17822265625
/kaggle/working/processed/2afa8ce1-1f1e-435d-adf2-04b871ef0963_000000014781.png,1,1.0,0.9995117,1,1,FAULTY,FAULTY,True,0.17822265625
/kaggle/working/processed/a4a3e29b-c5ed-4bf7-8aad-3668605715ca_000000030667.png,1,1.0,0.5307617,1,1,FAULTY,FAULTY,True,0.17822265625
/kaggle/working/processed/1b50a89d-b97d-4bf8-9d30-2e4e301ba190_000000023708.png,0,6.0,0.4453125,1,0,FAULTY,GOOD,False,0.17822265625
/kaggle/working/processed/bf278b83-aa3a-4c24-8d43-e133976cf714_000000022696.png,1,1.0,0.22045898,1,1,FAULTY,FAULTY,True,0.17822265625
/kaggle/working/processed/2d0e4fef-9fd1-412a-990d-06cf992120f7_000000020421.png,1,1.0,0.7548828,1,1,FAULTY,FAULTY,True,0.17822265625
/kaggle/working/processed/8543ac06-5adf-45e3-9049-7c15ef5f6d48_000000011140.png,1,1.0,1.0,1,1,FAULTY,FAULTY,True,0.17822265625
/kaggle/working/processed/e9e1a668-a8ba-4caa-a1d5-364a1aff5e42_000000035166.png,1,1.0,1.0,1,1,FAULTY,FAULTY,True,0.17822265625
/kaggle/working/processed/cd8c5180-1589-471a-bc5a-414b7aa64b83_000000033283.png,0,1.0,0.12176514,0,0,GOOD,GOOD,True,0.17822265625
/kaggle/working/processed/3540d813-f1b3-4e63-950b-e59852485f76_000000019314.png,0,1.0,0.14929199,0,0,GOOD,GOOD,True,0.17822265625
/kaggle/working/processed/6b85beaf-cab2-4934-bc56-9521366b3674_000000024288.png,0,6.0,0.4736328,1,0,FAULTY,GOOD,False,0.17822265625
/kaggle/working/processed/2569457c-0b6f-421a-90c1-51abba3698d8_000000002551.png,0,1.0,0.1171875,0,0,GOOD,GOOD,True,0.17822265625
/kaggle/working/processed/f7b796d9-32fa-46f3-9193-294b53ee4195_000000013317.png,1,1.0,1.0,1,1,FAULTY,FAULTY,True,0.17822265625
/kaggle/working/processed/e59cc6d9-ae25-449f-9a6e-1f4957260ca2_000000028760.png,1,1.0,0.9589844,1,1,FAULTY,FAULTY,True,0.17822265625
/kaggle/working/processed/eb821969-bd21-4785-ba42-594675537a58_000000005557.png,1,1.0,0.93603516,1,1,FAULTY,FAULTY,True,0.17822265625
/kaggle/working/processed/35a5718f-6c9d-4605-96b5-d35ac5d6d299_000000006889.png,1,1.0,0.5131836,1,1,FAULTY,FAULTY,True,0.17822265625
/kaggle/working/processed/20065a74-33b4-40d1-a262-1547ebd6990a_000000003349.png,0,1.0,0.07147217,0,0,GOOD,GOOD,True,0.17822265625
/kaggle/working/processed/7f792caf-6cde-41ed-a970-c9a3c683ad39_000000002956.png,1,1.0,1.0,1,1,FAULTY,FAULTY,True,0.17822265625
/kaggle/working/processed/2a5c2910-f1c2-4b5c-8974-93bb810a6fe0_000000011497.png,0,1.0,0.111450195,0,0,GOOD,GOOD,True,0.17822265625
/kaggle/working/processed/941336cf-6cd0-40f7-93a3-fa2654a10a42_000000017609.png,0,1.0,0.076416016,0,0,GOOD,GOOD,True,0.17822265625
/kaggle/working/processed/df79309c-0b5d-4577-a666-e2eae7b81124_000000011476.png,1,1.0,0.61035156,1,1,FAULTY,FAULTY,True,0.17822265625
/kaggle/working/processed/5f80da2f-1368-475b-8697-073ceceee894_000000023379.png,0,1.0,0.090270996,0,0,GOOD,GOOD,True,0.17822265625
/kaggle/working/processed/5eec8a3b-d748-4173-bba1-43bac45175ba_000000006287.png,1,1.0,0.9995117,1,1,FAULTY,FAULTY,True,0.17822265625
/kaggle/working/processed/df5ab535-4b8b-4cfe-a202-d8030043562c_000000020505.png,0,6.0,0.32373047,1,0,FAULTY,GOOD,False,0.17822265625
/kaggle/working/processed/cc59a439-262a-4d17-be62-f12425924873_000000032015.png,1,1.0,0.97314453,1,1,FAULTY,FAULTY,True,0.17822265625
/kaggle/working/processed/71a1e2ee-a732-4fca-af47-8891c2150d55_000000034585.png,1,1.0,1.0,1,1,FAULTY,FAULTY,True,0.17822265625
/kaggle/working/processed/3fb25e58-b6a0-498a-b6cd-eea4c1e2d66a_000000035286.png,0,6.0,0.33764648,1,0,FAULTY,GOOD,False,0.17822265625
/kaggle/working/processed/641017a7-754d-4cfe-b475-061a9fd30874_000000005364.png,1,1.0,0.99853516,1,1,FAULTY,FAULTY,True,0.17822265625
/kaggle/working/processed/1f851d6d-194c-4025-8185-8617edac0501_000000029549.png,1,1.0,1.0,1,1,FAULTY,FAULTY,True,0.17822265625
/kaggle/working/processed/f5425111-bccf-473e-8742-598b1656a135_000000033299.png,1,1.0,0.83203125,1,1,FAULTY,FAULTY,True,0.17822265625
/kaggle/working/processed/d34f7298-6eab-4b9e-ac96-afd537014d0d_000000021789.png,0,6.0,0.2277832,1,0,FAULTY,GOOD,False,0.17822265625
/kaggle/working/processed/7462a7d5-6a15-4e1e-ab5a-915b74be1f4f_000000006752.png,1,1.0,0.7167969,1,1,FAULTY,FAULTY,True,0.17822265625
/kaggle/working/processed/21dc8c22-7b48-43eb-bc51-ef3acc258a13_000000002264.png,0,1.0,0.13452148,0,0,GOOD,GOOD,True,0.17822265625
/kaggle/working/processed/7914921d-3091-4165-ae3e-92473aa7e31d_000000021800.png,1,1.0,0.97509766,1,1,FAULTY,FAULTY,True,0.17822265625
/kaggle/working/processed/94420804-4536-4d77-9526-ca6ae6830bc8_000000034963.png,1,1.0,0.9394531,1,1,FAULTY,FAULTY,True,0.17822265625
/kaggle/working/processed/ec20d761-9bb7-4965-ad62-6918ba1eb3f7_000000017276.png,1,1.0,1.0,1,1,FAULTY,FAULTY,True,0.17822265625
/kaggle/working/processed/e84da032-7895-4e9c-99cf-15a4eab658dd_000000020038.png,1,1.0,0.9140625,1,1,FAULTY,FAULTY,True,0.17822265625
/kaggle/working/processed/4cdccd8d-93f8-4bfa-a2b4-3387059df4e7_000000035126.png,1,1.0,0.5854492,1,1,FAULTY,FAULTY,True,0.17822265625
/kaggle/working/processed/e46e125a-e7d9-4f08-bec9-4a69c450da14_000000018542.png,0,1.0,0.088012695,0,0,GOOD,GOOD,True,0.17822265625
/kaggle/working/processed/f35e49bb-6d23-412b-ac55-dd1fff87808b_000000015343.png,1,1.0,0.73828125,1,1,FAULTY,FAULTY,True,0.17822265625
/kaggle/working/processed/18334679-6b20-4eb5-8980-793dc47dcae1_000000031584.png,0,6.0,0.1928711,1,0,FAULTY,GOOD,False,0.17822265625
/kaggle/working/processed/42c13c27-716c-4640-bf68-400819e8b321_000000020133.png,1,1.0,0.8569336,1,1,FAULTY,FAULTY,True,0.17822265625
/kaggle/working/processed/899e4c0c-2461-4ba7-9994-8f327303f447_000000013999.png,1,1.0,0.99853516,1,1,FAULTY,FAULTY,True,0.17822265625
/kaggle/working/processed/b71bdcdd-a3c6-4b75-8339-a735916261eb_000000032379.png,1,1.0,0.99853516,1,1,FAULTY,FAULTY,True,0.17822265625
/kaggle/working/processed/7db3ede9-8efd-4c45-aeec-b41d6910c502_000000034375.png,1,1.0,0.99902344,1,1,FAULTY,FAULTY,True,0.17822265625
/kaggle/working/processed/f4bf6837-8b04-46fd-a607-4966db501830_000000032959.png,0,6.0,0.32006836,1,0,FAULTY,GOOD,False,0.17822265625
/kaggle/working/processed/fd918634-56e7-4035-acf8-bd54427a71b3_000000033526.png,0,6.0,0.68359375,1,0,FAULTY,GOOD,False,0.17822265625
/kaggle/working/processed/1e25dd75-7f5c-4dd3-9a0d-c465835e8419_000000017922.png,0,6.0,0.27294922,1,0,FAULTY,GOOD,False,0.17822265625
/kaggle/working/processed/716ee66f-8222-417d-a4b6-eedce5a15da6_000000032679.png,0,6.0,0.15588379,0,0,GOOD,GOOD,True,0.17822265625
/kaggle/working/processed/d99963c5-d53a-4d52-ac40-a13cc9b9e98e_000000001626.png,1,1.0,1.0,1,1,FAULTY,FAULTY,True,0.17822265625
/kaggle/working/processed/44938253-5570-4c2c-9d59-8391b3bd78aa_000000007195.png,1,1.0,0.6933594,1,1,FAULTY,FAULTY,True,0.17822265625
/kaggle/working/processed/c1db7df6-dcd1-4e7b-ab8b-21e6e9a5c5eb_000000024233.png,1,1.0,0.9897461,1,1,FAULTY,FAULTY,True,0.17822265625
/kaggle/working/processed/33f4b748-4b9f-4095-b0fa-cf3b9f587b5b_000000031148.png,1,1.0,0.9980469,1,1,FAULTY,FAULTY,True,0.17822265625
/kaggle/working/processed/30901d64-b112-482c-ad0a-9afcf6db3eba_000000013971.png,1,1.0,1.0,1,1,FAULTY,FAULTY,True,0.17822265625
/kaggle/working/processed/5d013588-5d67-4aa5-a0d2-13178a023ef8_000000023745.png,0,1.0,0.18444824,1,0,FAULTY,GOOD,False,0.17822265625
/kaggle/working/processed/05a7c41b-dc75-4789-a445-9e500132c33c_000000016462.png,1,1.0,0.56347656,1,1,FAULTY,FAULTY,True,0.17822265625
/kaggle/working/processed/1c5c3e93-65cc-4013-a618-0a76fdd57064_000000016384.png,0,6.0,0.18786621,1,0,FAULTY,GOOD,False,0.17822265625
/kaggle/working/processed/1e1c7723-2cad-41c0-9c7e-68d6c1569e5e_000000019676.png,0,1.0,0.05770874,0,0,GOOD,GOOD,True,0.17822265625
/kaggle/working/processed/27263cb5-ef79-4f16-a45a-1b6e72650bc1_000000019867.png,1,1.0,1.0,1,1,FAULTY,FAULTY,True,0.17822265625
/kaggle/working/processed/b77d4ee9-9184-4862-bb38-007695099d0b_000000017172.png,1,1.0,0.9916992,1,1,FAULTY,FAULTY,True,0.17822265625
/kaggle/working/processed/2230e678-66c5-4add-a95d-19c4809354c9_000000029567.png,0,6.0,0.8076172,1,0,FAULTY,GOOD,False,0.17822265625
/kaggle/working/processed/59ec153a-4b15-4a2a-aa6b-c490cdd58603_000000003394.png,0,1.0,0.14794922,0,0,GOOD,GOOD,True,0.17822265625
/kaggle/working/processed/5b326e3c-2cc2-4eaa-b575-d4ba129daf61_000000007339.png,1,1.0,0.984375,1,1,FAULTY,FAULTY,True,0.17822265625
/kaggle/working/processed/7c93b192-dce1-4269-85ac-9b507de060c2_000000006267.png,1,1.0,1.0,1,1,FAULTY,FAULTY,True,0.17822265625
/kaggle/working/processed/e2b7d7c7-10df-4ad5-8fec-4f93b809f278_000000023116.png,1,1.0,0.9926758,1,1,FAULTY,FAULTY,True,0.17822265625
/kaggle/working/processed/5d2d77d0-5e08-46b5-b5d3-fd13a149063d_000000005179.png,1,1.0,0.7685547,1,1,FAULTY,FAULTY,True,0.17822265625
/kaggle/working/processed/eea297c3-3ea4-4a3d-92fb-b7cd61b2353c_000000033988.png,0,1.0,0.08508301,0,0,GOOD,GOOD,True,0.17822265625
/kaggle/working/processed/7f2fd468-048a-4faf-aaa6-a0e662a6a60c_000000018408.png,1,1.0,0.9902344,1,1,FAULTY,FAULTY,True,0.17822265625
/kaggle/working/processed/44e195d5-ab6a-40bc-b22c-1c1a3c39c8e5_000000034703.png,0,1.0,0.16687012,0,0,GOOD,GOOD,True,0.17822265625
/kaggle/working/processed/da9de0bd-3a94-437f-a913-400c6fbe3148_000000029832.png,0,6.0,0.20800781,1,0,FAULTY,GOOD,False,0.17822265625
/kaggle/working/processed/30886097-f9b4-4021-8f58-6cfff430e7d0_000000015032.png,1,1.0,1.0,1,1,FAULTY,FAULTY,True,0.17822265625
/kaggle/working/processed/73c7b373-0423-4c08-8c50-c3fdcfd101ca_000000000687.png,0,1.0,0.031677246,0,0,GOOD,GOOD,True,0.17822265625
/kaggle/working/processed/72cf6699-af19-4550-9ed5-8d623a3dc2b0_000000001056.png,1,1.0,0.29418945,1,1,FAULTY,FAULTY,True,0.17822265625
/kaggle/working/processed/28d95290-ddf8-4f8a-b96c-998d623c297b_000000032358.png,1,1.0,0.9345703,1,1,FAULTY,FAULTY,True,0.17822265625
/kaggle/working/processed/ef1d4a89-e832-4be0-ad95-1c494f4d4712_000000032017.png,0,6.0,0.28051758,1,0,FAULTY,GOOD,False,0.17822265625
/kaggle/working/processed/df49396a-61ab-46a2-a31d-07bc14c8ccf8_000000030425.png,1,1.0,0.99902344,1,1,FAULTY,FAULTY,True,0.17822265625
/kaggle/working/processed/a2a46860-fa5e-4a55-8234-7529ea69ca8a_000000030765.png,1,1.0,0.99121094,1,1,FAULTY,FAULTY,True,0.17822265625
/kaggle/working/processed/6cb0ebc9-32bb-43dd-a4ca-452cabf216d1_000000032995.png,1,1.0,0.9995117,1,1,FAULTY,FAULTY,True,0.17822265625
/kaggle/working/processed/20266658-b118-4407-b657-3a1610388738_000000024639.png,0,1.0,0.04876709,0,0,GOOD,GOOD,True,0.17822265625
/kaggle/working/processed/315ca2cf-7eaf-4ba8-bbb4-aedf5cab7edb_000000034823.png,0,1.0,0.07104492,0,0,GOOD,GOOD,True,0.17822265625
/kaggle/working/processed/2d052e03-4b6e-4817-928d-26dc4bafe8a1_000000025334.png,1,1.0,0.5180664,1,1,FAULTY,FAULTY,True,0.17822265625
/kaggle/working/processed/5a1f33fd-d86a-4326-9c66-77be5a676e57_000000033140.png,0,1.0,0.09057617,0,0,GOOD,GOOD,True,0.17822265625
/kaggle/working/processed/11c2a918-c340-4230-bfcd-29b9e9e8712f_000000007547.png,1,1.0,0.9794922,1,1,FAULTY,FAULTY,True,0.17822265625
/kaggle/working/processed/69ce8db6-d235-4e9e-8495-3acd6fbff740_000000025442.png,0,6.0,0.26611328,1,0,FAULTY,GOOD,False,0.17822265625
/kaggle/working/processed/f3a57256-c8dd-4e25-98ca-a9ad89adbd4d_000000015124.png,1,1.0,0.99902344,1,1,FAULTY,FAULTY,True,0.17822265625
/kaggle/working/processed/886cdaf8-8111-4489-a74d-1f1a5f8ac4c7_000000028112.png,1,1.0,0.9169922,1,1,FAULTY,FAULTY,True,0.17822265625
/kaggle/working/processed/6f972ed4-e54f-4251-b88a-ab8a1e3355a5_000000021392.png,0,6.0,0.2043457,1,0,FAULTY,GOOD,False,0.17822265625
/kaggle/working/processed/99399d0f-49df-4797-948a-256a8b198a6b_000000025020.png,0,6.0,0.17089844,0,0,GOOD,GOOD,True,0.17822265625
/kaggle/working/processed/fd937dd7-08c2-406f-a0a6-af9c19ed4341_000000016754.png,0,1.0,0.0524292,0,0,GOOD,GOOD,True,0.17822265625
/kaggle/working/processed/e4bbb9a5-2a6a-4002-9210-0759d8e1e4e9_000000000846.png,0,1.0,0.17736816,0,0,GOOD,GOOD,True,0.17822265625
/kaggle/working/processed/dd0ad4a0-bb29-40da-805c-804dc04e0a70_000000025764.png,0,1.0,0.16333008,0,0,GOOD,GOOD,True,0.17822265625
/kaggle/working/processed/13bb35ad-4349-4769-8bb9-47b9a3c6b614_000000028674.png,1,1.0,0.36499023,1,1,FAULTY,FAULTY,True,0.17822265625
/kaggle/working/processed/09f267b1-3de1-48f5-b8a0-4fd7a394ec8b_000000024718.png,1,1.0,0.9995117,1,1,FAULTY,FAULTY,True,0.17822265625
/kaggle/working/processed/d4aff21c-ae40-4d07-b249-198823784cd8_000000024041.png,1,1.0,1.0,1,1,FAULTY,FAULTY,True,0.17822265625
/kaggle/working/processed/e8d7e60d-78b3-456e-b454-6b6dd626fdaa_000000024373.png,1,1.0,1.0,1,1,FAULTY,FAULTY,True,0.17822265625
/kaggle/working/processed/a8ab11c9-f925-4464-8782-efdb2e7994ca_000000019856.png,1,1.0,1.0,1,1,FAULTY,FAULTY,True,0.17822265625
/kaggle/working/processed/4a1d1faf-42e7-448b-9086-dc1ef30a3671_000000005644.png,1,1.0,1.0,1,1,FAULTY,FAULTY,True,0.17822265625
/kaggle/working/processed/2acc0394-63a2-4fe4-bc35-b154f66f71f1_000000031604.png,0,1.0,0.14758301,0,0,GOOD,GOOD,True,0.17822265625
/kaggle/working/processed/8b0d31d1-e945-431e-ad0a-907742aaa04c_000000017090.png,0,1.0,0.14294434,0,0,GOOD,GOOD,True,0.17822265625
/kaggle/working/processed/3718ec45-412f-4327-a904-83433957ba04_000000021421.png,1,1.0,0.9814453,1,1,FAULTY,FAULTY,True,0.17822265625
/kaggle/working/processed/af1b3daf-eafd-4bbb-aba9-a9e9b1073723_000000032194.png,1,1.0,1.0,1,1,FAULTY,FAULTY,True,0.17822265625
/kaggle/working/processed/209eb369-36c4-474b-91e8-c5de1b488f10_000000006369.png,1,1.0,0.9067383,1,1,FAULTY,FAULTY,True,0.17822265625
/kaggle/working/processed/96576acb-f172-416f-a509-2436f9cd2139_000000021564.png,1,1.0,0.9995117,1,1,FAULTY,FAULTY,True,0.17822265625
/kaggle/working/processed/9a9ea52c-7a82-4a46-a3d8-e409fb8fc2c3_000000016247.png,0,1.0,0.07409668,0,0,GOOD,GOOD,True,0.17822265625
/kaggle/working/processed/248c9f10-a82b-417b-8a57-0359e0e612a1_000000033069.png,1,1.0,0.99902344,1,1,FAULTY,FAULTY,True,0.17822265625
/kaggle/working/processed/2c4fbaa4-690f-443f-8d2d-74ec05818655_000000024092.png,0,1.0,0.08343506,0,0,GOOD,GOOD,True,0.17822265625
/kaggle/working/processed/60bdc010-66a1-4b1e-9486-49346ebc1527_000000012247.png,1,1.0,1.0,1,1,FAULTY,FAULTY,True,0.17822265625
/kaggle/working/processed/bd96ec3b-00fe-4e28-a856-5edb0b509b2b_000000011985.png,1,1.0,0.68408203,1,1,FAULTY,FAULTY,True,0.17822265625
/kaggle/working/processed/b4f577c8-198b-48e4-880f-44a8be6e0a52_000000023789.png,1,1.0,0.99658203,1,1,FAULTY,FAULTY,True,0.17822265625
/kaggle/working/processed/5f0a5f44-34da-4097-8e7c-4fe18257ac08_000000033395.png,1,1.0,0.9995117,1,1,FAULTY,FAULTY,True,0.17822265625
/kaggle/working/processed/12ceb770-f0d4-4a26-bd12-14629fce9714_000000026512.png,1,1.0,1.0,1,1,FAULTY,FAULTY,True,0.17822265625
/kaggle/working/processed/2e1a3f99-1d8c-4c4c-b458-b71a3f8eca44_000000028449.png,0,6.0,0.20507812,1,0,FAULTY,GOOD,False,0.17822265625
/kaggle/working/processed/56f91e03-5e5c-45d1-ac89-f045779c1fa7_000000021299.png,0,6.0,0.19702148,1,0,FAULTY,GOOD,False,0.17822265625
/kaggle/working/processed/9c180826-859c-4e32-a265-c650bfe600dd_000000018585.png,1,1.0,0.9980469,1,1,FAULTY,FAULTY,True,0.17822265625
/kaggle/working/processed/88fa5a9d-5474-4e1d-b995-5259c1ebd608_000000032086.png,0,1.0,0.042175293,0,0,GOOD,GOOD,True,0.17822265625
/kaggle/working/processed/11ff788d-8864-4620-84b9-9d1b94c9247c_000000001230.png,1,1.0,0.9838867,1,1,FAULTY,FAULTY,True,0.17822265625
/kaggle/working/processed/a99b00a2-1f6f-4200-8357-b4b063fd9e16_000000031701.png,1,1.0,0.88623047,1,1,FAULTY,FAULTY,True,0.17822265625
/kaggle/working/processed/fd69abe2-09f1-4a60-a904-74cf5ff3dd35_000000008990.png,1,1.0,0.9995117,1,1,FAULTY,FAULTY,True,0.17822265625
/kaggle/working/processed/31f1b4d8-a1c0-468b-b273-d82879646e43_000000022909.png,1,1.0,0.9873047,1,1,FAULTY,FAULTY,True,0.17822265625
/kaggle/working/processed/36e5f466-21c8-4f5e-8c60-9863e236cd99_000000017836.png,0,1.0,0.203125,1,0,FAULTY,GOOD,False,0.17822265625
/kaggle/working/processed/a774eedd-fdb2-4fa4-9be5-353ac7d6161c_000000005381.png,1,1.0,1.0,1,1,FAULTY,FAULTY,True,0.17822265625
/kaggle/working/processed/4dbbbebc-4931-4a7d-8ab7-0b3d8350636f_000000032708.png,1,1.0,0.8930664,1,1,FAULTY,FAULTY,True,0.17822265625
/kaggle/working/processed/22db37a1-0722-4917-a35b-960f456f334b_000000001659.png,1,1.0,1.0,1,1,FAULTY,FAULTY,True,0.17822265625
/kaggle/working/processed/2659fb93-cb2d-48b5-b8c8-7e61feda488a_000000004048.png,1,1.0,0.17260742,0,1,GOOD,FAULTY,False,0.17822265625
/kaggle/working/processed/920e0c1f-3379-4f75-bdbd-567da5dc3f37_000000031571.png,1,1.0,0.76123047,1,1,FAULTY,FAULTY,True,0.17822265625
/kaggle/working/processed/cfdc0315-de30-44b8-9aed-c6e493f41845_000000032783.png,1,1.0,0.3515625,1,1,FAULTY,FAULTY,True,0.17822265625
/kaggle/working/processed/9d4df711-a7a9-4ca5-b854-1068e3dac3f8_000000009342.png,1,1.0,0.90478516,1,1,FAULTY,FAULTY,True,0.17822265625
/kaggle/working/processed/5779bc37-86b5-4afb-990a-3a120508c3ac_000000004046.png,1,1.0,1.0,1,1,FAULTY,FAULTY,True,0.17822265625
/kaggle/working/processed/ee760efb-b3c5-479c-9deb-ae7b476f9462_000000027777.png,0,1.0,0.16455078,0,0,GOOD,GOOD,True,0.17822265625
/kaggle/working/processed/ce08fb5f-d2bc-48bf-89f2-2ae34b27e327_000000012751.png,0,1.0,0.11798096,0,0,GOOD,GOOD,True,0.17822265625
/kaggle/working/processed/2410909f-d553-4ac8-be22-384a796b01cf_000000000858.png,1,1.0,0.9223633,1,1,FAULTY,FAULTY,True,0.17822265625
/kaggle/working/processed/dc4c4397-8445-41a0-9c6c-791a406a0748_000000030832.png,1,1.0,0.9995117,1,1,FAULTY,FAULTY,True,0.17822265625
/kaggle/working/processed/bda85fd7-da81-4fbc-93da-b40dae90b876_000000002535.png,0,6.0,0.50341797,1,0,FAULTY,GOOD,False,0.17822265625
/kaggle/working/processed/202eee3f-c27f-44d2-837c-2b9a8011fb88_000000026353.png,1,1.0,0.9980469,1,1,FAULTY,FAULTY,True,0.17822265625
/kaggle/working/processed/e1959c17-a2cc-4e3a-b027-359dc7116f51_000000012644.png,1,1.0,0.98876953,1,1,FAULTY,FAULTY,True,0.17822265625
/kaggle/working/processed/22d70ce9-9b6b-4d02-80b2-a32dae57d330_000000022472.png,1,1.0,1.0,1,1,FAULTY,FAULTY,True,0.17822265625
/kaggle/working/processed/ac4c8f88-48bb-4966-bb6a-8341fb316513_000000008307.png,1,1.0,0.97021484,1,1,FAULTY,FAULTY,True,0.17822265625
/kaggle/working/processed/6bd10dbc-ae0b-46ec-91ce-09ab4ba1c414_000000011602.png,0,6.0,0.19226074,1,0,FAULTY,GOOD,False,0.17822265625
/kaggle/working/processed/173143d5-7823-4945-bc1c-69a01c775f7f_000000019564.png,1,1.0,1.0,1,1,FAULTY,FAULTY,True,0.17822265625
/kaggle/working/processed/d3219134-c7f4-46f8-af47-8e185bf72c85_000000027958.png,0,1.0,0.055419922,0,0,GOOD,GOOD,True,0.17822265625
/kaggle/working/processed/3ee4b71e-4c51-458e-96f9-20f066908794_000000010862.png,0,1.0,0.13891602,0,0,GOOD,GOOD,True,0.17822265625
/kaggle/working/processed/fd2ac13c-d088-4baf-92d1-cf577fea3722_000000007122.png,1,1.0,0.99609375,1,1,FAULTY,FAULTY,True,0.17822265625
/kaggle/working/processed/b4904bde-9d79-4b5c-b115-eaab109d2fa7_000000033418.png,0,6.0,0.29541016,1,0,FAULTY,GOOD,False,0.17822265625
/kaggle/working/processed/b6430f2f-9a56-472c-896e-c2f7efe949ab_000000023956.png,1,1.0,0.72558594,1,1,FAULTY,FAULTY,True,0.17822265625
/kaggle/working/processed/6a4a1870-a10d-4138-8817-66a612261c17_000000003943.png,0,1.0,0.07330322,0,0,GOOD,GOOD,True,0.17822265625
/kaggle/working/processed/857fb4b3-056d-48ba-90a1-a8465032de26_000000011830.png,1,1.0,0.8808594,1,1,FAULTY,FAULTY,True,0.17822265625
/kaggle/working/processed/4a7cf5c9-42f7-4b2c-8707-e58396da3983_000000030811.png,0,1.0,0.2166748,1,0,FAULTY,GOOD,False,0.17822265625
/kaggle/working/processed/163aadda-58af-4866-bd99-4a8511d4ecbe_000000032314.png,0,6.0,0.16894531,0,0,GOOD,GOOD,True,0.17822265625
/kaggle/working/processed/30e8edec-a00d-42a6-9dd2-dc8a039f9c83_000000026305.png,1,1.0,0.984375,1,1,FAULTY,FAULTY,True,0.17822265625
/kaggle/working/processed/5ae8ecae-e0d6-41bb-9b74-c5fbd7f8eee7_000000018310.png,0,1.0,0.07366943,0,0,GOOD,GOOD,True,0.17822265625
/kaggle/working/processed/bac9f740-11f4-4ebf-b900-851f1347b5f8_000000009970.png,0,6.0,0.8334961,1,0,FAULTY,GOOD,False,0.17822265625
/kaggle/working/processed/ebc451ec-1a60-4d55-83a2-1a1b645ee12a_000000025294.png,0,1.0,0.24523926,1,0,FAULTY,GOOD,False,0.17822265625
/kaggle/working/processed/89cb4a68-1368-476c-8a29-4846fd0a74fe_000000015992.png,1,1.0,0.95996094,1,1,FAULTY,FAULTY,True,0.17822265625
/kaggle/working/processed/82d5f04f-982b-4913-aafd-0e782b1a9c55_000000013004.png,1,1.0,0.62939453,1,1,FAULTY,FAULTY,True,0.17822265625
/kaggle/working/processed/c60f123f-17f8-45fe-b124-c931d2de14b5_000000023410.png,1,1.0,0.9819336,1,1,FAULTY,FAULTY,True,0.17822265625
/kaggle/working/processed/eecbe317-157b-44c2-820b-0d47602d5bca_000000008879.png,0,1.0,0.046020508,0,0,GOOD,GOOD,True,0.17822265625
/kaggle/working/processed/7e39c4ee-813c-45bf-bded-fd8b3a01e09a_000000010852.png,0,1.0,0.22302246,1,0,FAULTY,GOOD,False,0.17822265625
/kaggle/working/processed/b1886ba4-09de-4d4a-8e43-d889fbe3601a_000000005710.png,0,1.0,0.05126953,0,0,GOOD,GOOD,True,0.17822265625
/kaggle/working/processed/79fafec1-92dc-4637-bc7e-332df23b4e8e_000000011891.png,0,1.0,0.14355469,0,0,GOOD,GOOD,True,0.17822265625
/kaggle/working/processed/f888559e-ade0-403c-9011-79170eb30533_000000031510.png,0,6.0,0.29248047,1,0,FAULTY,GOOD,False,0.17822265625
/kaggle/working/processed/ec7defa6-fcce-4937-ab94-5f0237bb96d0_000000017328.png,1,1.0,0.9013672,1,1,FAULTY,FAULTY,True,0.17822265625
/kaggle/working/processed/8908f599-f125-4a41-9f55-20a9e42a9074_000000030974.png,1,1.0,0.96435547,1,1,FAULTY,FAULTY,True,0.17822265625
/kaggle/working/processed/f8998bea-132b-475f-9bb2-0b8c22b8b6b4_000000025622.png,0,1.0,0.10321045,0,0,GOOD,GOOD,True,0.17822265625
/kaggle/working/processed/62da90cc-4649-48ac-8bf7-95913d36b5b3_000000001185.png,1,1.0,0.9819336,1,1,FAULTY,FAULTY,True,0.17822265625
/kaggle/working/processed/4cd3f4c4-2c65-4558-866b-05df78b0deec_000000021413.png,0,1.0,0.12817383,0,0,GOOD,GOOD,True,0.17822265625
/kaggle/working/processed/73a380fe-46d5-4ed7-9ae3-96cffd0f64dc_000000032928.png,1,1.0,0.9980469,1,1,FAULTY,FAULTY,True,0.17822265625
/kaggle/working/processed/b555f887-3d53-4925-8d1f-dc25a50e3451_000000019080.png,1,1.0,0.95410156,1,1,FAULTY,FAULTY,True,0.17822265625
/kaggle/working/processed/e5020134-06d7-483b-b10f-ec37638c21ff_000000003507.png,1,1.0,0.55810547,1,1,FAULTY,FAULTY,True,0.17822265625
/kaggle/working/processed/d0afe40e-d108-4e50-82b3-0ad12be05403_000000026371.png,0,6.0,0.59814453,1,0,FAULTY,GOOD,False,0.17822265625
/kaggle/working/processed/bb7fb892-6303-4a69-9859-3b18af2c5239_000000032301.png,0,1.0,0.1796875,1,0,FAULTY,GOOD,False,0.17822265625
/kaggle/working/processed/8c57d4e5-0a7e-478b-885c-25325a084af4_000000021627.png,1,1.0,0.88720703,1,1,FAULTY,FAULTY,True,0.17822265625
/kaggle/working/processed/db2352df-3282-480a-b541-6119bc793120_000000006430.png,1,1.0,1.0,1,1,FAULTY,FAULTY,True,0.17822265625
/kaggle/working/processed/bd52e342-c1d7-4301-8b88-62aa4e295d43_000000002498.png,1,1.0,0.6357422,1,1,FAULTY,FAULTY,True,0.17822265625
/kaggle/working/processed/9c70bb98-10a3-441d-9bf6-d3823ab233a2_000000034619.png,1,1.0,0.9746094,1,1,FAULTY,FAULTY,True,0.17822265625
/kaggle/working/processed/d810d443-168d-4f8d-82a7-20dcb1a78dbe_000000032863.png,1,1.0,0.99902344,1,1,FAULTY,FAULTY,True,0.17822265625
/kaggle/working/processed/317f7d00-cf92-4492-84bd-9bbb610fe629_000000004374.png,1,1.0,1.0,1,1,FAULTY,FAULTY,True,0.17822265625
/kaggle/working/processed/bb822734-f6ab-4ed7-b2e7-03b17ef6d73b_000000033126.png,1,1.0,0.99316406,1,1,FAULTY,FAULTY,True,0.17822265625
/kaggle/working/processed/65993317-97ab-421e-841b-d95c124b039a_000000002359.png,1,1.0,1.0,1,1,FAULTY,FAULTY,True,0.17822265625
/kaggle/working/processed/115323c0-5379-4cfc-8913-b8b9d6d65b10_000000002607.png,0,1.0,0.087402344,0,0,GOOD,GOOD,True,0.17822265625
/kaggle/working/processed/db8a2df9-54df-4d8c-9b36-64344041c165_000000001610.png,1,1.0,0.9716797,1,1,FAULTY,FAULTY,True,0.17822265625
/kaggle/working/processed/b723f601-f47b-4c99-ba84-5902e101bdb1_000000009708.png,1,1.0,1.0,1,1,FAULTY,FAULTY,True,0.17822265625
/kaggle/working/processed/5ebcc67b-eef5-4881-896d-3ee764774fd3_000000008004.png,0,1.0,0.040924072,0,0,GOOD,GOOD,True,0.17822265625
/kaggle/working/processed/90b1940d-3084-45ee-bb97-cfd04cbaface_000000015788.png,0,1.0,0.17919922,1,0,FAULTY,GOOD,False,0.17822265625
/kaggle/working/processed/8cfa3c21-5495-40b5-b2e5-6d42bdcba2a3_000000024088.png,0,6.0,0.24975586,1,0,FAULTY,GOOD,False,0.17822265625
/kaggle/working/processed/4de6cb7c-1218-4a1d-b56d-42d9ebead515_000000007942.png,0,1.0,0.1171875,0,0,GOOD,GOOD,True,0.17822265625
/kaggle/working/processed/d5915663-d4d9-44d5-9634-7d7400974384_000000020802.png,1,1.0,0.9790039,1,1,FAULTY,FAULTY,True,0.17822265625
/kaggle/working/processed/057293ab-842c-4af3-879e-f60b7e532086_000000016071.png,0,6.0,0.12854004,0,0,GOOD,GOOD,True,0.17822265625
/kaggle/working/processed/c4e9215b-721d-4e3e-a4af-78fd7c30f567_000000007168.png,1,1.0,0.95410156,1,1,FAULTY,FAULTY,True,0.17822265625
/kaggle/working/processed/42f10dd1-0cca-4f50-9f00-24d512170e76_000000010493.png,0,6.0,0.22607422,1,0,FAULTY,GOOD,False,0.17822265625
/kaggle/working/processed/a05ea7b3-fb5b-41f4-9b3a-e6a3e8b7c3cb_000000010252.png,1,1.0,1.0,1,1,FAULTY,FAULTY,True,0.17822265625
/kaggle/working/processed/5195825c-2964-4599-a31b-7b4670e84cbb_000000017341.png,1,1.0,0.99609375,1,1,FAULTY,FAULTY,True,0.17822265625
/kaggle/working/processed/59773438-aca7-47d2-a0e6-0a85c75eae13_000000009262.png,0,1.0,0.035003662,0,0,GOOD,GOOD,True,0.17822265625
/kaggle/working/processed/1e57c0c7-1d04-41cc-8117-54e3572aa687_000000024980.png,0,1.0,0.24169922,1,0,FAULTY,GOOD,False,0.17822265625
/kaggle/working/processed/ff499060-cef3-4fed-8971-73377bc18607_000000025290.png,0,1.0,0.099975586,0,0,GOOD,GOOD,True,0.17822265625
/kaggle/working/processed/fe415a9e-c34c-4921-90e6-38969fdf8f9e_000000024313.png,0,6.0,0.23791504,1,0,FAULTY,GOOD,False,0.17822265625
/kaggle/working/processed/ebccabf0-5361-4c79-ae82-d942002bdac5_000000033684.png,1,1.0,0.9423828,1,1,FAULTY,FAULTY,True,0.17822265625
/kaggle/working/processed/b9187b29-7180-47a3-9a2a-aed39ea0c52f_000000027125.png,1,1.0,0.9902344,1,1,FAULTY,FAULTY,True,0.17822265625
/kaggle/working/processed/ee74e179-7fef-4dab-a5ce-6b1c4c0f9396_000000028909.png,1,1.0,0.66308594,1,1,FAULTY,FAULTY,True,0.17822265625
/kaggle/working/processed/fa61d40d-cc60-423c-afc4-2453b9d21ed1_000000006753.png,0,6.0,0.33447266,1,0,FAULTY,GOOD,False,0.17822265625
/kaggle/working/processed/a620e4b1-7da4-4677-8bde-2114c183a31e_000000006153.png,1,1.0,0.9658203,1,1,FAULTY,FAULTY,True,0.17822265625
/kaggle/working/processed/311f6459-e32b-42d2-906a-9d94e82aef18_000000034225.png,0,1.0,0.07891846,0,0,GOOD,GOOD,True,0.17822265625
/kaggle/working/processed/d4ed852b-e3d2-48b5-a46b-bfc7db3a8515_000000029650.png,0,6.0,0.1730957,0,0,GOOD,GOOD,True,0.17822265625
/kaggle/working/processed/d2524bec-380d-4f68-bbf4-aae5b64cee37_000000032828.png,1,1.0,0.9897461,1,1,FAULTY,FAULTY,True,0.17822265625
/kaggle/working/processed/3213566f-04a5-4f37-94b2-ed9ca78ea956_000000009877.png,1,1.0,0.6689453,1,1,FAULTY,FAULTY,True,0.17822265625
/kaggle/working/processed/d2ccffb9-ff1e-4cf3-815b-8ff75e6530c3_000000024573.png,0,1.0,0.11029053,0,0,GOOD,GOOD,True,0.17822265625
/kaggle/working/processed/615c805b-26b1-48d2-9dab-a5d0c9590b29_000000034841.png,1,1.0,0.31860352,1,1,FAULTY,FAULTY,True,0.17822265625
/kaggle/working/processed/4976b473-777b-4f71-82ba-b348e8f87de0_000000016404.png,0,6.0,0.16625977,0,0,GOOD,GOOD,True,0.17822265625
/kaggle/working/processed/c7613925-904e-4e41-b213-f9766163b747_000000009150.png,1,1.0,1.0,1,1,FAULTY,FAULTY,True,0.17822265625
/kaggle/working/processed/a0516a54-adcb-4be3-8c0b-4aecf2069d37_000000032043.png,1,1.0,1.0,1,1,FAULTY,FAULTY,True,0.17822265625
/kaggle/working/processed/086aa607-4720-45b1-9296-8ae729f3ad4c_000000000997.png,1,1.0,0.99853516,1,1,FAULTY,FAULTY,True,0.17822265625
/kaggle/working/processed/9de7fcce-ca1f-4305-92eb-c2a3c5f527bb_000000017112.png,1,1.0,0.91503906,1,1,FAULTY,FAULTY,True,0.17822265625
/kaggle/working/processed/5ac906d1-633d-4bd7-bfb7-e5b2eb70fef6_000000011259.png,1,1.0,0.9995117,1,1,FAULTY,FAULTY,True,0.17822265625
/kaggle/working/processed/1824af62-bd5f-4b32-9a6c-0d1645a7f0bc_000000024790.png,0,6.0,0.4658203,1,0,FAULTY,GOOD,False,0.17822265625
/kaggle/working/processed/41990e88-4977-4a76-a71f-79a921ca7bac_000000027644.png,0,6.0,0.4753418,1,0,FAULTY,GOOD,False,0.17822265625
/kaggle/working/processed/c68cef3b-cc8f-409c-80c2-6899801107ce_000000012112.png,1,1.0,0.8671875,1,1,FAULTY,FAULTY,True,0.17822265625
/kaggle/working/processed/570b6bd4-b083-4563-8543-e5e6bf192fb7_000000009393.png,1,1.0,0.9873047,1,1,FAULTY,FAULTY,True,0.17822265625
/kaggle/working/processed/c5b7da08-bb05-4a47-a637-80dabf3d2c4e_000000034243.png,1,1.0,1.0,1,1,FAULTY,FAULTY,True,0.17822265625
/kaggle/working/processed/a723410f-44de-4b53-aaa7-89fbf180430c_000000012683.png,1,1.0,0.9975586,1,1,FAULTY,FAULTY,True,0.17822265625
/kaggle/working/processed/b483e148-cf93-4eb2-9d40-c27028727e50_000000004261.png,1,1.0,1.0,1,1,FAULTY,FAULTY,True,0.17822265625
/kaggle/working/processed/3b26749f-cf77-4a90-ba38-d28053236a6e_000000021115.png,0,1.0,0.11694336,0,0,GOOD,GOOD,True,0.17822265625
/kaggle/working/processed/b90e4be7-f0f3-4d9d-b7e4-698ba70a0efa_000000021940.png,0,1.0,0.11199951,0,0,GOOD,GOOD,True,0.17822265625
/kaggle/working/processed/cd9a813d-1b54-47ab-9de0-69da5b081869_000000004034.png,0,1.0,0.06707764,0,0,GOOD,GOOD,True,0.17822265625
/kaggle/working/processed/aaa0f538-177f-475a-a0c6-29c6c6b13ee4_000000006782.png,1,1.0,0.87890625,1,1,FAULTY,FAULTY,True,0.17822265625
/kaggle/working/processed/9e018dd7-87f2-4a37-80d8-8e852d99b8fe_000000029807.png,0,6.0,0.5419922,1,0,FAULTY,GOOD,False,0.17822265625
/kaggle/working/processed/e4dc3acc-35cc-4cde-abd7-4a8908cc723f_000000018551.png,0,1.0,0.05706787,0,0,GOOD,GOOD,True,0.17822265625
/kaggle/working/processed/cccde77c-6e71-4475-a333-efcf10694261_000000018935.png,1,1.0,0.9995117,1,1,FAULTY,FAULTY,True,0.17822265625
/kaggle/working/processed/8bf94451-7478-4d67-807b-89b506110bfe_000000003971.png,1,1.0,0.9135742,1,1,FAULTY,FAULTY,True,0.17822265625
/kaggle/working/processed/aeed35f9-5bbe-4724-9b67-df096f9e71c1_000000022227.png,1,1.0,0.5913086,1,1,FAULTY,FAULTY,True,0.17822265625
/kaggle/working/processed/7007d58c-6f8b-4445-bc38-f04d09c71628_000000004550.png,1,1.0,0.9995117,1,1,FAULTY,FAULTY,True,0.17822265625
/kaggle/working/processed/be83ef9b-afae-4997-9b69-78391fb06e19_000000026308.png,1,1.0,0.50878906,1,1,FAULTY,FAULTY,True,0.17822265625
/kaggle/working/processed/737bd19e-af4d-4108-afcb-b51dbd0df3b9_000000004953.png,1,1.0,0.9995117,1,1,FAULTY,FAULTY,True,0.17822265625
/kaggle/working/processed/c52fef42-07ca-4712-938b-048ddc10a8c8_000000034943.png,1,1.0,0.9824219,1,1,FAULTY,FAULTY,True,0.17822265625
/kaggle/working/processed/66105365-5b2f-4bb6-8437-a125c526817e_000000012987.png,1,1.0,0.99658203,1,1,FAULTY,FAULTY,True,0.17822265625
/kaggle/working/processed/43c2c69d-63d8-468e-bdb8-ec75499404b6_000000024942.png,1,1.0,0.9995117,1,1,FAULTY,FAULTY,True,0.17822265625
/kaggle/working/processed/0decb498-263f-4197-ad53-83c2c5fbf238_000000003803.png,1,1.0,0.6401367,1,1,FAULTY,FAULTY,True,0.17822265625
/kaggle/working/processed/b265644a-f3fa-42a8-a889-d85ec3f53e66_000000030231.png,1,1.0,1.0,1,1,FAULTY,FAULTY,True,0.17822265625
/kaggle/working/processed/f74351fa-22d3-45ba-ba35-7d81f4578487_000000030292.png,0,6.0,0.16748047,0,0,GOOD,GOOD,True,0.17822265625
/kaggle/working/processed/579994f2-5650-48af-be4d-86b537471fbd_000000000691.png,1,1.0,1.0,1,1,FAULTY,FAULTY,True,0.17822265625
/kaggle/working/processed/72c9d512-c57b-44b9-a219-84989937005d_000000010868.png,1,1.0,0.8779297,1,1,FAULTY,FAULTY,True,0.17822265625
/kaggle/working/processed/bcc581d9-f0de-4bb8-aaf4-484579ba03b4_000000014495.png,1,1.0,0.97753906,1,1,FAULTY,FAULTY,True,0.17822265625
/kaggle/working/processed/1f330199-cf11-432d-9361-36dbf9a4fa4c_000000000750.png,1,1.0,0.9355469,1,1,FAULTY,FAULTY,True,0.17822265625
/kaggle/working/processed/3fc84db2-8689-4c25-800c-e751bb9d3841_000000022443.png,1,1.0,0.4753418,1,1,FAULTY,FAULTY,True,0.17822265625
/kaggle/working/processed/2c91e74f-13db-4ee8-98dc-1d9054893c8b_000000015737.png,1,1.0,0.98095703,1,1,FAULTY,FAULTY,True,0.17822265625
/kaggle/working/processed/e7114464-1598-41be-9555-e9a328237242_000000033371.png,1,1.0,0.91503906,1,1,FAULTY,FAULTY,True,0.17822265625
/kaggle/working/processed/34e85aba-1841-4eef-9e25-95da1f95c821_000000012897.png,1,1.0,0.9038086,1,1,FAULTY,FAULTY,True,0.17822265625
/kaggle/working/processed/bef4f31d-8aa9-413d-a3bc-61596108cfb4_000000018449.png,0,6.0,0.47338867,1,0,FAULTY,GOOD,False,0.17822265625
/kaggle/working/processed/4f7a22b9-9468-46fd-b516-2eafae80d7c1_000000033129.png,0,1.0,0.1694336,0,0,GOOD,GOOD,True,0.17822265625
/kaggle/working/processed/95403aaa-aad8-4406-aa9c-f4379912afa2_000000001774.png,1,1.0,0.9995117,1,1,FAULTY,FAULTY,True,0.17822265625
/kaggle/working/processed/d1bf4556-c5f3-4fc1-900d-a93263aa982e_000000026711.png,1,1.0,0.5527344,1,1,FAULTY,FAULTY,True,0.17822265625
/kaggle/working/processed/21521396-24cd-4888-aa82-4ceca0210fbd_000000032191.png,1,1.0,0.609375,1,1,FAULTY,FAULTY,True,0.17822265625
/kaggle/working/processed/8f6a08e6-b0a2-4fc4-b367-502e8e2a8396_000000012994.png,1,1.0,0.99902344,1,1,FAULTY,FAULTY,True,0.17822265625
/kaggle/working/processed/6bc82f59-7ab9-420e-88b9-70c28994b391_000000010161.png,0,1.0,0.027740479,0,0,GOOD,GOOD,True,0.17822265625
/kaggle/working/processed/4e886b14-2508-4cf0-935e-41974cd5cd7f_000000003455.png,0,1.0,0.06951904,0,0,GOOD,GOOD,True,0.17822265625
/kaggle/working/processed/763a6647-78c2-4e5b-8f45-6d2212f184c0_000000013606.png,0,6.0,0.35253906,1,0,FAULTY,GOOD,False,0.17822265625
/kaggle/working/processed/1af445c3-d221-4133-ad47-4f69b97949db_000000006222.png,1,1.0,1.0,1,1,FAULTY,FAULTY,True,0.17822265625
/kaggle/working/processed/347eb4f0-06ed-4826-b6ff-74b1cbdb577d_000000021668.png,1,1.0,0.99609375,1,1,FAULTY,FAULTY,True,0.17822265625
/kaggle/working/processed/27f3f7a9-4ae4-4ec6-bb49-46b0df2e02d3_000000011191.png,1,1.0,0.7832031,1,1,FAULTY,FAULTY,True,0.17822265625
/kaggle/working/processed/8572dccf-0865-4a42-bc24-9faf116a1250_000000010286.png,0,1.0,0.12213135,0,0,GOOD,GOOD,True,0.17822265625
/kaggle/working/processed/e82622ef-47ad-4c81-9ee5-d01456285b41_000000009249.png,1,1.0,0.9941406,1,1,FAULTY,FAULTY,True,0.17822265625
/kaggle/working/processed/52407346-18f6-48ae-b4cb-3d588220fc01_000000010507.png,0,1.0,0.05633545,0,0,GOOD,GOOD,True,0.17822265625
/kaggle/working/processed/883fab1a-36eb-41bb-a89f-90d02fa0fe8a_000000029183.png,1,1.0,0.99609375,1,1,FAULTY,FAULTY,True,0.17822265625
/kaggle/working/processed/fe217969-bde7-4873-b21b-027d51c5002b_000000004207.png,0,1.0,0.042022705,0,0,GOOD,GOOD,True,0.17822265625
/kaggle/working/processed/7a0446d3-e034-4e24-99d7-01fae82b0a1a_000000026738.png,1,1.0,0.5961914,1,1,FAULTY,FAULTY,True,0.17822265625
/kaggle/working/processed/675fff7b-ebee-46b0-b005-ddca332ff1a0_000000032187.png,1,1.0,0.2944336,1,1,FAULTY,FAULTY,True,0.17822265625
/kaggle/working/processed/7aed60b8-46af-4568-8f19-c5de3dc55aee_000000002245.png,0,6.0,0.2722168,1,0,FAULTY,GOOD,False,0.17822265625
/kaggle/working/processed/f28121db-92d3-4105-b1f8-a5625fb408cd_000000020113.png,1,1.0,0.95166016,1,1,FAULTY,FAULTY,True,0.17822265625
/kaggle/working/processed/9af163e8-6225-4ba5-a33a-acc1a8bbc89c_000000004216.png,0,6.0,0.19238281,1,0,FAULTY,GOOD,False,0.17822265625
/kaggle/working/processed/b96ecc0e-383f-42fe-a86e-27e957ae0193_000000007553.png,1,1.0,0.9980469,1,1,FAULTY,FAULTY,True,0.17822265625
/kaggle/working/processed/0ec571fe-0905-4c8c-ae5e-e456d7f1baba_000000027592.png,0,6.0,0.24291992,1,0,FAULTY,GOOD,False,0.17822265625
/kaggle/working/processed/d12e8907-c276-404d-8e4b-ee6b872495f1_000000008178.png,0,1.0,0.033843994,0,0,GOOD,GOOD,True,0.17822265625
/kaggle/working/processed/3763dc7e-dba0-4ba0-b910-eb7d938a7887_000000020926.png,1,1.0,0.9995117,1,1,FAULTY,FAULTY,True,0.17822265625
/kaggle/working/processed/1b6833de-b76d-45c8-8cce-de9a8955edb0_000000016429.png,0,1.0,0.13964844,0,0,GOOD,GOOD,True,0.17822265625
/kaggle/working/processed/96c07628-177a-4313-b8c1-f3cd20b782fc_000000012176.png,1,1.0,1.0,1,1,FAULTY,FAULTY,True,0.17822265625
/kaggle/working/processed/3f3d5e60-a9e2-42fe-818b-31ad03fbfb9e_000000031948.png,0,1.0,0.022583008,0,0,GOOD,GOOD,True,0.17822265625
/kaggle/working/processed/c149374e-7315-449f-b626-ed188845ed3f_000000022421.png,1,1.0,0.99853516,1,1,FAULTY,FAULTY,True,0.17822265625
/kaggle/working/processed/73d8bc31-c324-469a-98e8-f38e30d03918_000000034752.png,1,1.0,0.9921875,1,1,FAULTY,FAULTY,True,0.17822265625
/kaggle/working/processed/444ea26e-c7c5-41d9-9c6e-9e4137f726f2_000000001040.png,1,1.0,0.54345703,1,1,FAULTY,FAULTY,True,0.17822265625
/kaggle/working/processed/aded498a-8834-4380-b945-6fa64d0ace61_000000035073.png,1,1.0,0.97265625,1,1,FAULTY,FAULTY,True,0.17822265625
/kaggle/working/processed/1b374316-ca57-47ff-9777-d76442161734_000000003695.png,0,6.0,0.3564453,1,0,FAULTY,GOOD,False,0.17822265625
/kaggle/working/processed/f16507cf-61e0-4484-acac-4ffd1b1e129a_000000031140.png,1,1.0,0.89697266,1,1,FAULTY,FAULTY,True,0.17822265625
/kaggle/working/processed/f370853b-499b-40da-9df7-7dca9b64f192_000000016930.png,1,1.0,0.9580078,1,1,FAULTY,FAULTY,True,0.17822265625
/kaggle/working/processed/28aaf9d0-4be1-46b8-a073-e2f805da4fd8_000000014270.png,1,1.0,0.86816406,1,1,FAULTY,FAULTY,True,0.17822265625
/kaggle/working/processed/21424bd5-862a-4c1d-9073-857820cfc3d6_000000016850.png,1,1.0,0.36523438,1,1,FAULTY,FAULTY,True,0.17822265625
/kaggle/working/processed/771280df-b6a4-45dc-a6df-7f106ee21223_000000012225.png,0,1.0,0.092041016,0,0,GOOD,GOOD,True,0.17822265625
/kaggle/working/processed/6425f115-1163-409d-b616-885fd40df1e7_000000029730.png,1,1.0,0.3918457,1,1,FAULTY,FAULTY,True,0.17822265625
/kaggle/working/processed/082084c6-e7b3-4b0e-993a-24b9d07f46bd_000000000918.png,1,1.0,0.8076172,1,1,FAULTY,FAULTY,True,0.17822265625
/kaggle/working/processed/d058749b-690a-4407-854f-5cf786ad25ff_000000025750.png,0,1.0,0.1015625,0,0,GOOD,GOOD,True,0.17822265625
/kaggle/working/processed/4ddad526-bc64-4b06-9e03-0f08da34b3cc_000000024743.png,0,6.0,0.23583984,1,0,FAULTY,GOOD,False,0.17822265625
/kaggle/working/processed/1d260dff-db1a-400c-afb4-9ff2a029935a_000000028863.png,0,6.0,0.29541016,1,0,FAULTY,GOOD,False,0.17822265625
/kaggle/working/processed/25ccc4d1-5d48-46bd-84ae-7c569e153946_000000005020.png,0,6.0,0.49853516,1,0,FAULTY,GOOD,False,0.17822265625
/kaggle/working/processed/370c6e31-5637-4a2c-b43f-5fb4ea682d90_000000001908.png,1,1.0,0.7993164,1,1,FAULTY,FAULTY,True,0.17822265625
/kaggle/working/processed/41646d63-01f4-47dd-b250-fc0f765fda84_000000032938.png,1,1.0,1.0,1,1,FAULTY,FAULTY,True,0.17822265625
/kaggle/working/processed/1dee2c89-ba82-4d43-9826-e47a7065dc63_000000012934.png,1,1.0,1.0,1,1,FAULTY,FAULTY,True,0.17822265625
/kaggle/working/processed/ef4f113b-c0ae-4ef4-a284-c50b018f4a97_000000014713.png,0,1.0,0.054504395,0,0,GOOD,GOOD,True,0.17822265625
/kaggle/working/processed/f737c1d7-d734-43eb-8e37-c550452399fe_000000031089.png,0,6.0,0.15625,0,0,GOOD,GOOD,True,0.17822265625
/kaggle/working/processed/521744b1-87e7-4ee5-b79b-e944c04807e8_000000005833.png,0,1.0,0.08270264,0,0,GOOD,GOOD,True,0.17822265625
/kaggle/working/processed/9ca943a4-8b6d-4930-a37a-65165c25068a_000000008626.png,0,6.0,0.1730957,0,0,GOOD,GOOD,True,0.17822265625
/kaggle/working/processed/e97d9d78-9809-4df5-8a3a-2498f93f9c2b_000000024798.png,1,1.0,0.98779297,1,1,FAULTY,FAULTY,True,0.17822265625
/kaggle/working/processed/ddec23a8-bed8-43b5-9339-2f1b6c6c0d8e_000000006605.png,1,1.0,1.0,1,1,FAULTY,FAULTY,True,0.17822265625
/kaggle/working/processed/475b9cca-eafb-4fe2-b5e4-bdd8419989ca_000000026068.png,0,1.0,0.21142578,1,0,FAULTY,GOOD,False,0.17822265625
/kaggle/working/processed/8ac94a82-8956-45aa-8123-099afa35c2fb_000000030462.png,1,1.0,0.9995117,1,1,FAULTY,FAULTY,True,0.17822265625
/kaggle/working/processed/b5470561-a390-4174-9f0f-839b1760363a_000000029881.png,1,1.0,0.62646484,1,1,FAULTY,FAULTY,True,0.17822265625
/kaggle/working/processed/1e4c4f35-85da-4c2c-a3dd-ad61a13a7ac8_000000017718.png,0,1.0,0.049957275,0,0,GOOD,GOOD,True,0.17822265625
/kaggle/working/processed/05be9e7a-0ae1-42bf-836a-a15cc2cab540_000000004230.png,1,1.0,0.5439453,1,1,FAULTY,FAULTY,True,0.17822265625
/kaggle/working/processed/4d8f1c4f-91cb-417a-9b8c-240ab1774a26_000000002332.png,1,1.0,0.99609375,1,1,FAULTY,FAULTY,True,0.17822265625
/kaggle/working/processed/ca4fa520-e744-49b7-9079-db9d481755ff_000000003723.png,0,1.0,0.10797119,0,0,GOOD,GOOD,True,0.17822265625
/kaggle/working/processed/83afdbcf-bca8-4140-a9df-986f2c98f172_000000023890.png,1,1.0,1.0,1,1,FAULTY,FAULTY,True,0.17822265625
/kaggle/working/processed/f7ed2cfa-9c9a-4a01-9ac9-2fe6ffac28a0_000000003359.png,0,1.0,0.105041504,0,0,GOOD,GOOD,True,0.17822265625
/kaggle/working/processed/49030e77-f0f2-4227-b713-f03336d38193_000000003611.png,0,1.0,0.035064697,0,0,GOOD,GOOD,True,0.17822265625
/kaggle/working/processed/19baa572-cf6a-4d75-9128-fe7827481d73_000000002407.png,0,1.0,0.06384277,0,0,GOOD,GOOD,True,0.17822265625
/kaggle/working/processed/ffb634f9-4368-4db0-b2c9-ad4000d99c0c_000000017716.png,1,1.0,0.99902344,1,1,FAULTY,FAULTY,True,0.17822265625
/kaggle/working/processed/4ab3c6b7-9a85-4a4f-83e0-c64b2ed5ae50_000000017367.png,1,1.0,1.0,1,1,FAULTY,FAULTY,True,0.17822265625
/kaggle/working/processed/c7950a79-45f3-4a43-88b7-6be462390a58_000000015987.png,1,1.0,0.61279297,1,1,FAULTY,FAULTY,True,0.17822265625
/kaggle/working/processed/739d70d6-46c6-45bb-84c7-af38543b1293_000000014328.png,1,1.0,1.0,1,1,FAULTY,FAULTY,True,0.17822265625
/kaggle/working/processed/d5bbe0ef-8901-4f4f-b843-c7f7dfdb3403_000000011569.png,1,1.0,0.59472656,1,1,FAULTY,FAULTY,True,0.17822265625
/kaggle/working/processed/2ccbe77b-6707-4f76-a68b-7bc7cd432f5d_000000025703.png,1,1.0,0.8154297,1,1,FAULTY,FAULTY,True,0.17822265625
/kaggle/working/processed/0fece0ea-5460-4a28-a3c9-1d367d20d0c3_000000024230.png,0,1.0,0.041137695,0,0,GOOD,GOOD,True,0.17822265625
/kaggle/working/processed/c6587b7b-92d9-4733-8f2b-d4ad6446a6f0_000000022357.png,1,1.0,0.56884766,1,1,FAULTY,FAULTY,True,0.17822265625
/kaggle/working/processed/5fb80a9b-9edd-4aec-9fb2-bf273251d61a_000000032603.png,0,1.0,0.17663574,0,0,GOOD,GOOD,True,0.17822265625
/kaggle/working/processed/b0253ba4-e42f-4252-9e9a-346ec9dfa78d_000000025996.png,0,6.0,0.22460938,1,0,FAULTY,GOOD,False,0.17822265625
/kaggle/working/processed/b42a352b-5f48-4a25-b1d0-7449cc8580f3_000000016205.png,0,1.0,0.16503906,0,0,GOOD,GOOD,True,0.17822265625
/kaggle/working/processed/fac49350-a385-4ebd-92f8-96bd2432350d_000000029648.png,1,1.0,0.9970703,1,1,FAULTY,FAULTY,True,0.17822265625
/kaggle/working/processed/6cc529c7-b718-4017-a5f0-9950f9b31f91_000000006123.png,0,1.0,0.11437988,0,0,GOOD,GOOD,True,0.17822265625
/kaggle/working/processed/12af5944-9c82-4683-b247-bbc3260cae55_000000018708.png,1,1.0,1.0,1,1,FAULTY,FAULTY,True,0.17822265625
/kaggle/working/processed/2e70e49d-9dbb-479e-8b7d-b4d0e1d29f34_000000012383.png,0,1.0,0.048950195,0,0,GOOD,GOOD,True,0.17822265625
/kaggle/working/processed/2d602256-0b0c-4fba-a7ba-5b160b0aea03_000000005922.png,0,6.0,0.26123047,1,0,FAULTY,GOOD,False,0.17822265625
/kaggle/working/processed/db4a75ce-a1eb-4761-bc63-62ca983473e2_000000022875.png,1,1.0,1.0,1,1,FAULTY,FAULTY,True,0.17822265625
/kaggle/working/processed/c00bc6f0-8eb8-4ca4-9d57-dc701c3aabfb_000000025971.png,1,1.0,0.7314453,1,1,FAULTY,FAULTY,True,0.17822265625
/kaggle/working/processed/de2c1ed7-af0c-4ffd-b0c0-bed7e34432d6_000000006516.png,1,1.0,0.9995117,1,1,FAULTY,FAULTY,True,0.17822265625
/kaggle/working/processed/5b369053-5eea-4018-adb8-0558bb11ce72_000000028485.png,0,6.0,0.31445312,1,0,FAULTY,GOOD,False,0.17822265625
/kaggle/working/processed/439889ef-0c23-4010-936b-6433bf234341_000000028065.png,0,1.0,0.07385254,0,0,GOOD,GOOD,True,0.17822265625
/kaggle/working/processed/9d69bd18-085c-4680-98f2-359995de251f_000000003384.png,1,1.0,0.5102539,1,1,FAULTY,FAULTY,True,0.17822265625
/kaggle/working/processed/cfa10dcf-6eb3-4aca-8417-8d2e1a3f79f0_000000010739.png,1,1.0,1.0,1,1,FAULTY,FAULTY,True,0.17822265625
/kaggle/working/processed/11414c70-5b6b-43f6-bbe1-4ede6662b0f3_000000004935.png,0,6.0,0.20861816,1,0,FAULTY,GOOD,False,0.17822265625
/kaggle/working/processed/ee781b68-1973-4619-b512-a3a9376cf008_000000018025.png,1,1.0,0.56103516,1,1,FAULTY,FAULTY,True,0.17822265625
/kaggle/working/processed/026d886a-f158-4be5-8530-28e7385cb571_000000017510.png,0,1.0,0.15515137,0,0,GOOD,GOOD,True,0.17822265625
/kaggle/working/processed/eb085a35-1ef9-4d28-a5a7-fb3f0aafe612_000000011801.png,1,1.0,0.9980469,1,1,FAULTY,FAULTY,True,0.17822265625
/kaggle/working/processed/59edbf61-b68e-419a-9fc9-a572e9b24600_000000027693.png,1,1.0,0.4116211,1,1,FAULTY,FAULTY,True,0.17822265625
/kaggle/working/processed/c3aea9a6-a0ce-4f85-a3a8-de6199ff089a_000000030741.png,0,1.0,0.11798096,0,0,GOOD,GOOD,True,0.17822265625
/kaggle/working/processed/94be435d-390d-4b48-b565-173ef012685e_000000015685.png,0,1.0,0.07043457,0,0,GOOD,GOOD,True,0.17822265625
/kaggle/working/processed/0a341bb0-b227-4cdc-8d1e-bca613cb57de_000000009991.png,0,6.0,0.22167969,1,0,FAULTY,GOOD,False,0.17822265625
/kaggle/working/processed/26046b49-ad94-435d-9175-05432c4bf5cf_000000011839.png,1,1.0,0.9926758,1,1,FAULTY,FAULTY,True,0.17822265625
/kaggle/working/processed/453202af-e172-4b97-ac12-47adb8af38ce_000000003509.png,0,1.0,0.08850098,0,0,GOOD,GOOD,True,0.17822265625
/kaggle/working/processed/aa5362b4-8ce0-4be5-a825-1e2e87cefbfc_000000002002.png,1,1.0,0.9897461,1,1,FAULTY,FAULTY,True,0.17822265625
/kaggle/working/processed/9cd70ebd-eeea-4a89-8da6-5bff1751dcd5_000000015999.png,1,1.0,1.0,1,1,FAULTY,FAULTY,True,0.17822265625
/kaggle/working/processed/9be0e891-ce71-4937-8b70-04a1fac5a941_000000032957.png,0,1.0,0.14978027,0,0,GOOD,GOOD,True,0.17822265625
/kaggle/working/processed/cc060ab5-f430-4c3d-bce9-34e3c1b9019b_000000031909.png,1,1.0,0.92578125,1,1,FAULTY,FAULTY,True,0.17822265625
/kaggle/working/processed/e1797e2f-9605-447b-9a3b-9660ed78f549_000000026635.png,1,1.0,0.9526367,1,1,FAULTY,FAULTY,True,0.17822265625
/kaggle/working/processed/6ff070a3-5680-4f28-8f4c-7d6848d31da4_000000032283.png,0,1.0,0.111450195,0,0,GOOD,GOOD,True,0.17822265625
/kaggle/working/processed/ede40379-e958-40fc-98bc-72f2fd5d2c05_000000026414.png,1,1.0,0.99902344,1,1,FAULTY,FAULTY,True,0.17822265625
/kaggle/working/processed/41df010a-daaf-4bff-a2a3-581e27270cbf_000000033226.png,1,1.0,1.0,1,1,FAULTY,FAULTY,True,0.17822265625
/kaggle/working/processed/0eef77c3-929a-4607-8696-5386dc2ce38a_000000032881.png,1,1.0,1.0,1,1,FAULTY,FAULTY,True,0.17822265625
/kaggle/working/processed/82a2d4e8-8493-42a6-b545-e5f680ce241a_000000021836.png,1,1.0,0.9995117,1,1,FAULTY,FAULTY,True,0.17822265625
/kaggle/working/processed/4259a601-3120-4445-b3ee-7bdfb236f3e3_000000021769.png,1,1.0,0.8413086,1,1,FAULTY,FAULTY,True,0.17822265625
/kaggle/working/processed/be8f80d0-cf8c-4898-8017-4ab05a4fd1d1_000000019987.png,1,1.0,1.0,1,1,FAULTY,FAULTY,True,0.17822265625
/kaggle/working/processed/89749047-7722-4585-b3be-e6e9698dd143_000000006684.png,1,1.0,0.98779297,1,1,FAULTY,FAULTY,True,0.17822265625
/kaggle/working/processed/51fe91f8-820c-49b8-92d3-407255a9bee9_000000033100.png,0,1.0,0.16149902,0,0,GOOD,GOOD,True,0.17822265625
/kaggle/working/processed/7f1447ba-6c5f-4826-abd0-0d04bbc8f6c3_000000008145.png,0,1.0,0.16479492,0,0,GOOD,GOOD,True,0.17822265625
/kaggle/working/processed/42a71e5e-7882-45e4-ae5b-dd1a5ff5291d_000000011889.png,0,1.0,0.07342529,0,0,GOOD,GOOD,True,0.17822265625
/kaggle/working/processed/0ee2d9d0-ceee-49b0-861c-c86d44a8f2c0_000000004284.png,1,1.0,0.4416504,1,1,FAULTY,FAULTY,True,0.17822265625
/kaggle/working/processed/06add1fd-8830-47ba-b884-f8de0816b608_000000030556.png,0,1.0,0.056854248,0,0,GOOD,GOOD,True,0.17822265625
/kaggle/working/processed/1ebb619f-25a8-4fea-8bb8-8db0de4e8725_000000028043.png,0,6.0,0.31762695,1,0,FAULTY,GOOD,False,0.17822265625
/kaggle/working/processed/9e39257e-915e-4603-af77-c95f23ec559d_000000017742.png,0,1.0,0.15661621,0,0,GOOD,GOOD,True,0.17822265625
/kaggle/working/processed/31ee71cd-158d-4e34-a922-59eaf9827494_000000003132.png,1,1.0,0.9926758,1,1,FAULTY,FAULTY,True,0.17822265625
/kaggle/working/processed/c180c403-0b44-44ad-9e9c-6914d7675475_000000011077.png,1,1.0,1.0,1,1,FAULTY,FAULTY,True,0.17822265625
/kaggle/working/processed/5a6ebfe3-76a9-4819-b4ee-e2fc20ec2703_000000031552.png,0,1.0,0.09844971,0,0,GOOD,GOOD,True,0.17822265625
/kaggle/working/processed/e754e64e-a8b3-407c-8330-f81bab641dcf_000000013533.png,0,1.0,0.032958984,0,0,GOOD,GOOD,True,0.17822265625
/kaggle/working/processed/a8edc9e1-9dd9-4fe7-9f71-a5e4e5e8535e_000000012207.png,0,1.0,0.055725098,0,0,GOOD,GOOD,True,0.17822265625
/kaggle/working/processed/1c06acb2-783d-43c6-aefb-298cd76c0d02_000000020365.png,1,1.0,0.6088867,1,1,FAULTY,FAULTY,True,0.17822265625
/kaggle/working/processed/471b8e0d-f035-440d-a4fa-bb12d158a0df_000000021017.png,1,1.0,0.2166748,1,1,FAULTY,FAULTY,True,0.17822265625
/kaggle/working/processed/5cfa564a-09f6-47d4-8e59-79bc4a567826_000000009958.png,0,1.0,0.024841309,0,0,GOOD,GOOD,True,0.17822265625
/kaggle/working/processed/d65526d3-03c8-4300-810d-5e9396a14821_000000028329.png,1,1.0,1.0,1,1,FAULTY,FAULTY,True,0.17822265625
/kaggle/working/processed/e63db6ef-85b5-433c-a153-22276849b326_000000018409.png,0,1.0,0.08618164,0,0,GOOD,GOOD,True,0.17822265625
/kaggle/working/processed/fa019ef7-0a26-455f-b916-9c919e65cb07_000000021326.png,0,6.0,0.5292969,1,0,FAULTY,GOOD,False,0.17822265625
/kaggle/working/processed/3e56971c-b29b-4123-a5b2-f150f49c5b5b_000000006779.png,1,1.0,0.99853516,1,1,FAULTY,FAULTY,True,0.17822265625
/kaggle/working/processed/c0a2b706-dbbc-47f7-8005-e12526b71189_000000013384.png,1,1.0,0.99902344,1,1,FAULTY,FAULTY,True,0.17822265625
/kaggle/working/processed/989dae74-08a1-41ff-9766-0b3932ddc519_000000027734.png,0,1.0,0.07476807,0,0,GOOD,GOOD,True,0.17822265625
/kaggle/working/processed/7061e272-067d-4e86-993e-c2c1cb0fa196_000000032579.png,0,6.0,0.21398926,1,0,FAULTY,GOOD,False,0.17822265625
/kaggle/working/processed/6b1e2beb-7bfa-4362-b3f4-ef332dff649a_000000011976.png,1,1.0,0.98583984,1,1,FAULTY,FAULTY,True,0.17822265625
/kaggle/working/processed/0affb697-f252-45b2-be19-f2107a32e74a_000000006762.png,1,1.0,0.49169922,1,1,FAULTY,FAULTY,True,0.17822265625
/kaggle/working/processed/04136a04-442f-471d-87ca-ca4775173e9a_000000026175.png,0,1.0,0.08569336,0,0,GOOD,GOOD,True,0.17822265625
/kaggle/working/processed/ce9dd897-5f4b-48b1-987c-c28b0911cc78_000000028869.png,1,1.0,1.0,1,1,FAULTY,FAULTY,True,0.17822265625
/kaggle/working/processed/e8b43c4d-76be-4ad3-ac10-2e3acc78cb52_000000006913.png,1,1.0,1.0,1,1,FAULTY,FAULTY,True,0.17822265625
/kaggle/working/processed/4475a3f0-6d9e-418b-80d0-e84e02c4fea9_000000032474.png,1,1.0,0.5576172,1,1,FAULTY,FAULTY,True,0.17822265625
/kaggle/working/processed/45f34301-2e36-4744-a1bf-579467815fd4_000000009218.png,1,1.0,1.0,1,1,FAULTY,FAULTY,True,0.17822265625
/kaggle/working/processed/4bf6bd30-f32e-49d9-8108-44245fe9aacf_000000025422.png,0,1.0,0.12475586,0,0,GOOD,GOOD,True,0.17822265625
/kaggle/working/processed/039910c7-0311-4415-b9a0-244a9abb63cb_000000006664.png,0,1.0,0.114746094,0,0,GOOD,GOOD,True,0.17822265625
/kaggle/working/processed/3a52f67b-e3ff-4d23-9861-e5ddafee038f_000000029048.png,1,1.0,0.9921875,1,1,FAULTY,FAULTY,True,0.17822265625
/kaggle/working/processed/90197b49-42cf-43e2-b144-5a554bbd2ef9_000000015929.png,1,1.0,0.96875,1,1,FAULTY,FAULTY,True,0.17822265625
/kaggle/working/processed/2122b976-02fc-43bd-8e30-6b6ba3fbde74_000000004526.png,1,1.0,0.86816406,1,1,FAULTY,FAULTY,True,0.17822265625
/kaggle/working/processed/a4308861-12cb-425d-856c-7546a21d796d_000000008503.png,1,1.0,0.26635742,1,1,FAULTY,FAULTY,True,0.17822265625
/kaggle/working/processed/19b305ed-b2cd-4705-bc7b-5bbdedb39598_000000014804.png,1,1.0,0.9995117,1,1,FAULTY,FAULTY,True,0.17822265625
/kaggle/working/processed/0124f8bb-3ff1-48b0-a285-3bb0c6b04539_000000028615.png,1,1.0,0.13830566,0,1,GOOD,FAULTY,False,0.17822265625
/kaggle/working/processed/e987ecab-683e-4247-be77-d93298aac020_000000028037.png,0,1.0,0.07879639,0,0,GOOD,GOOD,True,0.17822265625
/kaggle/working/processed/f5cfef2d-bcfb-4443-abd6-d7eb84cffa62_000000024470.png,0,1.0,0.14013672,0,0,GOOD,GOOD,True,0.17822265625
/kaggle/working/processed/34758980-9017-414f-8d31-01910e47f918_000000002589.png,1,1.0,1.0,1,1,FAULTY,FAULTY,True,0.17822265625
/kaggle/working/processed/74a1c7c5-1b06-4fb6-8161-e9d048896a84_000000024214.png,0,1.0,0.11920166,0,0,GOOD,GOOD,True,0.17822265625
/kaggle/working/processed/2a237c40-b1c5-4612-91a9-3d206eda8230_000000028472.png,0,1.0,0.15466309,0,0,GOOD,GOOD,True,0.17822265625
/kaggle/working/processed/fbd7b2b4-9262-4073-806e-030bb6722d94_000000008051.png,0,6.0,0.17370605,0,0,GOOD,GOOD,True,0.17822265625
/kaggle/working/processed/030be82c-4964-49d8-bdca-6ac9df9a04af_000000010601.png,0,1.0,0.123046875,0,0,GOOD,GOOD,True,0.17822265625
/kaggle/working/processed/74e19d66-09f9-4124-a642-492e4db00906_000000015080.png,0,1.0,0.044525146,0,0,GOOD,GOOD,True,0.17822265625
/kaggle/working/processed/889cdd76-8ff0-40d8-aa7b-a8b853f1c613_000000018069.png,1,1.0,0.90478516,1,1,FAULTY,FAULTY,True,0.17822265625
/kaggle/working/processed/109812cf-7d32-49e4-b130-56490b050490_000000016414.png,1,1.0,0.8803711,1,1,FAULTY,FAULTY,True,0.17822265625
/kaggle/working/processed/a9d99b82-a824-4d9f-8561-9191ec5667f6_000000005260.png,1,1.0,0.98779297,1,1,FAULTY,FAULTY,True,0.17822265625
/kaggle/working/processed/199e7837-7515-442e-9f50-82103660ec2c_000000009947.png,1,1.0,0.5239258,1,1,FAULTY,FAULTY,True,0.17822265625
/kaggle/working/processed/45df43b6-c42c-4e05-a3d9-a3f076a6916c_000000029596.png,0,1.0,0.12359619,0,0,GOOD,GOOD,True,0.17822265625
/kaggle/working/processed/15270af8-0b9b-4f71-a136-55a9620e9ed4_000000030651.png,1,1.0,1.0,1,1,FAULTY,FAULTY,True,0.17822265625
/kaggle/working/processed/f424438a-702e-46d8-ad45-b3fc7fd6d718_000000015665.png,0,1.0,0.028442383,0,0,GOOD,GOOD,True,0.17822265625
/kaggle/working/processed/821d03ef-cbe6-463e-9259-e49efe4e6676_000000005956.png,0,1.0,0.05834961,0,0,GOOD,GOOD,True,0.17822265625
/kaggle/working/processed/5ada14aa-508c-4252-a631-38d489dc3756_000000015463.png,1,1.0,1.0,1,1,FAULTY,FAULTY,True,0.17822265625
/kaggle/working/processed/44f3f341-0928-4c6f-bbe0-bc4d66ca2e35_000000002631.png,1,1.0,0.33496094,1,1,FAULTY,FAULTY,True,0.17822265625
/kaggle/working/processed/7c23f67f-17e7-423c-92c9-580153e6603b_000000009900.png,0,1.0,0.118774414,0,0,GOOD,GOOD,True,0.17822265625
/kaggle/working/processed/314b4ae4-dc94-4e29-b5f4-56323cef3a5c_000000027452.png,1,1.0,0.5883789,1,1,FAULTY,FAULTY,True,0.17822265625
/kaggle/working/processed/69cf3e75-af5b-4037-9616-b4e45063cb3d_000000008819.png,1,1.0,0.6386719,1,1,FAULTY,FAULTY,True,0.17822265625
/kaggle/working/processed/adec874f-2ed8-40c0-8822-be315df183a9_000000006034.png,1,1.0,0.8286133,1,1,FAULTY,FAULTY,True,0.17822265625
